Name,Symbol,Industry,SubIndustry,SandP,Dow,Country,Region
Agilent Technologies Inc.,A,Industrials,Electronic Equipment,YES,NO,United States,United States
Alcoa Inc.,AA,Basic Materials,Aluminum,YES,YES,United States,United States
Aaron's Inc.,AAN,Consumer Services,Specialized Consumer Services,NO,NO,United States,United States
Advance Auto Parts Inc.,AAP,Consumer Services,Specialty Retailers,NO,NO,United States,United States
American Assets Trust Inc.,AAT,Financials,undefined,NO,NO,United States,United States
Advantage Oil & Gas Ltd.,AAV,Oil and Gas,Exploration and Production,NO,NO,Canada,Canada
ABB Ltd.,ABB,Industrials,Industrial Machinery,NO,NO,Switzerland,Europe
AmerisourceBergen Corp.,ABC,Consumer Services,Drug Retailers,YES,NO,United States,United States
ACCO Brands Corp.,ABD,Consumer Goods,Durable Household Products,NO,NO,United States,United States
Asbury Automotive Group Inc.,ABG,Consumer Services,Specialty Retailers,NO,NO,United States,United States
AbitibiBowater Inc.,ABH,Basic Materials,undefined,NO,NO,Canada,Canada
ABM Industries Inc.,ABM,Industrials,Business Support Services,NO,NO,United States,United States
Arbor Realty Trust Inc.,ABR,Financials,Mortgage Real Estate Investment Trusts,NO,NO,United States,United States
Abbott Laboratories,ABT,Health Care,Pharmaceuticals,YES,NO,United States,United States
Companhia de Bebidas das Americas,ABV-C,Consumer Goods,undefined,NO,NO,Brazil,Latin America
AboveNet Inc.,ABVT,Telecommunications,Fixed Line Telecommunications,NO,NO,United States,United States
Barrick Gold Corp.,ABX,Basic Materials,Gold Mining,NO,NO,Canada,Canada
American Campus Communities Inc.,ACC,Financials,Residential Real Estate Investment Trusts,NO,NO,United States,United States
ACE Ltd.,ACE,Financials,Property and Casualty Insurance,NO,NO,United States,United States
Aluminum Corp. of China Ltd.,ACH,Basic Materials,Aluminum,NO,NO,China,Asia-Pacific
Arch Coal Inc.,ACI,Basic Materials,Coal,NO,NO,United States,United States
AECOM Technology Corp.,ACM,Industrials,Business Support Services,NO,NO,United States,United States
Accenture PLC Cl A,ACN,Industrials,Business Support Services,NO,NO,United States,United States
AMCOL International Corp.,ACO,Basic Materials,General Mining,NO,NO,United States,United States
Active Network Inc.,ACTV,Technology,undefined,NO,NO,United States,United States
Accuride Corp.,ACW,Industrials,undefined,NO,NO,United States,United States
Agree Realty Corp.,ADC,Financials,Retail Real Estate Investment Trusts,NO,NO,United States,United States
Analog Devices Inc.,ADI,Technology,Semiconductors,YES,NO,United States,United States
Archer Daniels Midland Co.,ADM,Consumer Goods,Food Products,YES,NO,United States,United States
Alliance Data Systems Corp.,ADS,Industrials,Financial Administration,NO,NO,United States,United States
American Dairy Inc.,ADY,Consumer Goods,Food Products,NO,NO,United States,United States
Advance America Cash Advance Centers Inc.,AEA,Financials,Consumer Finance,NO,NO,United States,United States
Associated Estates Realty Corp.,AEC,Financials,Residential Real Estate Investment Trusts,NO,NO,United States,United States
Ameren Corp.,AEE,Utilities,Multiutilities,YES,NO,United States,United States
Aegon N.V.,AEG,Financials,Life Insurance,NO,NO,Netherlands,Europe
American Equity Investment Life Holding Co.,AEL,Financials,Life Insurance,NO,NO,United States,United States
Agnico-Eagle Mines Ltd.,AEM,Basic Materials,Gold Mining,NO,NO,Canada,Canada
American Eagle Outfitters Inc.,AEO,Consumer Services,Apparel Retailers,NO,NO,United States,United States
American Electric Power Co. Inc.,AEP,Utilities,Conventional Electricity,YES,NO,United States,United States
AerCap Holdings N.V.,AER,Industrials,Transportation Services,NO,NO,Netherlands,Europe
AES Corp.,AES,Utilities,Conventional Electricity,YES,NO,United States,United States
Aetna Inc.,AET,Health Care,Health Care Providers,YES,NO,United States,United States
Astoria Financial Corp.,AF,Financials,Banks,NO,NO,United States,United States
American Financial Group Inc.,AFG,Financials,Property and Casualty Insurance,NO,NO,United States,United States
AFLAC Inc.,AFL,Financials,Life Insurance,YES,NO,United States,United States
First Majestic Silver Corp.,AG,Basic Materials,Silver,NO,NO,Canada,Canada
AGCO Corp.,AGCO,Industrials,Commerical Vehicles and Trucks,NO,NO,United States,United States
Federal Agricultural Mortgage Corp. Cl C,AGM,Financials,Mortgage Finance,NO,NO,United States,United States
Allergan Inc.,AGN,Health Care,Pharmaceuticals,YES,NO,United States,United States
Assured Guaranty Ltd.,AGO,Financials,Property and Casualty Insurance,NO,NO,United States,United States
AMERIGROUP Corp.,AGP,Health Care,Health Care Providers,NO,NO,United States,United States
Adecoagro S.A.,AGRO,Consumer Goods,undefined,NO,NO,United States,United States
Agrium Inc.,AGU,Basic Materials,Specialty Chemicals,NO,NO,Canada,Canada
Accretive Health Inc.,AH,Health Care,undefined,NO,NO,United States,United States
A. H. Belo Corp. Series A,AHC,Consumer Services,Publishing,NO,NO,United States,United States
Aspen Insurance Holdings Ltd.,AHL,Financials,Reinsurance,NO,NO,United States,United States
AMN Healthcare Services Inc.,AHS,Industrials,Business Training and Employment Agencies,NO,NO,United States,United States
Ashford Hospitality Trust Inc.,AHT,Financials,Hotel and Lodging Real Estate Investment Trusts,NO,NO,United States,United States
Arlington Asset Investment Corp. Cl A,AI,Financials,Mortgage Real Estate Investment Trusts,NO,NO,United States,United States
American International Group Inc.,AIG,Financials,Full Line Insurance,YES,NO,United States,United States
Albany International Corp. Cl A,AIN,Industrials,Industrial Machinery,NO,NO,United States,United States
Alliance HealthCare Services Inc.,AIQ,Health Care,Health Care Providers,NO,NO,United States,United States
AAR Corp.,AIR,Industrials,Aerospace,NO,NO,United States,United States
Applied Industrial Technologies Inc.,AIT,Industrials,Industrial Suppliers,NO,NO,United States,United States
Apartment Investment & Management Co.,AIV,Financials,Residential Real Estate Investment Trusts,YES,NO,United States,United States
Assurant Inc.,AIZ,Financials,Life Insurance,YES,NO,United States,United States
Arthur J. Gallagher & Co.,AJG,Financials,Property and Casualty Insurance,NO,NO,United States,United States
Embotelladora Andina S.A. (Series A),AKO-A,Consumer Goods,Soft Drinks,NO,NO,Chile,Latin America
Embotelladora Andina S.A. (Series B),AKO-B,Consumer Goods,Soft Drinks,NO,NO,Chile,Latin America
Acadia Realty Trust,AKR,Financials,Retail Real Estate Investment Trusts,NO,NO,United States,United States
AK Steel Holding Corp.,AKS,Basic Materials,Iron and Steel,YES,NO,United States,United States
Air Lease Corp.,AL,Industrials,undefined,NO,NO,United States,United States
Albemarle Corp.,ALB,Basic Materials,Specialty Chemicals,NO,NO,United States,United States
Assisted Living Concepts Inc. Cl A,ALC,Health Care,Health Care Providers,NO,NO,United States,United States
Allete Inc.,ALE,Utilities,Conventional Electricity,NO,NO,United States,United States
Alexander & Baldwin Inc.,ALEX,Industrials,Marine Transportation,NO,NO,United States,United States
Alamo Group Inc.,ALG,Industrials,Commerical Vehicles and Trucks,NO,NO,United States,United States
Alon USA Energy Inc.,ALJ,Oil and Gas,Exploration and Production,NO,NO,United States,United States
Alaska Air Group Inc.,ALK,Consumer Services,Airlines,NO,NO,United States,United States
Allstate Corp.,ALL,Financials,Property and Casualty Insurance,YES,NO,United States,United States
Alere Inc.,ALR,Health Care,undefined,NO,NO,United States,United States
Alcatel-Lucent,ALU,Technology,Telecommunications Equipment,NO,NO,France,Europe
Autoliv Inc.,ALV,Consumer Goods,Auto Parts,NO,NO,Sweden,Europe
Alexander's Inc.,ALX,Financials,Retail Real Estate Investment Trusts,NO,NO,United States,United States
American Greetings Corp. Cl A,AM,Consumer Services,Publishing,NO,NO,United States,United States
Ambow Education Holding Ltd.,AMBO,Industrials,undefined,NO,NO,China,Asia-Pacific
Advanced Micro Devices Inc.,AMD,Technology,Semiconductors,YES,NO,United States,United States
Ametek Inc.,AME,Industrials,Electronic Equipment,NO,NO,United States,United States
Affiliated Managers Group Inc.,AMG,Financials,Asset Managers,NO,NO,United States,United States
Ameriprise Financial Inc.,AMP,Financials,Investment Services,YES,NO,United States,United States
AMR Corp.,AMR,Consumer Services,Airlines,NO,NO,United States,United States
Ameresco Inc. Cl A,AMRC,Industrials,undefined,NO,NO,United States,United States
American Tower Corp. Cl A,AMT,Technology,Telecommunications Equipment,YES,NO,United States,United States
Apollo Residential Mortgage Inc.,AMTG,Financials,undefined,NO,NO,United States,United States
America Movil S.A.B. de C.V.,AMX,Telecommunications,Mobile Telecommunications,NO,NO,Mexico,Latin America
AutoNation Inc.,AN,Consumer Services,Specialty Retailers,YES,NO,United States,United States
Abercrombie & Fitch Co.,ANF,Consumer Services,Apparel Retailers,YES,NO,United States,United States
Anworth Mortgage Asset Corp.,ANH,Financials,Mortgage Real Estate Investment Trusts,NO,NO,United States,United States
Ann Taylor Stores Corp.,ANN,Consumer Services,Apparel Retailers,NO,NO,United States,United States
Alpha Natural Resources Inc.,ANR,Basic Materials,Coal,NO,NO,United States,United States
Aegean Marine Petroleum Network Inc.,ANW,Industrials,Marine Transportation,NO,NO,Greece,Europe
American Oriental Bioengineering Inc.,AOB,Consumer Goods,Food Products,NO,NO,China,Asia-Pacific
Alliance One International Inc.,AOI,Consumer Goods,Tobacco,NO,NO,United States,United States
AOL Inc.,AOL,Technology,Technology,NO,NO,United States,United States
AON Corp.,AON,Financials,Insurance,NO,NO,United States,United States
A.O. Smith Corp.,AOS,Industrials,Building Materials and Fixtures,NO,NO,United States,United States
Ampco-Pittsburgh Corp.,AP,Basic Materials,Iron and Steel,NO,NO,United States,United States
Apache Corp.,APA,Oil and Gas,Exploration and Production,YES,NO,United States,United States
Anadarko Petroleum Corp.,APC,Oil and Gas,Exploration and Production,YES,NO,United States,United States
Air Products & Chemicals Inc.,APD,Basic Materials,Commodity Chemicals,YES,NO,United States,United States
Amphenol Corp. Cl A,APH,Industrials,Electrical Components and Equipment,YES,NO,United States,United States
Arbitron Inc.,ARB,Consumer Services,Media Agencies,NO,NO,United States,United States
American Reprographics Co.,ARC,Industrials,undefined,NO,NO,United States,United States
Arcos Dorados Holdings Inc. Cl A,ARCO,Consumer Services,undefined,NO,NO,United States,United States
Alexandria Real Estate Equities Inc.,ARE,Financials,Industrial and Office Real Estate Investment Trusts,NO,NO,United States,United States
Airgas Inc.,ARG,Basic Materials,Commodity Chemicals,YES,NO,United States,United States
Apollo Commercial Real Estate Finance Inc.,ARI,Financials,Mortgage Real Estate Investment Trusts,NO,NO,United States,United States
American Realty Investors Inc.,ARL,Financials,Real Estate Holding and Development,NO,NO,United States,United States
Aeropostale Inc.,ARO,Consumer Services,Apparel Retailers,NO,NO,United States,United States
Armour Residential REIT Inc.,ARR,Financials,undefined,NO,NO,United States,United States
Artio Global Investors Inc. Cl A,ART,Financials,Asset Managers,NO,NO,United States,United States
Arrow Electronics Inc.,ARW,Industrials,Electrical Components and Equipment,NO,NO,United States,United States
Aeroflex Holding Corp.,ARX,Industrials,undefined,NO,NO,United States,United States
Ashland Inc.,ASH,Basic Materials,Specialty Chemicals,NO,NO,United States,United States
American Safety Insurance Holdings Ltd.,ASI,Financials,Property and Casualty Insurance,NO,NO,United States,United States
Grupo Aeroportuario del Sureste S.A.B. de C.V,ASR,Industrials,Transportation Services,NO,NO,Mexico,Latin America
Advanced Semiconductor Engineering Inc.,ASX,Technology,Semiconductors,NO,NO,Taiwan,Asia-Pacific
Atlantic Power Corp.,AT,Utilities,Electric Utilities,NO,NO,Canada,Canada
Advantest Corp.,ATE,Technology,Semiconductors,NO,NO,Japan,Asia-Pacific
Allegheny Technologies Inc.,ATI,Basic Materials,Iron and Steel,YES,NO,United States,United States
Alliant Techsystems Inc.,ATK,Industrials,Defense,NO,NO,United States,United States
Atmos Energy Corp.,ATO,Utilities,Gas Distribution,NO,NO,United States,United States
Aptargroup Inc.,ATR,Industrials,Containers and Packaging,NO,NO,United States,United States
Actuant Corp. Cl A,ATU,Industrials,Diversified Industrials,NO,NO,United States,United States
Acorn International Inc.,ATV,Consumer Services,Broadline Retailers,NO,NO,China,Asia-Pacific
Atwood Oceanics Inc.,ATW,Oil and Gas,Oil Equipment and Services,NO,NO,United States,United States
AngloGold Ashanti Ltd.,AU,Basic Materials,Gold Mining,NO,NO,South Africa,MidEast-Africa
AU Optronics Corp.,AUO,Technology,Computer Hardware,NO,NO,Taiwan,Asia-Pacific
AuRico Gold Inc.,AUQ,Basic Materials,undefined,NO,NO,Canada,Canada
Yamana Gold Inc.,AUY,Basic Materials,Gold Mining,NO,NO,Canada,Canada
Aviva PLC (ADS),AV,Financials,Life Insurance,NO,NO,United Kingdom,Europe
Avista Corp.,AVA,Utilities,Multiutilities,NO,NO,United States,United States
Avalonbay Communities Inc.,AVB,Financials,Residential Real Estate Investment Trusts,YES,NO,United States,United States
American Vanguard Corp.,AVD,Basic Materials,Specialty Chemicals,NO,NO,United States,United States
Avon Products Inc.,AVP,Consumer Goods,Personal Products,YES,NO,United States,United States
Avnet Inc.,AVT,Industrials,Electrical Components and Equipment,NO,NO,United States,United States
AVX Corp.,AVX,Industrials,Electrical Components and Equipment,NO,NO,United States,United States
Avery Dennison Corp.,AVY,Basic Materials,Specialty Chemicals,YES,NO,United States,United States
Alumina Ltd.,AWC,Basic Materials,Aluminum,NO,NO,Australia,Asia-Pacific
Allied World Assurance Co. Holdings Ltd.,AWH,Financials,Property and Casualty Insurance,NO,NO,United States,United States
Armstrong World Industries Inc.,AWI,Industrials,Building Materials and Fixtures,NO,NO,United States,United States
American Water Works Co.,AWK,Utilities,Water,NO,NO,United States,United States
American States Water Co.,AWR,Utilities,Water,NO,NO,United States,United States
Anixter International Inc.,AXE,Industrials,Electrical Components and Equipment,NO,NO,United States,United States
American Axle & Manufacturing Holdings Inc.,AXL,Consumer Goods,Auto Parts,NO,NO,United States,United States
American Express Co.,AXP,Financials,Consumer Finance,YES,YES,United States,United States
Amrep Corp.,AXR,Industrials,Business Support Services,NO,NO,United States,United States
Axis Capital Holdings Ltd.,AXS,Financials,Property and Casualty Insurance,NO,NO,United States,United States
Acuity Brands Inc.,AYI,Industrials,Building Materials and Fixtures,NO,NO,United States,United States
Aircastle Ltd.,AYR,Industrials,Transportation Services,NO,NO,United States,United States
AstraZeneca PLC,AZN,Health Care,Pharmaceuticals,NO,NO,United Kingdom,Europe
AutoZone Inc.,AZO,Consumer Services,Specialty Retailers,YES,NO,United States,United States
AZZ Inc.,AZZ,Industrials,Electrical Components and Equipment,NO,NO,United States,United States
Barnes Group Inc.,B,Industrials,Industrial Suppliers,NO,NO,United States,United States
Boeing Co.,BA,Industrials,Aerospace,YES,YES,United States,United States
Bank of America Corp.,BAC,Financials,Banks,YES,YES,United States,United States
Booz Allen & Hamilton Inc.,BAH,Industrials,undefined,NO,NO,United States,United States
Baltic Trading Ltd.,BALT,Industrials,undefined,NO,NO,United States,United States
Brookfield Asset Management Inc. Cl A,BAM,Financials,Real Estate Holding and Development,NO,NO,Canada,Canada
Credicorp Ltd.,BAP,Financials,Banks,NO,NO,Peru,Latin America
Basic Energy Services Inc.,BAS,Oil and Gas,Oil Equipment and Services,NO,NO,United States,United States
Baxter International Inc.,BAX,Health Care,Medical Supplies,YES,NO,United States,United States
Bill Barrett Corp.,BBG,Oil and Gas,Exploration and Production,NO,NO,United States,United States
BHP Billiton PLC,BBL,Basic Materials,General Mining,NO,NO,United Kingdom,Europe
BB&T Corp.,BBT,Financials,Banks,YES,NO,United States,United States
Banco Bilbao Vizcaya Argentaria S.A.,BBVA,Financials,Banks,NO,NO,Spain,Europe
Build-A-Bear Workshop Inc.,BBW,Consumer Services,Specialty Retailers,NO,NO,United States,United States
BankAtlantic Bancorp Inc. Cl A,BBX,Financials,Banks,NO,NO,United States,United States
Best Buy Co. Inc.,BBY,Consumer Services,Specialty Retailers,YES,NO,United States,United States
Brunswick Corp.,BC,Consumer Goods,Recreational Products,NO,NO,United States,United States
CorpBanca S.A.,BCA,Financials,Banks,NO,NO,Chile,Latin America
BCE Inc.,BCE,Telecommunications,Fixed Line Telecommunications,NO,NO,Canada,Canada
Bonanza Creek Energy Inc.,BCEI,Oil and Gas,undefined,NO,NO,United States,United States
Banco de Chile,BCH,Financials,Banks,NO,NO,Chile,Latin America
Brink's Co.,BCO,Industrials,Business Support Services,NO,NO,United States,United States
C.R. Bard Inc.,BCR,Health Care,Medical Supplies,NO,NO,United States,United States
Barclays PLC,BCS,Financials,Banks,NO,NO,United Kingdom,Europe
Belden Inc.,BDC,Industrials,Electrical Components and Equipment,NO,NO,United States,United States
Brandywine Realty Trust,BDN,Financials,Industrial and Office Real Estate Investment Trusts,NO,NO,United States,United States
Becton Dickinson & Co.,BDX,Health Care,Medical Supplies,NO,NO,United States,United States
Beam Inc.,BEAM,Consumer Goods,undefined,NO,NO,United States,United States
Strategic Hotels & Resorts Inc.,BEE,Financials,Hotel and Lodging Real Estate Investment Trusts,NO,NO,United States,United States
Franklin Resources Inc.,BEN,Financials,Asset Managers,YES,NO,United States,United States
Brown-Forman Corp. Cl A,BF-A,Consumer Goods,Distillers and Vintners,NO,NO,United States,United States
Brown-Forman Corp. Cl B,BF-B,Consumer Goods,Distillers and Vintners,NO,NO,United States,United States
BBVA Banco Frances S.A.,BFR,Financials,Banks,NO,NO,Argentina,Latin America
Saul Centers Inc.,BFS,Financials,Retail Real Estate Investment Trusts,NO,NO,United States,United States
Bunge Ltd.,BG,Consumer Goods,Food Products,NO,NO,United States,United States
General Cable Corp.,BGC,Industrials,Electrical Components and Equipment,NO,NO,United States,United States
Briggs & Stratton Corp.,BGG,Consumer Goods,Durable Household Products,NO,NO,United States,United States
B&G Foods Inc. Cl A,BGS,Consumer Goods,Food Products,NO,NO,United States,United States
Biglari Holdings Inc.,BH,Consumer Services,undefined,NO,NO,United States,United States
Benchmark Electronics Inc.,BHE,Industrials,Electrical Components and Equipment,NO,NO,United States,United States
Baker Hughes Inc.,BHI,Oil and Gas,Oil Equipment and Services,YES,NO,United States,United States
BHP Billiton Ltd.,BHP,Basic Materials,General Mining,NO,NO,Australia,Asia-Pacific
Sotheby's,BID,Consumer Services,Specialized Consumer Services,NO,NO,United States,United States
Big Lots Inc.,BIG,Consumer Services,Broadline Retailers,YES,NO,United States,United States
IESI-BFC Ltd.,BIN,Industrials,Waste and Disposal Services,NO,NO,Canada,Canada
Bio-Rad Laboratories Inc.,BIO,Health Care,Medical Equipment,NO,NO,United States,United States
Bio-Rad Laboratories Inc. Cl B,BIO-B,Health Care,undefined,NO,NO,United States,United States
Bitauto Holdings Ltd.,BITA,Consumer Services,undefined,NO,NO,United States,United States
Bank of New York Mellon Corp.,BK,Financials,Asset Managers,YES,NO,United States,United States
Brookdale Senior Living Inc.,BKD,Health Care,Health Care Providers,NO,NO,United States,United States
Buckle Inc.,BKE,Consumer Services,Apparel Retailers,NO,NO,United States,United States
Black Hills Corp.,BKH,Utilities,Conventional Electricity,NO,NO,United States,United States
Buckeye Technologies Inc.,BKI,Basic Materials,Paper,NO,NO,United States,United States
Barnes & Noble Inc.,BKS,Consumer Services,Specialty Retailers,NO,NO,United States,United States
BankUnited Inc.,BKU,Financials,undefined,NO,NO,United States,United States
Belo Corp. Series A,BLC,Consumer Services,Broadcasting and Entertainment,NO,NO,United States,United States
BlackRock Inc.,BLK,Financials,Asset Managers,NO,NO,United States,United States
Ball Corp.,BLL,Industrials,Containers and Packaging,YES,NO,United States,United States
Blount International Inc.,BLT,Consumer Goods,Durable Household Products,NO,NO,United States,United States
Banco Latinoamericano de Comercio Exterior S.,BLX,Financials,Banks,NO,NO,Panama,Latin America
Banco Macro S.A.,BMA,Financials,Banks,NO,NO,Argentina,Latin America
Badger Meter Inc.,BMI,Industrials,Electronic Equipment,NO,NO,United States,United States
Bank of Montreal,BMO,Financials,Banks,NO,NO,Canada,Canada
BioMed Realty Trust Inc.,BMR,Financials,Specialty Real Estate Investment Trusts,NO,NO,United States,United States
Bemis Co. Inc.,BMS,Industrials,Containers and Packaging,YES,NO,United States,United States
Bristol-Myers Squibb Co.,BMY,Health Care,Pharmaceuticals,YES,NO,United States,United States
Bank of Nova Scotia,BNS,Financials,Banks,NO,NO,Canada,Canada
Bank of Hawaii Corp.,BOH,Financials,Banks,NO,NO,United States,United States
China New Borun Corp.,BORN,Consumer Goods,undefined,NO,NO,China,Asia-Pacific
SeaCube Container Leasing Ltd.,BOX,Industrials,undefined,NO,NO,United States,United States
BP PLC,BP,Oil and Gas,Integrated Oil and Gas,NO,NO,United Kingdom,Europe
Bridgepoint Education Inc.,BPI,Consumer Services,Specialized Consumer Services,NO,NO,United States,United States
Brookfield Properties Corp.,BPO,Financials,Real Estate Holding and Development,NO,NO,Canada,Canada
BPZ Resources Inc.,BPZ,Oil and Gas,Exploration and Production,NO,NO,United States,United States
Broadridge Financial Solutions Inc.,BR,Industrials,Financial Administration,NO,NO,United States,United States
Brady Corp. Cl A,BRC,Industrials,Electronic Equipment,NO,NO,United States,United States
BRE Properties Inc.,BRE,Financials,Residential Real Estate Investment Trusts,NO,NO,United States,United States
BRF-Brazil Foods S-A,BRFS,Consumer Goods,undefined,NO,NO,Brazil,Latin America
Berkshire Hathaway Inc. Cl A,BRK-A,Financials,Reinsurance,NO,NO,United States,United States
Berkshire Hathaway Inc. Cl B,BRK-B,Financials,Reinsurance,NO,NO,United States,United States
Brown & Brown Inc.,BRO,Financials,Property and Casualty Insurance,NO,NO,United States,United States
Brookfield Residential Properties Inc.,BRP,Consumer Goods,undefined,NO,NO,United States,United States
Bristow Group Inc.,BRS,Oil and Gas,Oil Equipment and Services,NO,NO,United States,United States
BRT Realty Trust,BRT,Financials,Mortgage Real Estate Investment Trusts,NO,NO,United States,United States
Berry Petroleum Co. Cl A,BRY,Oil and Gas,Exploration and Production,NO,NO,United States,United States
Blue Square-Israel Ltd.,BSI,Consumer Services,Food Retailers and Wholesalers,NO,NO,Israel,MidEast-Africa
Boston Scientific Corp.,BSX,Health Care,Medical Equipment,YES,NO,United States,United States
BT Group PLC,BT,Telecommunications,Fixed Line Telecommunications,NO,NO,United Kingdom,Europe
Baytex Energy Trust Un,BTE,Oil and Gas,Exploration and Production,NO,NO,Canada,Canada
BLYTH Inc.,BTH,Consumer Goods,Nondurable Household Products,NO,NO,United States,United States
Brasil Telecom S-A,BTM-C,Telecommunications,undefined,NO,NO,Brazil,Latin America
Peabody Energy Corp.,BTU,Basic Materials,Coal,YES,NO,United States,United States
Anheuser-Busch Inbev,BUD,Consumer Goods,Brewers,NO,NO,Belgium,Europe
Compania de Minas Buenaventura S.A.,BVN,Basic Materials,Gold Mining,NO,NO,Peru,Latin America
BorgWarner Inc.,BWA,Consumer Goods,Auto Parts,NO,NO,United States,United States
Babcock & Wilcox Co.,BWC,Industrials,undefined,NO,NO,United States,United States
Brown Shoe Co. Inc.,BWS,Consumer Services,Apparel Retailers,NO,NO,United States,United States
BlueLinx Holdings Inc.,BXC,Industrials,Building Materials and Fixtures,NO,NO,United States,United States
Bluegreen Corp.,BXG,Consumer Services,Hotels,NO,NO,United States,United States
Boston Properties Inc.,BXP,Financials,Industrial and Office Real Estate Investment Trusts,YES,NO,United States,United States
BancorpSouth Inc.,BXS,Financials,Banks,NO,NO,United States,United States
Boyd Gaming Corp.,BYD,Consumer Services,Gambling,NO,NO,United States,United States
Bally Technologies Inc.,BYI,Consumer Services,Gambling,NO,NO,United States,United States
Boise Inc.,BZ,Basic Materials,Paper,NO,NO,United States,United States
Beazer Homes USA Inc.,BZH,Consumer Goods,Home Construction,NO,NO,United States,United States
Citigroup Inc.,C,Financials,Banks,YES,NO,United States,United States
Cabela's Inc.,CAB,Consumer Services,Specialty Retailers,NO,NO,United States,United States
CACI International Inc. Cl A,CACI,Technology,Computer Services,NO,NO,United States,United States
CAE Inc.,CAE,Industrials,Aerospace,NO,NO,Canada,Canada
ConAgra Foods Inc.,CAG,Consumer Goods,Food Products,YES,NO,United States,United States
Cardinal Health Inc.,CAH,Consumer Services,Drug Retailers,YES,NO,United States,United States
Canon Inc.,CAJ,Technology,Electronic Office Equipment,NO,NO,Japan,Asia-Pacific
Calix Inc.,CALX,Technology,undefined,NO,NO,United States,United States
Cameron International Corp.,CAM,Oil and Gas,Oil Equipment and Services,YES,NO,United States,United States
CAI International Inc.,CAP,Industrials,Containers and Packaging,NO,NO,United States,United States
A.M. Castle & Co.,CAS,Industrials,Industrial Suppliers,NO,NO,United States,United States
Cascade Corp.,CASC,Industrials,Commerical Vehicles and Trucks,NO,NO,Canada,Canada
Caterpillar Inc.,CAT,Industrials,Commerical Vehicles and Trucks,YES,YES,United States,United States
Cato Corp. Cl A,CATO,Consumer Services,Apparel Retailers,NO,NO,United States,United States
Chubb Corp.,CB,Financials,Property and Casualty Insurance,YES,NO,United States,United States
Cincinnati Bell Inc.,CBB,Telecommunications,Fixed Line Telecommunications,NO,NO,United States,United States
Cooper Industries PLC Cl A,CBE,Industrials,Electrical Components and Equipment,NO,NO,United States,United States
CB Richard Ellis Group Inc. Cl A,CBG,Financials,Real Estate Services,YES,NO,United States,United States
Chicago Bridge & Iron Co. N.V.,CBI,Industrials,Heavy Construction,NO,NO,Netherlands,Europe
Christopher & Banks Corp.,CBK,Consumer Services,Apparel Retailers,NO,NO,United States,United States
CBL & Associates Properties Inc.,CBL,Financials,Retail Real Estate Investment Trusts,NO,NO,United States,United States
Cambrex Corp.,CBM,Basic Materials,Specialty Chemicals,NO,NO,United States,United States
Ciber Inc.,CBR,Technology,Computer Services,NO,NO,United States,United States
CBS Corp. Cl B,CBS,Consumer Services,Broadcasting and Entertainment,YES,NO,United States,United States
CBS Corp. Cl A,CBS-A,Consumer Services,undefined,NO,NO,United States,United States
Cabot Corp.,CBT,Basic Materials,Specialty Chemicals,NO,NO,United States,United States
Community Bank System Inc.,CBU,Financials,Banks,NO,NO,United States,United States
CBIZ Inc,CBZ,Industrials,Financial Administration,NO,NO,United States,United States
Calgon Carbon Corp.,CCC,Basic Materials,Specialty Chemicals,NO,NO,United States,United States
Coca-Cola Enterprises Inc.,CCE,Consumer Goods,Soft Drinks,YES,NO,United States,United States
Campus Crest Communities Inc.,CCG,Financials,undefined,NO,NO,United States,United States
Coca-Cola Hellenic Bottling Co. S.A.,CCH,Consumer Goods,Soft Drinks,NO,NO,Greece,Europe
Crown Castle International Corp.,CCI,Technology,Telecommunications Equipment,NO,NO,United States,United States
Cameco Corp.,CCJ,Basic Materials,Nonferrous Metals,NO,NO,Canada,Canada
Crown Holdings Inc.,CCK,Industrials,Containers and Packaging,NO,NO,United States,United States
Carnival Corp.,CCL,Consumer Services,Recreational Services,YES,NO,United States,United States
Concord Medical Services Holdings Ltd.,CCM,Health Care,Health Care,NO,NO,China,Asia-Pacific
Clear Channel Outdoor Holdings Inc.,CCO,Consumer Services,Media Agencies,NO,NO,United States,United States
Country Style Cooking Restaurant Chain Co. Ltd.,CCSC,Consumer Services,undefined,NO,NO,China,Asia-Pacific
Compania Cervecerias Unidas S.A.,CCU,Consumer Goods,Brewers,NO,NO,Chile,Latin America
Coeur d'Alene Mines Corp.,CDE,Basic Materials,Gold Mining,NO,NO,United States,United States
CDI Corp.,CDI,Industrials,Business Training and Employment Agencies,NO,NO,United States,United States
Cedar Shopping Centers Inc.,CDR,Financials,Retail Real Estate Investment Trusts,NO,NO,United States,United States
Celanese Corp. Series A,CE,Basic Materials,Commodity Chemicals,NO,NO,United States,United States
China Eastern Airlines Corp. Ltd.,CEA,Consumer Services,Airlines,NO,NO,China,Asia-Pacific
CEC Entertainment Inc.,CEC,Consumer Services,Restaurants and Bars,NO,NO,United States,United States
Constellation Energy Group Inc.,CEG,Utilities,Conventional Electricity,YES,NO,United States,United States
Cellcom Israel Ltd.,CEL,Telecommunications,Mobile Telecommunications,NO,NO,United States,United States
CNOOC Ltd.,CEO,Oil and Gas,Exploration and Production,NO,NO,China,Asia-Pacific
CF Industries Holdings Inc.,CF,Basic Materials,Specialty Chemicals,YES,NO,United States,United States
Culp Inc.,CFI,Consumer Goods,Clothing and Accessories,NO,NO,United States,United States
CareFusion Corp.,CFN,Health Care,Medical Equipment,YES,NO,United States,United States
Cullen-Frost Bankers Inc.,CFR,Financials,Banks,NO,NO,United States,United States
Colfax Corp.,CFX,Industrials,Diversified Industrials,NO,NO,United States,United States
China Green Agriculture Inc.,CGA,Basic Materials,Chemicals,NO,NO,China,Asia-Pacific
Celadon Group Inc.,CGI,Industrials,Trucking,NO,NO,United States,United States
CGG Veritas,CGV,Oil and Gas,Oil Equipment and Services,NO,NO,France,Europe
Consolidated Graphics Inc.,CGX,Industrials,Business Support Services,NO,NO,United States,United States
China Telecom Corp. Ltd.,CHA,Telecommunications,Fixed Line Telecommunications,NO,NO,China,Asia-Pacific
China Hydroelectric Corporation,CHC,Financials,Diversified Investments,NO,NO,China,Asia-Pacific
Church & Dwight Co.,CHD,Consumer Goods,Nondurable Household Products,NO,NO,United States,United States
Chemed Corp.,CHE,Consumer Services,Specialized Consumer Services,NO,NO,United States,United States
CH Energy Group Inc. (Holding Co.),CHG,Utilities,Conventional Electricity,NO,NO,United States,United States
Choice Hotels International Inc.,CHH,Consumer Services,Hotels,NO,NO,United States,United States
Chesapeake Energy Corp.,CHK,Oil and Gas,Exploration and Production,YES,NO,United States,United States
China Mobile Ltd.,CHL,Telecommunications,Mobile Telecommunications,NO,NO,China,Asia-Pacific
Chemtura Corp.,CHMT,Basic Materials,undefined,NO,NO,United States,United States
Chico's Fas Inc.,CHS,Consumer Services,Apparel Retailers,NO,NO,United States,United States
Chesapeake Lodging Trust,CHSP,Financials,Real Estate,NO,NO,United States,United States
Chunghwa Telecom Co. Ltd.,CHT,Telecommunications,undefined,NO,NO,Taiwan,Asia-Pacific
China Unicom (Hong Kong) Ltd.,CHU,Telecommunications,Mobile Telecommunications,NO,NO,China,Asia-Pacific
CIGNA Corp.,CI,Health Care,Health Care Providers,YES,NO,United States,United States
Citizens Inc. Cl A,CIA,Financials,Life Insurance,NO,NO,United States,United States
Cobalt International Energy Inc.,CIE,Oil and Gas,Oil and Gas,NO,NO,United States,United States
Companhia Energetica de Minas Gerais-Cemig,CIG-C,Utilities,undefined,NO,NO,Brazil,Latin America
Chimera Investment Corp.,CIM,Financials,Mortgage Real Estate Investment Trusts,NO,NO,United States,United States
Circor International Inc.,CIR,Industrials,undefined,NO,NO,United States,United States
Camelot Information Systems Inc.,CIS,Technology,undefined,NO,NO,China,Asia-Pacific
CIT Group Inc.,CIT,Financials,Credit Services,NO,NO,United States,United States
C&J Energy Services Inc.,CJES,Oil and Gas,undefined,NO,NO,United States,United States
SEACOR Holding Inc.,CKH,Oil and Gas,Oil Equipment and Services,NO,NO,United States,United States
Checkpoint Systems Inc.,CKP,Industrials,Electronic Equipment,NO,NO,United States,United States
Colgate-Palmolive Co.,CL,Consumer Goods,Personal Products,YES,NO,United States,United States
Core Laboratories N.V.,CLB,Oil and Gas,Oil Equipment and Services,NO,NO,United States,United States
Clarcor Inc.,CLC,Industrials,Industrial Machinery,NO,NO,United States,United States
Cloud Peak Energy Inc.,CLD,Basic Materials,Coal,NO,NO,United States,United States
Chatham Lodging Trust,CLDT,Financials,undefined,NO,NO,United States,United States
Cliffs Natural Resources Inc.,CLF,Basic Materials,Iron and Steel,NO,NO,United States,United States
CoreLogic Inc.,CLGX,Industrials,undefined,NO,NO,United States,United States
Clean Harbors Inc.,CLH,Industrials,Waste and Disposal Services,NO,NO,United States,United States
Mack-Cali Realty Corp.,CLI,Financials,Industrial and Office Real Estate Investment Trusts,NO,NO,United States,United States
Colony Financial Inc.,CLNY,Financials,Mortgage Real Estate Investment Trusts,NO,NO,United States,United States
Colonial Properties Trust,CLP,Financials,Diversified Real Estate Investment Trusts,NO,NO,United States,United States
Continental Resources Inc.,CLR,Oil and Gas,Exploration and Production,NO,NO,United States,United States
Celestica Inc.,CLS,Industrials,Electrical Components and Equipment,NO,NO,Canada,Canada
Clearwater Paper Corp.,CLW,Basic Materials,Paper,NO,NO,United States,United States
Clorox Co.,CLX,Consumer Goods,Nondurable Household Products,YES,NO,United States,United States
Canadian Imperial Bank of Commerce,CM,Financials,Banks,NO,NO,Canada,Canada
Comerica Inc.,CMA,Financials,Banks,YES,NO,United States,United States
Commercial Metals Co.,CMC,Basic Materials,Iron and Steel,NO,NO,United States,United States
Chipotle Mexican Grill Inc. Cl A,CMG,Consumer Services,Restaurants and Bars,NO,NO,United States,United States
Cummins Inc.,CMI,Industrials,Commerical Vehicles and Trucks,YES,NO,United States,United States
China Mass Media Corp.,CMM,Consumer Services,Media Agencies,NO,NO,China,Asia-Pacific
Cantel Medical Corp.,CMN,Health Care,Medical Equipment,NO,NO,United States,United States
Capstead Mortgage Corp.,CMO,Financials,Mortgage Real Estate Investment Trusts,NO,NO,United States,United States
Compass Minerals International Inc.,CMP,Basic Materials,General Mining,NO,NO,United States,United States
Costamare Inc.,CMRE,Industrials,undefined,NO,NO,United States,United States
CMS Energy Corp.,CMS,Utilities,Conventional Electricity,YES,NO,United States,United States
CNA Financial Corp.,CNA,Financials,Full Line Insurance,NO,NO,United States,United States
Centene Corp.,CNC,Health Care,Health Care Providers,NO,NO,United States,United States
CNH Global N.V.,CNH,Industrials,Commerical Vehicles and Trucks,NO,NO,Netherlands,Europe
Canadian National Railway Co.,CNI,Industrials,Railroads,NO,NO,Canada,Canada
Cinemark Holdings Inc.,CNK,Consumer Services,Recreational Services,NO,NO,United States,United States
Cleco Corp.,CNL,Utilities,Conventional Electricity,NO,NO,United States,United States
Conseco Inc.,CNO,Financials,Life Insurance,NO,NO,United States,United States
CenterPoint Energy Inc.,CNP,Utilities,Multiutilities,YES,NO,United States,United States
Canadian Natural Resources Ltd.,CNQ,Oil and Gas,Exploration and Production,NO,NO,Canada,Canada
Cohen & Steers Inc.,CNS,Financials,Asset Managers,NO,NO,United States,United States
Con-way Inc.,CNW,Industrials,Trucking,NO,NO,United States,United States
Consol Energy Inc.,CNX,Basic Materials,Coal,YES,NO,United States,United States
China Cord Blood Corp.,CO,Health Care,Health Care Providers,NO,NO,United States,United States
Spansion Inc. Cl A,CODE,Technology,undefined,NO,NO,United States,United States
Capital One Financial Corp.,COF,Financials,Consumer Finance,YES,NO,United States,United States
Cabot Oil & Gas Corp.,COG,Oil and Gas,Exploration and Production,YES,NO,United States,United States
Coach Inc.,COH,Consumer Goods,Clothing and Accessories,YES,NO,United States,United States
Rockwell Collins Inc.,COL,Industrials,Aerospace,YES,NO,United States,United States
Cooper Cos.,COO,Health Care,Medical Supplies,NO,NO,United States,United States
ConocoPhillips,COP,Oil and Gas,Integrated Oil and Gas,YES,NO,United States,United States
CoreSite Realty Corp.,COR,Financials,undefined,NO,NO,United States,United States
Cott Corp.,COT,Consumer Goods,Soft Drinks,NO,NO,Canada,Canada
Covidien PLC,COV,Health Care,Medical Equipment,NO,NO,United States,United States
Canadian Pacific Railway Ltd.,CP,Industrials,Railroads,NO,NO,Canada,Canada
Copa Holdings S.A. Cl A,CPA,Consumer Services,Airlines,NO,NO,Panama,Latin America
Campbell Soup Co.,CPB,Consumer Goods,Food Products,YES,NO,United States,United States
Callon Petroleum Co.,CPE,Oil and Gas,Exploration and Production,NO,NO,United States,United States
Central Pacific Financial Corp.,CPF,Financials,Banks,NO,NO,United States,United States
Chesapeake Utilities Corp.,CPK,Utilities,Gas Distribution,NO,NO,United States,United States
CPFL Energia S.A.,CPL,Utilities,Conventional Electricity,NO,NO,Brazil,Latin America
Calpine Corp.,CPN,Utilities,Conventional Electricity,NO,NO,United States,United States
Corn Products International Inc.,CPO,Consumer Goods,Food Products,NO,NO,United States,United States
Camden Property Trust,CPT,Financials,Residential Real Estate Investment Trusts,NO,NO,United States,United States
Complete Production Services Inc.,CPX,Oil and Gas,Oil Equipment and Services,NO,NO,United States,United States
CPI Corp.,CPY,Consumer Services,Specialized Consumer Services,NO,NO,United States,United States
Chiquita Brands International Inc.,CQB,Consumer Goods,Food Products,NO,NO,United States,United States
Crane Co.,CR,Industrials,Industrial Machinery,NO,NO,United States,United States
Crawford & Co. Cl A,CRD-A,Industrials,Business Support Services,NO,NO,United States,United States
Crawford & Co. Cl B,CRD-B,Industrials,Business Support Services,NO,NO,United States,United States
CRH PLC,CRH,Industrials,Building Materials and Fixtures,NO,NO,Ireland,Europe
Carters Inc.,CRI,Consumer Goods,Clothing and Accessories,NO,NO,United States,United States
Comstock Resources Inc.,CRK,Oil and Gas,Exploration and Production,NO,NO,United States,United States
Charles River Laboratories International Inc.,CRL,Health Care,Biotechnology,NO,NO,United States,United States
Salesforce.com Inc.,CRM,Technology,Software,YES,NO,United States,United States
Carbo Ceramics Inc.,CRR,Oil and Gas,Oil Equipment and Services,NO,NO,United States,United States
Carpenter Technology Corp.,CRS,Basic Materials,Iron and Steel,NO,NO,United States,United States
CryoLife Inc.,CRY,Health Care,Medical Equipment,NO,NO,United States,United States
Credit Suisse Group,CS,Financials,Banks,NO,NO,Switzerland,Europe
Cogdell Spencer Inc.,CSA,Financials,Specialty Real Estate Investment Trusts,NO,NO,United States,United States
Computer Sciences Corp.,CSC,Technology,Computer Services,YES,NO,United States,United States
CapitalSource Inc.,CSE,Financials,Banks,NO,NO,United States,United States
Cash Store Financial Services Inc.,CSFS,Financials,undefined,NO,NO,Canada,Canada
Cash America International Inc.,CSH,Financials,Consumer Finance,NO,NO,United States,United States
Carlisle Cos.,CSL,Industrials,Diversified Industrials,NO,NO,United States,United States
CSS Industries Inc.,CSS,Consumer Services,Publishing,NO,NO,United States,United States
Capital Senior Living Corp.,CSU,Health Care,Health Care Providers,NO,NO,United States,United States
Carriage Services Inc.,CSV,Consumer Services,Specialized Consumer Services,NO,NO,United States,United States
CSX Corp.,CSX,Industrials,Railroads,YES,NO,United States,United States
Capital Trust Inc. Cl A,CT,Financials,Mortgage Real Estate Investment Trusts,NO,NO,United States,United States
Cooper Tire & Rubber Co.,CTB,Consumer Goods,Tires,NO,NO,United States,United States
IFM Investments Ltd.,CTC,Financials,Real Estate,NO,NO,China,Asia-Pacific
CenturyTel Inc.,CTL,Telecommunications,Fixed Line Telecommunications,YES,NO,United States,United States
CTS Corp.,CTS,Industrials,Electrical Components and Equipment,NO,NO,United States,United States
Cubic Corp.,CUB,Industrials,Defense,NO,NO,United States,United States
CubeSmart,CUBE,Financials,undefined,NO,NO,United States,United States
Carnival PLC,CUK,Consumer Services,undefined,NO,NO,United Kingdom,United Kingdom
Cousins Properties Inc.,CUZ,Financials,Diversified Real Estate Investment Trusts,NO,NO,United States,United States
Central Vermont Public Service Corp.,CV,Utilities,Conventional Electricity,NO,NO,United States,United States
Covanta Holding Corp.,CVA,Utilities,Alternative Electricity,NO,NO,United States,United States
Cablevision Systems Corp.,CVC,Consumer Services,Broadcasting and Entertainment,NO,NO,United States,United States
Covance Inc.,CVD,Health Care,Health Care Providers,NO,NO,United States,United States
Cenovus Energy Inc.,CVE,Oil and Gas,Oil and Gas,NO,NO,Canada,Canada
Convergys Corp.,CVG,Industrials,Business Support Services,YES,NO,United States,United States
Coventry Health Care Inc.,CVH,Health Care,Health Care Providers,YES,NO,United States,United States
CVR Energy Inc.,CVI,Oil and Gas,Exploration and Production,NO,NO,United States,United States
Cenveo Inc.,CVO,Industrials,Business Support Services,NO,NO,United States,United States
CVS Caremark Corp.,CVS,Consumer Services,Drug Retailers,YES,NO,United States,United States
Chevron Corp.,CVX,Oil and Gas,Integrated Oil and Gas,YES,YES,United States,United States
Curtiss-Wright Corp.,CW,Industrials,Defense,NO,NO,United States,United States
CommonWealth REIT,CWH,Financials,undefined,NO,NO,United States,United States
California Water Service Group,CWT,Utilities,Water,NO,NO,United States,United States
Cemex S.A.B. de C.V.,CX,Industrials,Building Materials and Fixtures,NO,NO,Mexico,Latin America
Concho Resources Inc.,CXO,Oil and Gas,Exploration and Production,NO,NO,United States,United States
Crexus Investment Corp.,CXS,Financials,Mortgage Real Estate Investment Trusts,NO,NO,United States,United States
Corrections Corp. of America,CXW,Industrials,Business Support Services,NO,NO,United States,United States
China Yuchai International Ltd.,CYD,Industrials,Commerical Vehicles and Trucks,NO,NO,China,Asia-Pacific
Community Health Systems Inc.,CYH,Health Care,Health Care Providers,NO,NO,United States,United States
City National Corp.,CYN,Financials,Banks,NO,NO,United States,United States
Cypress Sharpridge Investments Inc.,CYS,Financials,Mortgage Real Estate Investment Trusts,NO,NO,United States,United States
Cytec Industries Inc.,CYT,Basic Materials,Specialty Chemicals,NO,NO,United States,United States
Cosan  Cl A,CZZ,Consumer Goods,Food Products,NO,NO,Brazil,Latin America
Dominion Resources Inc. (Virginia),D,Utilities,Conventional Electricity,YES,NO,United States,United States
Danaos Corp.,DAC,Industrials,Marine Transportation,NO,NO,Greece,Europe
Delta Air Lines Inc.,DAL,Consumer Services,Airlines,NO,NO,United States,United States
Dana Holding Corp.,DAN,Consumer Goods,Auto Parts,NO,NO,United States,United States
E-Commerce China Dangdang Inc.,DANG,Consumer Services,undefined,NO,NO,China,Asia-Pacific
Darling International Inc.,DAR,Consumer Goods,Food Products,NO,NO,United States,United States
Deutsche Bank AG,DB,Financials,Banks,NO,NO,Germany,Europe
Diebold Inc.,DBD,Technology,Computer Hardware,NO,NO,United States,United States
Donaldson Co. Inc.,DCI,Industrials,Industrial Machinery,NO,NO,United States,United States
NTT DoCoMo Inc.,DCM,Telecommunications,Mobile Telecommunications,NO,NO,Japan,Asia-Pacific
Ducommun Inc.,DCO,Industrials,Aerospace,NO,NO,United States,United States
DCT Industrial Trust Inc.,DCT,Financials,Industrial and Office Real Estate Investment Trusts,NO,NO,United States,United States
E.I. DuPont de Nemours & Co.,DD,Basic Materials,Commodity Chemicals,NO,YES,United States,United States
3D Systems Corp.,DDD,Technology,undefined,NO,NO,United States,United States
Dover Downs Gaming & Entertainment Inc.,DDE,Consumer Services,Gambling,NO,NO,United States,United States
Digital Domain Media Group Inc.,DDMG,Consumer Services,undefined,NO,NO,United States,United States
Developers Diversified Realty Corp.,DDR,Financials,Retail Real Estate Investment Trusts,NO,NO,United States,United States
Dillard's Inc.,DDS,Consumer Services,Apparel Retailers,NO,NO,United States,United States
Deere & Co.,DE,Industrials,Commerical Vehicles and Trucks,YES,NO,United States,United States
Delhaize Group,DEG,Consumer Services,Food Retailers and Wholesalers,NO,NO,Belgium,Europe
Douglas Emmett Inc.,DEI,Financials,Industrial and Office Real Estate Investment Trusts,NO,NO,United States,United States
Deltic Timber Corp.,DEL,Basic Materials,Forestry,NO,NO,United States,United States
Diageo PLC,DEO,Consumer Goods,Distillers and Vintners,NO,NO,United Kingdom,Europe
Dex One Corp.,DEXO,Consumer Services,Media,NO,NO,United States,United States
Dean Foods Co.,DF,Consumer Goods,Food Products,YES,NO,United States,United States
Delphi Financial Group Inc. Cl A,DFG,Financials,Life Insurance,NO,NO,United States,United States
Discover Financial Services,DFS,Financials,Consumer Finance,YES,NO,United States,United States
Dupont Fabros Technology Inc.,DFT,Financials,Industrial and Office Real Estate Investment Trusts,NO,NO,United States,United States
Dollar General Corp.,DG,Consumer Services,Broadline Retailers,NO,NO,United States,United States
DigitalGlobe Inc.,DGI,Industrials,Business Support Services,NO,NO,United States,United States
Duoyuan Global Water Inc.,DGW,Industrials,Industrial Machinery,NO,NO,China,Asia-Pacific
Quest Diagnostics Inc.,DGX,Health Care,Health Care Providers,YES,NO,United States,United States
D.R. Horton Inc.,DHI,Consumer Goods,Home Construction,NO,NO,United States,United States
Danaher Corp.,DHR,Industrials,Electronic Equipment,YES,NO,United States,United States
DHT Maritime Inc.,DHT,Industrials,Marine Transportation,NO,NO,United States,United States
Dice Holdings Inc.,DHX,Industrials,Business Training and Employment Agencies,NO,NO,United States,United States
DineEquity Inc.,DIN,Consumer Services,Restaurants and Bars,NO,NO,United States,United States
Walt Disney Co.,DIS,Consumer Services,Broadcasting and Entertainment,YES,YES,United States,United States
Delek US Holdings Inc.,DK,Oil and Gas,Exploration and Production,NO,NO,United States,United States
Dick's Sporting Goods Inc.,DKS,Consumer Services,Specialty Retailers,NO,NO,United States,United States
China Distance Education Holdings Ltd.,DL,Consumer Services,Specialized Consumer Services,NO,NO,China,Asia-Pacific
Dolby Laboratories Inc. Cl A,DLB,Consumer Services,Broadcasting and Entertainment,NO,NO,United States,United States
Delphi Automotive PLC,DLPH,Consumer Goods,undefined,NO,NO,United States,United States
Digital Realty Trust Inc.,DLR,Financials,Industrial and Office Real Estate Investment Trusts,NO,NO,United States,United States
Deluxe Corp.,DLX,Industrials,Financial Administration,NO,NO,United States,United States
Dolan Media Co.,DM,Consumer Services,Publishing,NO,NO,United States,United States
Demand Media Inc.,DMD,Consumer Services,undefined,NO,NO,United States,United States
Dun & Bradstreet Corp.,DNB,Consumer Services,Publishing,YES,NO,United States,United States
Denbury Resources Inc.,DNR,Oil and Gas,Exploration and Production,YES,NO,United States,United States
Diamond Offshore Drilling Inc.,DO,Oil and Gas,Oil Equipment and Services,YES,NO,United States,United States
Dole Food Co. Inc.,DOLE,Consumer Goods,Food Products,NO,NO,United States,United States
Dover Corp.,DOV,Industrials,Industrial Machinery,YES,NO,United States,United States
Dow Chemical Co.,DOW,Basic Materials,Commodity Chemicals,YES,NO,United States,United States
Amdocs Ltd.,DOX,Technology,Software,NO,NO,United States,United States
Dr Pepper Snapple Group Inc.,DPS,Consumer Goods,Soft Drinks,YES,NO,United States,United States
Domino's Pizza Inc.,DPZ,Consumer Services,Restaurants and Bars,NO,NO,United States,United States
Daqo New Energy Corp.,DQ,Basic Materials,undefined,NO,NO,China,Asia-Pacific
Dresser-Rand Group Inc.,DRC,Oil and Gas,Oil Equipment and Services,NO,NO,United States,United States
Duke Realty Corp.,DRE,Financials,Industrial and Office Real Estate Investment Trusts,NO,NO,United States,United States
Diamondrock Hospitality Co.,DRH,Financials,Hotel and Lodging Real Estate Investment Trusts,NO,NO,United States,United States
Darden Restaurants Inc.,DRI,Consumer Services,Restaurants and Bars,YES,NO,United States,United States
Doral Financial Corp.,DRL,Financials,Banks,NO,NO,United States,United States
Dril-Quip Inc.,DRQ,Oil and Gas,Oil Equipment and Services,NO,NO,United States,United States
DST Systems Inc.,DST,Technology,Computer Services,NO,NO,United States,United States
DSW Inc. Cl A,DSW,Consumer Services,Apparel Retailers,NO,NO,United States,United States
Diana Shipping Inc.,DSX,Industrials,Marine Transportation,NO,NO,United States,United States
DTE Energy Co.,DTE,Utilities,Conventional Electricity,YES,NO,United States,United States
Dollar Thrifty Automotive Group Inc.,DTG,Consumer Services,Travel and Tourism,NO,NO,United States,United States
Duff & Phelps Corp. Cl A,DUF,Financials,Investment Services,NO,NO,United States,United States
Duke Energy Corp.,DUK,Utilities,Multiutilities,YES,NO,United States,United States
DeVry Inc.,DV,Consumer Services,Specialized Consumer Services,YES,NO,United States,United States
DaVita Inc.,DVA,Health Care,Health Care Providers,YES,NO,United States,United States
Dover Motorsports Inc.,DVD,Consumer Services,Recreational Services,NO,NO,United States,United States
Devon Energy Corp.,DVN,Oil and Gas,Exploration and Production,YES,NO,United States,United States
Cal Dive International Inc.,DVR,Oil and Gas,Oil Equipment and Services,NO,NO,United States,United States
Drew Industries Inc.,DW,Consumer Goods,Recreational Products,NO,NO,United States,United States
Dynex Capital Inc.,DX,Financials,Mortgage Real Estate Investment Trusts,NO,NO,United States,United States
Dycom Industries Inc.,DY,Technology,Telecommunications Equipment,NO,NO,United States,United States
Dynegy Inc. Cl A,DYN,Utilities,Conventional Electricity,YES,NO,United States,United States
ENI S.p.A.,E,Oil and Gas,Integrated Oil and Gas,NO,NO,Italy,Europe
Brinker International Inc.,EAT,Consumer Services,Restaurants and Bars,NO,NO,United States,United States
Ennis Inc.,EBF,Industrials,Business Support Services,NO,NO,United States,United States
Centrais Eletricas Brasileiras S-A,EBR,Utilities,Alternative Electricity,NO,NO,Brazil,Latin America
Emergent Biosolutions Inc.,EBS,Health Care,Biotechnology,NO,NO,United States,United States
Ecopetrol S.A.,EC,Oil and Gas,Integrated Oil and Gas,NO,NO,Columbia,Latin America
EnCana Corp.,ECA,Oil and Gas,Exploration and Production,NO,NO,Canada,Canada
Ecolab Inc.,ECL,Basic Materials,Specialty Chemicals,YES,NO,United States,United States
Consolidated Edison Inc.,ED,Utilities,Conventional Electricity,YES,NO,United States,United States
Empire District Electric Co.,EDE,Utilities,Conventional Electricity,NO,NO,United States,United States
Empresa Distribuidora y Comercializadora Nort,EDN,Utilities,Conventional Electricity,NO,NO,Argentina,Latin America
Education Realty Trust Inc.,EDR,Financials,Residential Real Estate Investment Trusts,NO,NO,United States,United States
New Oriental Education & Technology Group Inc,EDU,Consumer Services,Specialized Consumer Services,NO,NO,China,Asia-Pacific
El Paso Electric Co.,EE,Utilities,Conventional Electricity,NO,NO,United States,United States
Equifax Inc.,EFX,Financials,Specialty Finance,YES,NO,United States,United States
Energen Corp.,EGN,Oil and Gas,Exploration and Production,NO,NO,United States,United States
Eldorado Gold Corp.,EGO,Basic Materials,Gold Mining,NO,NO,Canada,Canada
EastGroup Properties Inc.,EGP,Financials,Industrial and Office Real Estate Investment Trusts,NO,NO,United States,United States
Vaalco Energy Inc.,EGY,Oil and Gas,Exploration and Production,NO,NO,United States,United States
Employers Holdings Inc.,EIG,Financials,Life Insurance,NO,NO,United States,United States
Edison International,EIX,Utilities,Conventional Electricity,YES,NO,United States,United States
E-House (China) Holdings Ltd.,EJ,Financials,Real Estate Services,NO,NO,China,Asia-Pacific
Eastman Kodak Co.,EK,Consumer Goods,Recreational Products,YES,NO,United States,United States
Estee Lauder Cos. Inc.,EL,Consumer Goods,Personal Products,YES,NO,United States,United States
Elan Corp. PLC,ELN,Health Care,Pharmaceuticals,NO,NO,Ireland,Europe
Equity Lifestyle Properties Inc.,ELS,Financials,Residential Real Estate Investment Trusts,NO,NO,United States,United States
Elster Group SE,ELT,Industrials,undefined,NO,NO,Germany,Europe
Emulex Corp.,ELX,Technology,Telecommunications Equipment,NO,NO,United States,United States
Callaway Golf Co.,ELY,Consumer Goods,Recreational Products,NO,NO,United States,United States
EMC Corp.,EMC,Technology,Computer Hardware,YES,NO,United States,United States
EMCOR Group Inc.,EME,Industrials,Heavy Construction,NO,NO,United States,United States
Eastman Chemical Co.,EMN,Basic Materials,Commodity Chemicals,YES,NO,United States,United States
Emerson Electric Co.,EMR,Industrials,Electronic Equipment,YES,NO,United States,United States
Enbridge Inc.,ENB,Oil and Gas,Pipelines,NO,NO,Canada,Canada
Endeavour International Corp.,END,Oil and Gas,undefined,NO,NO,United States,United States
Endurance Specialty Holdings Ltd.,ENH,Financials,Reinsurance,NO,NO,United States,United States
Enersis S.A.,ENI,Utilities,Conventional Electricity,NO,NO,Chile,Latin America
Reed Elsevier N.V.,ENL,Consumer Services,Publishing,NO,NO,Netherlands,Europe
Energizer Holdings Inc.,ENR,Consumer Goods,Nondurable Household Products,NO,NO,United States,United States
EnerSys Inc.,ENS,Industrials,Electrical Components and Equipment,NO,NO,United States,United States
Envestnet Inc.,ENV,Technology,undefined,NO,NO,United States,United States
Enzo Biochem Inc.,ENZ,Health Care,Biotechnology,NO,NO,United States,United States
Empresa Nacional de Electricidad S.A.,EOC,Utilities,Alternative Electricity,NO,NO,Chile,Latin America
EOG Resources Inc.,EOG,Oil and Gas,Exploration and Production,YES,NO,United States,United States
El Paso Corp.,EP,Oil and Gas,Pipelines,YES,NO,United States,United States
Energy Partners Ltd.,EPL,Oil and Gas,Exploration and Production,NO,NO,United States,United States
Entertainment Properties Trust,EPR,Financials,Diversified Real Estate Investment Trusts,NO,NO,United States,United States
Equity Residential,EQR,Financials,Residential Real Estate Investment Trusts,YES,NO,United States,United States
EQT Corp.,EQT,Utilities,Gas Distribution,YES,NO,United States,United States
Equal Energy Ltd.,EQU,Oil and Gas,undefined,NO,NO,Canada,Canada
Equity One Inc.,EQY,Financials,Retail Real Estate Investment Trusts,NO,NO,United States,United States
Embraer S-A,ERJ,Industrials,undefined,NO,NO,Brazil,Latin America
EnergySolutions Inc.,ES,Industrials,Waste and Disposal Services,NO,NO,United States,United States
Emeritus Corp.,ESC,Health Care,Health Care Providers,NO,NO,United States,United States
ESCO Technologies Inc.,ESE,Industrials,Electronic Equipment,NO,NO,United States,United States
ITT Educational Services Inc.,ESI,Consumer Services,Specialized Consumer Services,NO,NO,United States,United States
Esterline Technologies Corp.,ESL,Industrials,Aerospace,NO,NO,United States,United States
Essex Property Trust Inc.,ESS,Financials,Residential Real Estate Investment Trusts,NO,NO,United States,United States
ENSCO International Inc.,ESV,Oil and Gas,Oil Equipment and Services,YES,NO,United States,United States
Ethan Allen Interiors Inc.,ETH,Consumer Goods,Furnishings,NO,NO,United States,United States
Entercom Communications Corp. Cl A,ETM,Consumer Services,Broadcasting and Entertainment,NO,NO,United States,United States
Eaton Corp.,ETN,Industrials,Diversified Industrials,YES,NO,United States,United States
Entergy Corp.,ETR,Utilities,Conventional Electricity,YES,NO,United States,United States
Eaton Vance Corp.,EV,Financials,Asset Managers,NO,NO,United States,United States
Entravision Communications Corp.,EVC,Consumer Services,Broadcasting and Entertainment,NO,NO,United States,United States
Evercore Partners Inc. Cl A,EVR,Financials,Asset Managers,NO,NO,United States,United States
Edwards Lifesciences Corp.,EW,Health Care,Medical Supplies,NO,NO,United States,United States
ExamWorks Group Inc.,EXAM,Industrials,undefined,NO,NO,United States,United States
Corporate Executive Board Co.,EXBD,Industrials,undefined,NO,NO,United States,United States
Exelon Corp.,EXC,Utilities,Conventional Electricity,YES,NO,United States,United States
Exterran Holdings Inc.,EXH,Oil and Gas,Oil Equipment and Services,NO,NO,United States,United States
Endeavour Silver Corp.,EXK,Basic Materials,undefined,NO,NO,Canada,Canada
Excel Trust Inc.,EXL,Financials,undefined,NO,NO,United States,United States
Excel Maritime Carriers Ltd.,EXM,Industrials,Marine Transportation,NO,NO,United States,United States
Eagle Materials Inc.,EXP,Industrials,Building Materials and Fixtures,NO,NO,United States,United States
Express Inc.,EXPR,Consumer Services,undefined,NO,NO,United States,United States
Extra Space Storage Inc.,EXR,Financials,Specialty Real Estate Investment Trusts,NO,NO,United States,United States
Ford Motor Co.,F,Consumer Goods,Automobiles,YES,NO,United States,United States
First Acceptance Corp.,FAC,Financials,Property and Casualty Insurance,NO,NO,United States,United States
First American Corp.,FAF,Financials,Property and Casualty Insurance,NO,NO,United States,United States
Flagstar Bancorp Inc.,FBC,Financials,Banks,NO,NO,United States,United States
Fortune Brands Home & Security Inc.,FBHS,Industrials,undefined,NO,NO,United States,United States
Furniture Brands International Inc.,FBN,Consumer Goods,Furnishings,NO,NO,United States,United States
First BanCorp (Puerto Rico),FBP,Financials,Banks,NO,NO,United States,United States
Fibria Celulose S.A.,FBR,Basic Materials,Paper,NO,NO,Brazil,Latin America
Franklin Covey Co.,FC,Industrials,Business Support Services,NO,NO,United States,United States
Forest City Enterprises Inc. Cl A,FCE-A,Financials,Real Estate Holding and Development,NO,NO,United States,United States
Forest City Enterprises Inc. Cl B,FCE-B,Financials,Real Estate Holding and Development,NO,NO,United States,United States
First Commonwealth Financial Corp. (Pennsylva,FCF,Financials,Banks,NO,NO,United States,United States
Felcor Lodging Trust Inc.,FCH,Financials,Hotel and Lodging Real Estate Investment Trusts,NO,NO,United States,United States
FTI Consulting Inc.,FCN,Industrials,Business Support Services,NO,NO,United States,United States
Fairchild Semiconductor International Inc.,FCS,Technology,Semiconductors,NO,NO,United States,United States
Freeport-McMoRan Copper & Gold Inc.,FCX,Basic Materials,Nonferrous Metals,YES,NO,United States,United States
Family Dollar Stores Inc.,FDO,Consumer Services,Specialty Retailers,YES,NO,United States,United States
Fresh Del Monte Produce Inc.,FDP,Consumer Goods,Food Products,NO,NO,United States,United States
FactSet Research Systems Inc.,FDS,Consumer Services,Publishing,NO,NO,United States,United States
FedEx Corp.,FDX,Industrials,Delivery Services,YES,NO,United States,United States
FirstEnergy Corp.,FE,Utilities,Conventional Electricity,YES,NO,United States,United States
Phoenix New Media Ltd. Cl A,FENG,Consumer Services,undefined,NO,NO,China,Asia-Pacific
FutureFuel Corp.,FF,Basic Materials,undefined,NO,NO,United States,United States
FBL Financial Group Inc.,FFG,Financials,Life Insurance,NO,NO,United States,United States
First Horizon National Corp.,FHN,Financials,Banks,YES,NO,United States,United States
Fair Isaac Corp.,FICO,Technology,Software,NO,NO,United States,United States
Federated Investors Inc.,FII,Financials,Asset Managers,YES,NO,United States,United States
Fusion-io Inc.,FIO,Technology,undefined,NO,NO,United States,United States
Fidelity National Information Services Inc.,FIS,Industrials,Financial Administration,YES,NO,United States,United States
Comfort Systems USA Inc.,FIX,Industrials,Business Support Services,NO,NO,United States,United States
Foot Locker Inc.,FL,Consumer Services,Apparel Retailers,NO,NO,United States,United States
Flowers Foods Inc.,FLO,Consumer Goods,Food Products,NO,NO,United States,United States
Fluor Corp.,FLR,Industrials,Heavy Construction,YES,NO,United States,United States
Flowserve Corp.,FLS,Industrials,Industrial Machinery,YES,NO,United States,United States
FleetCor Technologies Inc.,FLT,Industrials,undefined,NO,NO,United States,United States
Babcock & Brown Air Ltd.,FLY,Industrials,Transportation Services,NO,NO,Ireland,Europe
FMC Corp.,FMC,Basic Materials,Specialty Chemicals,YES,NO,United States,United States
First Marblehead Corp.,FMD,Financials,Consumer Finance,NO,NO,United States,United States
Fresenius Medical Care AG & Co. KGaA,FMS,Health Care,Health Care Providers,NO,NO,Germany,Europe
Fabrinet,FN,Industrials,undefined,NO,NO,China,Asia-Pacific
F.N.B. Corp.,FNB,Financials,Banks,NO,NO,United States,United States
Fidelity National Financial Inc.,FNF,Financials,Mortgage Finance,NO,NO,United States,United States
Franco-Nevada Corp.,FNV,Financials,undefined,NO,NO,Canada,Canada
Ferro Corp.,FOE,Basic Materials,Specialty Chemicals,NO,NO,United States,United States
Forestar Group Inc.,FOR,Financials,Real Estate Holding and Development,NO,NO,United States,United States
First Potomac Realty Trust,FPO,Financials,Industrial and Office Real Estate Investment Trusts,NO,NO,United States,United States
First Industrial Realty Trust Inc.,FR,Financials,Industrial and Office Real Estate Investment Trusts,NO,NO,United States,United States
First Republic Bank,FRC,Financials,undefined,NO,NO,United States,United States
Fortegra Financial Corp.,FRF,Financials,undefined,NO,NO,United States,United States
Furmanite Corp.,FRM,Industrials,Business Support Services,NO,NO,United States,United States
Frontline Ltd.,FRO,Oil and Gas,Oil Equipment and Services,NO,NO,United States,United States
Federal Realty Investment Trust,FRT,Financials,Retail Real Estate Investment Trusts,NO,NO,United States,United States
Forest Laboratories Inc.,FRX,Health Care,Pharmaceuticals,YES,NO,United States,United States
Freescale Semiconductor Holdings I Ltd.,FSL,Technology,undefined,NO,NO,United States,United States
Fortuna Silver Mines Inc.,FSM,Basic Materials,undefined,NO,NO,Canada,Canada
Flagstone Reinsurance Holdings Ltd.,FSR,Financials,Reinsurance,NO,NO,United States,United States
Federal Signal Corp.,FSS,Industrials,Commerical Vehicles and Trucks,NO,NO,United States,United States
Forest Oil Corp.,FST,Oil and Gas,Exploration and Production,NO,NO,United States,United States
France Telecom,FTE,Telecommunications,Fixed Line Telecommunications,NO,NO,France,Europe
FMC Technologies Inc.,FTI,Oil and Gas,Oil Equipment and Services,YES,NO,United States,United States
Flotek Industries Inc.,FTK,Oil and Gas,Oil Equipment and Services,NO,NO,United States,United States
H.B. Fuller Co.,FUL,Basic Materials,Specialty Chemicals,NO,NO,United States,United States
Winthrop Realty Trust,FUR,Financials,Mortgage Real Estate Investment Trusts,NO,NO,United States,United States
Five Star Quality Care Inc.,FVE,Health Care,undefined,NO,NO,United States,United States
FXCM Inc.,FXCM,Financials,undefined,NO,NO,United States,United States
Genpact Ltd.,G,Industrials,Business Support Services,NO,NO,United States,United States
Giant Interactive Group Inc.,GA,Consumer Goods,Toys,NO,NO,China,Asia-Pacific
Nicor Inc.,GAS,Utilities,Gas Distribution,YES,NO,United States,United States
Greatbatch Inc.,GB,Industrials,Electrical Components and Equipment,NO,NO,United States,United States
Grubb & Ellis Co.,GBE,Financials,Real Estate Services,NO,NO,United States,United States
GAMCO Investors Inc. Cl A,GBL,Financials,Asset Managers,NO,NO,United States,United States
Greenbrier Cos.,GBX,Industrials,Commerical Vehicles and Trucks,NO,NO,United States,United States
Global Cash Access Holdings Inc.,GCA,Industrials,Financial Administration,NO,NO,United States,United States
GAIN Capital Holdings Inc.,GCAP,Financials,undefined,NO,NO,United States,United States
Gannett Co. Inc.,GCI,Consumer Services,Publishing,YES,NO,United States,United States
Genesco Inc.,GCO,Consumer Services,Apparel Retailers,NO,NO,United States,United States
General Dynamics Corp.,GD,Industrials,Defense,YES,NO,United States,United States
Gardner Denver Inc.,GDI,Industrials,Industrial Machinery,NO,NO,United States,United States
Green Dot Corp. Cl A,GDOT,Financials,undefined,NO,NO,United States,United States
Goodrich Petroleum Corp.,GDP,Oil and Gas,Exploration and Production,NO,NO,United States,United States
General Electric Co.,GE,Industrials,Diversified Industrials,YES,YES,United States,United States
Greif Inc. Cl A,GEF,Industrials,Containers and Packaging,NO,NO,United States,United States
Greif Inc. Cl B,GEF-B,Industrials,Containers and Packaging,NO,NO,United States,United States
GenOn Energy Inc.,GEN,Utilities,undefined,NO,NO,United States,United States
Geo Group Inc.,GEO,Industrials,Business Support Services,NO,NO,United States,United States
Guess? Inc.,GES,Consumer Services,Apparel Retailers,NO,NO,United States,United States
Gaylord Entertainment Co.,GET,Consumer Services,Hotels,NO,NO,United States,United States
Gafisa S-A,GFA,Consumer Goods,Home Construction,NO,NO,United States,United States
Griffon Corp.,GFF,Industrials,Building Materials and Fixtures,NO,NO,United States,United States
Gold Fields Ltd.,GFI,Basic Materials,Gold Mining,NO,NO,South Africa,MidEast-Africa
GFI Group Inc.,GFIG,Financials,undefined,NO,NO,United States,United States
Goldcorp Inc.,GG,Basic Materials,Gold Mining,NO,NO,Canada,Canada
Georgia Gulf Corp.,GGC,Basic Materials,Commodity Chemicals,NO,NO,United States,United States
Graco Inc.,GGG,Industrials,Industrial Machinery,NO,NO,United States,United States
General Growth Properties Inc.,GGP,Financials,undefined,NO,NO,United States,United States
Global Geophysical Services Inc.,GGS,Oil and Gas,undefined,NO,NO,United States,United States
Greenhill & Co. Inc.,GHL,Financials,Investment Services,NO,NO,United States,United States
CGI Group Inc. Cl A,GIB,Technology,Computer Services,NO,NO,Canada,Canada
Gildan Activewear Inc.,GIL,Consumer Goods,Clothing and Accessories,NO,NO,Canada,Canada
General Mills Inc.,GIS,Consumer Goods,Food Products,YES,NO,United States,United States
Gramercy Capital Corp.,GKK,Financials,Mortgage Real Estate Investment Trusts,NO,NO,United States,United States
Gulfmark Offshore Inc.,GLF,Oil and Gas,Oil Equipment and Services,NO,NO,United States,United States
Glatfelter,GLT,Basic Materials,Paper,NO,NO,United States,United States
Corning Inc.,GLW,Technology,Telecommunications Equipment,YES,NO,United States,United States
General Motors Co.,GM,Consumer Goods,undefined,NO,NO,United States,United States
GameStop Corp. Cl A,GME,Consumer Services,Specialty Retailers,YES,NO,United States,United States
Gruma S.A.B. de C.V.,GMK,Consumer Goods,Food Products,NO,NO,Mexico,Latin America
GATX Corp.,GMT,Industrials,Commerical Vehicles and Trucks,NO,NO,United States,United States
GMX Resources Inc.,GMXR,Oil and Gas,Oil and Gas,NO,NO,United States,United States
GNC Holdings Inc. Cl A,GNC,Consumer Services,undefined,NO,NO,United States,United States
Genie Energy Ltd. Cl B,GNE,Utilities,undefined,NO,NO,United States,United States
Genco Shipping & Trading Ltd.,GNK,Industrials,Marine Transportation,NO,NO,United States,United States
Generac Holdings Inc.,GNRC,Industrials,undefined,NO,NO,United States,United States
Genworth Financial Inc. Cl A,GNW,Financials,Life Insurance,YES,NO,United States,United States
Government Properties Income Trust,GOV,Financials,Specialty Real Estate Investment Trusts,NO,NO,United States,United States
Genuine Parts Co.,GPC,Consumer Goods,Auto Parts,YES,NO,United States,United States
Group 1 Automotive Inc.,GPI,Consumer Services,Specialty Retailers,NO,NO,United States,United States
Graphic Packaging Holding Co.,GPK,Industrials,Containers and Packaging,NO,NO,United States,United States
Global Payments Inc.,GPN,Industrials,Financial Administration,NO,NO,United States,United States
Gap Inc.,GPS,Consumer Services,Apparel Retailers,YES,NO,United States,United States
GP Strategies Corp.,GPX,Industrials,Business Support Services,NO,NO,United States,United States
Goodrich Corp.,GR,Industrials,Aerospace,YES,NO,United States,United States
W.R. Grace & Co.,GRA,Basic Materials,Specialty Chemicals,NO,NO,United States,United States
AGRIA Corp.,GRO,Consumer Goods,Farming and Fishing,NO,NO,China,Asia-Pacific
Glimcher Realty Trust,GRT,Financials,Retail Real Estate Investment Trusts,NO,NO,United States,United States
Goldman Sachs Group Inc.,GS,Financials,Investment Services,YES,NO,United States,United States
Guangshen Railway Co. Ltd.,GSH,Consumer Services,Travel and Tourism,NO,NO,China,Asia-Pacific
General Steel Holdings Inc.,GSI,Basic Materials,Iron and Steel,NO,NO,China,Asia-Pacific
GlaxoSmithKline PLC,GSK,Health Care,Pharmaceuticals,NO,NO,United Kingdom,Europe
Global Ship Lease Inc. Cl A,GSL,Industrials,Transportation Services,NO,NO,United States,United States
Goodyear Tire & Rubber Co.,GT,Consumer Goods,Tires,YES,NO,United States,United States
GrafTech International Ltd.,GTI,Industrials,Electrical Components and Equipment,NO,NO,United States,United States
Gray Television Inc.,GTN,Consumer Services,Broadcasting and Entertainment,NO,NO,United States,United States
Gray Television Inc. Cl A,GTN-A,Consumer Services,Broadcasting and Entertainment,NO,NO,United States,United States
Triple-S Management Corp. Cl B,GTS,Health Care,Health Care Providers,NO,NO,United States,United States
Getty Realty Corp.,GTY,Financials,Retail Real Estate Investment Trusts,NO,NO,United States,United States
Gushan Environmental Energy Ltd.,GU,Oil and Gas,Alternative Fuels,NO,NO,China,Asia-Pacific
Granite Construction Inc.,GVA,Industrials,Heavy Construction,NO,NO,United States,United States
Genesee & Wyoming Inc. Cl A,GWR,Industrials,Railroads,NO,NO,United States,United States
W.W. Grainger Inc.,GWW,Industrials,Industrial Suppliers,NO,NO,United States,United States
Great Plains Energy Inc.,GXP,Utilities,Conventional Electricity,NO,NO,United States,United States
GenCorp Inc.,GY,Industrials,Defense,NO,NO,United States,United States
Gazit-Globe Ltd.,GZT,Financials,undefined,NO,NO,Israel,MidEast-Africa
Hyatt Hotels Corp.,H,Consumer Services,Hotels,NO,NO,United States,United States
Haemonetics Corp.,HAE,Health Care,Medical Supplies,NO,NO,United States,United States
Halliburton Co.,HAL,Oil and Gas,Oil Equipment and Services,YES,NO,United States,United States
Harman International Industries Inc.,HAR,Consumer Goods,Consumer Electronics,YES,NO,United States,United States
HSBC Holdings PLC,HBC,Financials,Banks,NO,NO,United Kingdom,Europe
Hanesbrands Inc.,HBI,Consumer Goods,Clothing and Accessories,NO,NO,United States,United States
HudBay Minerals Inc.,HBM,Basic Materials,undefined,NO,NO,Canada,Canada
HCA Holdings Inc.,HCA,Health Care,undefined,NO,NO,United States,United States
HCC Insurance Holdings Inc.,HCC,Financials,Property and Casualty Insurance,NO,NO,United States,United States
Health Care REIT Inc.,HCN,Financials,Specialty Real Estate Investment Trusts,YES,NO,United States,United States
HCP Inc.,HCP,Financials,Specialty Real Estate Investment Trusts,YES,NO,United States,United States
Home Depot Inc.,HD,Consumer Services,Home Improvement Retailers,YES,YES,United States,United States
HDFC Bank Ltd.,HDB,Financials,Banks,NO,NO,India,Asia-Pacific
Hyperdynamics Corp.,HDY,Oil and Gas,undefined,NO,NO,United States,United States
Hawaiian Electric Industries Inc.,HE,Utilities,Conventional Electricity,NO,NO,United States,United States
Heico Corp.,HEI,Industrials,Aerospace,NO,NO,United States,United States
Heico Corp. Cl A,HEI-A,Industrials,Aerospace,NO,NO,United States,United States
Hess Corp.,HES,Oil and Gas,Integrated Oil and Gas,YES,NO,United States,United States
HFF Inc. Cl A,HF,Financials,Real Estate Services,NO,NO,United States,United States
HollyFrontier Corp.,HFC,Oil and Gas,undefined,NO,NO,United States,United States
HHGregg Inc.,HGG,Consumer Goods,Durable Household Products,NO,NO,United States,United States
Hanger Orthopedic Group Inc.,HGR,Health Care,Health Care Providers,NO,NO,United States,United States
Howard Hughes Corp.,HHC,Financials,undefined,NO,NO,United States,United States
Harte-Hanks Inc.,HHS,Consumer Services,Media Agencies,NO,NO,United States,United States
Hillenbrand Inc.,HI,Consumer Services,Specialized Consumer Services,NO,NO,United States,United States
Hartford Financial Services Group Inc.,HIG,Financials,Full Line Insurance,YES,NO,United States,United States
Huntington Ingalls Industries Inc.,HII,Industrials,undefined,NO,NO,United States,United States
Hill International Inc.,HIL,Industrials,Heavy Construction,NO,NO,United States,United States
Hitachi Ltd.,HIT,Industrials,Electronic Equipment,NO,NO,Japan,Asia-Pacific
Highwoods Properties Inc.,HIW,Financials,Industrial and Office Real Estate Investment Trusts,NO,NO,United States,United States
Hecla Mining Co.,HL,Basic Materials,Platinum and Precious Metals,NO,NO,United States,United States
Herbalife Ltd.,HLF,Consumer Goods,Food Products,NO,NO,United States,United States
HealthSouth Corp.,HLS,Health Care,Health Care Providers,NO,NO,United States,United States
Helix Energy Solutions Group Inc.,HLX,Oil and Gas,Oil Equipment and Services,NO,NO,United States,United States
Health Management Associates Inc. Cl A,HMA,Health Care,Health Care Providers,NO,NO,United States,United States
Honda Motor Co. Ltd.,HMC,Consumer Goods,Automobiles,NO,NO,Japan,Asia-Pacific
Home Properties Inc.,HME,Financials,Residential Real Estate Investment Trusts,NO,NO,United States,United States
Horace Mann Educators Corp.,HMN,Financials,Property and Casualty Insurance,NO,NO,United States,United States
Harmony Gold Mining Co. Ltd.,HMY,Basic Materials,Gold Mining,NO,NO,South Africa,MidEast-Africa
HNI Corp.,HNI,Consumer Goods,Furnishings,NO,NO,United States,United States
Huaneng Power International Inc.,HNP,Utilities,Conventional Electricity,NO,NO,China,Asia-Pacific
Harvest Natural Resources Inc.,HNR,Oil and Gas,Exploration and Production,NO,NO,United States,United States
Health Net Inc.,HNT,Health Care,Health Care Providers,NO,NO,United States,United States
H.J. Heinz Co.,HNZ,Consumer Goods,Food Products,NO,NO,United States,United States
Harley-Davidson Inc.,HOG,Consumer Goods,Automobiles,YES,NO,United States,United States
Honeywell International Inc.,HON,Industrials,Diversified Industrials,YES,NO,United States,United States
Hornbeck Offshore Services Inc.,HOS,Oil and Gas,Oil Equipment and Services,NO,NO,United States,United States
Starwood Hotels & Resorts Worldwide Inc.,HOT,Consumer Services,Hotels,YES,NO,United States,United States
Hovnanian Enterprises Inc. Cl A,HOV,Consumer Goods,Home Construction,NO,NO,United States,United States
Helmerich & Payne Inc.,HP,Oil and Gas,Oil Equipment and Services,NO,NO,United States,United States
Hudson Pacific Properties Inc.,HPP,Financials,undefined,NO,NO,United States,United States
Hewlett-Packard Co.,HPQ,Technology,Computer Hardware,YES,YES,United States,United States
Hospitality Properties Trust,HPT,Financials,Hotel and Lodging Real Estate Investment Trusts,NO,NO,United States,United States
Heartland Payment Systems Inc.,HPY,Industrials,Financial Administration,NO,NO,United States,United States
Healthcare Realty Trust Inc.,HR,Financials,Specialty Real Estate Investment Trusts,NO,NO,United States,United States
H&R Block Inc.,HRB,Consumer Services,Specialized Consumer Services,YES,NO,United States,United States
Hill-Rom Holdings Inc.,HRC,Health Care,Medical Equipment,NO,NO,United States,United States
Harbinger Group Inc.,HRG,Financials,Diversified Investments,NO,NO,United States,United States
Hormel Foods Corp.,HRL,Consumer Goods,Food Products,YES,NO,United States,United States
Harris Corp.,HRS,Technology,Telecommunications Equipment,YES,NO,United States,United States
HealthSpring Inc.,HS,Health Care,Health Care Providers,NO,NO,United States,United States
Harsco Corp.,HSC,Industrials,Diversified Industrials,NO,NO,United States,United States
Hospira Inc.,HSP,Health Care,Pharmaceuticals,NO,NO,United States,United States
Host Hotels & Resorts Inc.,HST,Financials,Hotel and Lodging Real Estate Investment Trusts,YES,NO,United States,United States
Hershey Co.,HSY,Consumer Goods,Food Products,YES,NO,United States,United States
Hersha Hospitality Trust Cl A,HT,Financials,Hotel and Lodging Real Estate Investment Trusts,NO,NO,United States,United States
Hilltop Holdings Inc.,HTH,Financials,Real Estate Holding and Development,NO,NO,United States,United States
Hatteras Financial Corp.,HTS,Financials,Mortgage Real Estate Investment Trusts,NO,NO,United States,United States
Hertz Global Hldgs Inc.,HTZ,Consumer Services,Travel and Tourism,NO,NO,United States,United States
Hubbell Inc. Cl A,HUB-A,Industrials,Electrical Components and Equipment,NO,NO,United States,United States
Hubbell Inc. Cl B,HUB-B,Industrials,Electrical Components and Equipment,NO,NO,United States,United States
Humana Inc.,HUM,Health Care,Health Care Providers,YES,NO,United States,United States
Huntsman Corp.,HUN,Basic Materials,Commodity Chemicals,NO,NO,United States,United States
Hudson Valley Holding Corp.,HVB,Financials,undefined,NO,NO,United States,United States
Haverty Furniture Cos. Inc.,HVT,Consumer Services,Home Improvement Retailers,NO,NO,United States,United States
Haverty Furniture Cos. Inc. Cl A,HVT-A,Consumer Services,Home Improvement Retailers,NO,NO,United States,United States
Headwaters Inc.,HW,Industrials,Building Materials and Fixtures,NO,NO,United States,United States
Harry Winston Diamond Corp.,HWD,Basic Materials,Diamonds and Gemstones,NO,NO,Canada,Canada
Hexcel Corp.,HXL,Industrials,Aerospace,NO,NO,United States,United States
Desarrolladora Homex S.A.B. de C.V.,HXM,Consumer Goods,Home Construction,NO,NO,Mexico,Latin America
MarineMax Inc.,HZO,Consumer Services,Specialty Retailers,NO,NO,United States,United States
IAMGOLD Corp.,IAG,Basic Materials,Gold Mining,NO,NO,Canada,Canada
Industrias Bachoco S.A.B. de C.V.,IBA,Consumer Goods,Food Products,NO,NO,Mexico,Latin America
Interline Brands Inc.,IBI,Industrials,Industrial Suppliers,NO,NO,United States,United States
International Business Machines Corp.,IBM,Technology,Computer Services,YES,YES,United States,United States
ICICI Bank Ltd.,IBN,Financials,Banks,NO,NO,India,Asia-Pacific
Empresas ICA S.A. de C.V.,ICA,Industrials,Heavy Construction,NO,NO,Mexico,Latin America
IntercontinentalExchange Inc.,ICE,Financials,Investment Services,YES,NO,United States,United States
IDACORP Inc.,IDA,Utilities,Conventional Electricity,NO,NO,United States,United States
IDT Corp. Cl B,IDT,Telecommunications,Fixed Line Telecommunications,NO,NO,United States,United States
IDEX Corp.,IEX,Industrials,Industrial Machinery,NO,NO,United States,United States
International Flavors & Fragrances Inc.,IFF,Basic Materials,Specialty Chemicals,YES,NO,United States,United States
Imperial Holdings Inc.,IFT,Financials,undefined,NO,NO,United States,United States
International Game Technology,IGT,Consumer Services,Gambling,YES,NO,United States,United States
Independence Holding Co.,IHC,Financials,Life Insurance,NO,NO,United States,United States
InterContinental Hotels Group PLC,IHG,Consumer Services,Hotels,NO,NO,United Kingdom,Europe
IHS Inc. Cl A,IHS,Consumer Services,Publishing,NO,NO,United States,United States
Indosat,IIT,Telecommunications,Mobile Telecommunications,NO,NO,Indonesia,Asia-Pacific
IntraLinks Holdings Inc.,IL,Technology,undefined,NO,NO,United States,United States
Ingram Micro Inc. Cl A,IM,Technology,Computer Hardware,NO,NO,United States,United States
Imax Corp.,IMAX,Consumer Services,undefined,NO,NO,Canada,Canada
Imation Corp.,IMN,Technology,Computer Hardware,NO,NO,United States,United States
Imperva Inc.,IMPV,Industrials,undefined,NO,NO,United States,United States
Intermec Inc.,IN,Technology,Computer Hardware,NO,NO,United States,United States
ING Groep N.V.,ING,Financials,Life Insurance,NO,NO,Netherlands,Europe
Summit Hotel Properties Inc.,INN,Financials,undefined,NO,NO,United States,United States
World Fuel Services Corp.,INT,Industrials,Transportation Services,NO,NO,United States,United States
InvenSense Inc.,INVN,Technology,undefined,NO,NO,United States,United States
InterXion Holding N.V.,INXN,Technology,undefined,NO,NO,United States,United States
ION Geophysical Corp.,IO,Oil and Gas,Oil Equipment and Services,NO,NO,United States,United States
International Paper Co.,IP,Basic Materials,Paper,YES,NO,United States,United States
Interpublic Group of Cos.,IPG,Consumer Services,Media Agencies,YES,NO,United States,United States
Inphi Corp.,IPHI,Technology,undefined,NO,NO,United States,United States
Intrepid Potash Inc.,IPI,Basic Materials,Nonferrous Metals,NO,NO,United States,United States
Ingersoll-Rand Co. Ltd.,IR,Industrials,Industrial Machinery,NO,NO,United States,United States
Inland Real Estate Corp.,IRC,Financials,Retail Real Estate Investment Trusts,NO,NO,United States,United States
Governor & Co. of the Bank of Ireland,IRE,Financials,Banks,NO,NO,Ireland,Europe
International Rectifier Corp.,IRF,Technology,Semiconductors,NO,NO,United States,United States
Iron Mountain Inc.,IRM,Industrials,Business Support Services,YES,NO,United States,United States
IRSA-Inversiones y Representaciones S.A. GDS,IRS,Financials,Real Estate Holding and Development,NO,NO,Argentina,Latin America
International Shipholding Corp.,ISH,Industrials,Marine Transportation,NO,NO,United States,United States
iSoftStone Holdings Ltd.,ISS,Technology,undefined,NO,NO,China,Asia-Pacific
Gartner Inc.,IT,Technology,Computer Services,NO,NO,United States,United States
ITC Holdings Corp.,ITC,Utilities,Conventional Electricity,NO,NO,United States,United States
Investment Technology Group Inc.,ITG,Financials,Investment Services,NO,NO,United States,United States
ITT Corp.,ITT,Industrials,Diversified Industrials,YES,NO,United States,United States
Illinois Tool Works Inc.,ITW,Industrials,Industrial Machinery,YES,NO,United States,United States
Invacare Corp.,IVC,Health Care,Medical Equipment,NO,NO,United States,United States
Ivanhoe Mines Ltd.,IVN,Basic Materials,Nonferrous Metals,NO,NO,Canada,Canada
Invesco Mortgage Capital Inc.,IVR,Financials,Mortgage Real Estate Investment Trusts,NO,NO,United States,United States
INVESCO Ltd.,IVZ,Financials,Asset Managers,YES,NO,United States,United States
Orix Corp.,IX,Financials,Specialty Finance,NO,NO,Japan,Asia-Pacific
Jaguar Mining Inc.,JAG,Basic Materials,Gold Mining,NO,NO,Canada,Canada
Jarden Corp.,JAH,Consumer Goods,Durable Household Products,NO,NO,United States,United States
Jabil Circuit Inc.,JBL,Industrials,Electrical Components and Equipment,YES,NO,United States,United States
John Bean Technologies Corp.,JBT,Industrials,Industrial Machinery,NO,NO,United States,United States
Johnson Controls Inc.,JCI,Consumer Goods,Auto Parts,YES,NO,United States,United States
J.C. Penney Co. Inc.,JCP,Consumer Services,Broadline Retailers,NO,NO,United States,United States
Jacobs Engineering Group Inc.,JEC,Industrials,Heavy Construction,YES,NO,United States,United States
Jefferies Group Inc.,JEF,Financials,Investment Services,NO,NO,United States,United States
JinkoSolar Holding Co. Ltd.,JKS,Oil and Gas,undefined,NO,NO,China,Asia-Pacific
Jones Lang LaSalle Inc.,JLL,Financials,Real Estate Services,NO,NO,United States,United States
JMP Group Corp.,JMP,Financials,Investment Services,NO,NO,United States,United States
Johnson & Johnson,JNJ,Health Care,Pharmaceuticals,YES,YES,United States,United States
Juniper Networks Inc.,JNPR,Technology,Telecommunications Equipment,YES,NO,United States,United States
Janus Capital Group Inc.,JNS,Financials,Asset Managers,YES,NO,United States,United States
Jones Apparel Group Inc.,JNY,Consumer Goods,Clothing and Accessories,NO,NO,United States,United States
St. Joe Co.,JOE,Financials,Real Estate Holding and Development,NO,NO,United States,United States
Joy Global Inc.,JOY,Industrials,undefined,NO,NO,United States,United States
JPMorgan Chase & Co.,JPM,Financials,Banks,YES,YES,United States,United States
Journal Communications Inc. Cl A,JRN,Consumer Services,Publishing,NO,NO,United States,United States
John Wiley & Sons Inc. Cl A,JW-A,Consumer Services,Publishing,NO,NO,United States,United States
John Wiley & Sons Inc. Cl B,JW-B,Consumer Services,Publishing,NO,NO,United States,United States
Nordstrom Inc.,JWN,Consumer Services,Apparel Retailers,YES,NO,United States,United States
Kellogg Co.,K,Consumer Goods,Food Products,YES,NO,United States,United States
Kadant Inc.,KAI,Industrials,Industrial Machinery,NO,NO,United States,United States
KAR Auction Services Inc.,KAR,Consumer Services,Retail,NO,NO,United States,United States
KB Financial Group Inc.,KB,Financials,Banks,NO,NO,South Korea,Asia-Pacific
KB Home,KBH,Consumer Goods,Home Construction,YES,NO,United States,United States
KBR Inc.,KBR,Industrials,Heavy Construction,NO,NO,United States,United States
KBW Inc.,KBW,Financials,Investment Services,NO,NO,United States,United States
Knight Capital Group Inc. Cl A,KCG,Financials,undefined,NO,NO,United States,United States
Kenneth Cole Productions Inc. Cl A,KCP,Consumer Goods,Footwear,NO,NO,United States,United States
Kaydon Corp.,KDN,Industrials,Industrial Machinery,NO,NO,United States,United States
Key Energy Services Inc.,KEG,Oil and Gas,Oil Equipment and Services,NO,NO,United States,United States
Kemet Corp.,KEM,Industrials,undefined,NO,NO,United States,United States
Korea Electric Power Corp.,KEP,Utilities,Conventional Electricity,NO,NO,South Korea,Asia-Pacific
Kirby Corp.,KEX,Industrials,Marine Transportation,NO,NO,United States,United States
KeyCorp,KEY,Financials,Banks,YES,NO,United States,United States
Kingsway Financial Services Inc.,KFS,Financials,Property and Casualty Insurance,NO,NO,Canada,Canada
Kraft Foods Inc. Cl A,KFT,Consumer Goods,Food Products,YES,YES,United States,United States
Korn-Ferry International,KFY,Industrials,Business Training and Employment Agencies,NO,NO,United States,United States
Kinross Gold Corp.,KGC,Basic Materials,Gold Mining,NO,NO,Canada,Canada
China Kanghui Holdings,KH,Health Care,undefined,NO,NO,China,Asia-Pacific
Kid Brands Inc.,KID,Consumer Goods,Durable Household Products,NO,NO,United States,United States
Kimco Realty Corp.,KIM,Financials,Retail Real Estate Investment Trusts,YES,NO,United States,United States
Krispy Kreme Doughnuts Inc.,KKD,Consumer Services,Restaurants and Bars,NO,NO,United States,United States
Kimberly-Clark Corp.,KMB,Consumer Goods,Personal Products,YES,NO,United States,United States
Kinder Morgan Inc.,KMI,Oil and Gas,undefined,NO,NO,United States,United States
Kemper Corp.,KMPR,Financials,undefined,NO,NO,United States,United States
Kennametal Inc.,KMT,Industrials,Industrial Machinery,NO,NO,United States,United States
CarMax Inc.,KMX,Consumer Services,Specialty Retailers,NO,NO,United States,United States
Kindred Healthcare Inc.,KND,Health Care,Health Care Providers,NO,NO,United States,United States
Knoll Inc.,KNL,Consumer Goods,Furnishings,NO,NO,United States,United States
Konami Corp.,KNM,Consumer Goods,Toys,NO,NO,Japan,Asia-Pacific
Knight Transportation Inc.,KNX,Industrials,Trucking,NO,NO,United States,United States
Kenexa Corp.,KNXA,Technology,undefined,NO,NO,United States,United States
Coca-Cola Co.,KO,Consumer Goods,Soft Drinks,YES,YES,United States,United States
Coca-Cola Femsa S.A.B. de C.V.,KOF,Consumer Goods,Soft Drinks,NO,NO,Mexico,Latin America
Kodiak Oil & Gas Corp.,KOG,Oil and Gas,undefined,NO,NO,United States,United States
Koppers Holdings Inc.,KOP,Basic Materials,Specialty Chemicals,NO,NO,United States,United States
Michael Kors Holdings Ltd.,KORS,Consumer Goods,undefined,NO,NO,Hong Kong,Asia-Pacific
Kosmos Energy Ltd.,KOS,Oil and Gas,undefined,NO,NO,United States,United States
Kroger Co.,KR,Consumer Services,Food Retailers and Wholesalers,YES,NO,United States,United States
Kraton Performance Polymers Inc.,KRA,Basic Materials,Chemicals,NO,NO,United States,United States
Kilroy Realty Corp.,KRC,Financials,Industrial and Office Real Estate Investment Trusts,NO,NO,United States,United States
Kite Realty Group Trust,KRG,Financials,Retail Real Estate Investment Trusts,NO,NO,United States,United States
Kronos Worldwide Inc.,KRO,Basic Materials,Specialty Chemicals,NO,NO,United States,United States
KapStone Paper and Packaging Corporation,KS,Basic Materials,Paper,NO,NO,United States,United States
Kohl's Corp.,KSS,Consumer Services,Apparel Retailers,YES,NO,United States,United States
Kansas City Southern,KSU,Industrials,Railroads,NO,NO,United States,United States
KT Corporation,KT,Telecommunications,Fixed Line Telecommunications,NO,NO,South Korea,Asia-Pacific
Kubota Corp.,KUB,Industrials,Commerical Vehicles and Trucks,NO,NO,Japan,Asia-Pacific
K-V Pharmaceutical Co. Cl A,KV-A,Health Care,Pharmaceuticals,NO,NO,United States,United States
K-V Pharmaceutical Co. Cl B,KV-B,Health Care,Pharmaceuticals,NO,NO,United States,United States
Kennedy-Wilson Holdings Inc.,KW,Financials,undefined,NO,NO,United States,United States
Quicksilver Resources Inc.,KWK,Oil and Gas,Exploration and Production,NO,NO,United States,United States
Quaker Chemical Corp.,KWR,Basic Materials,Specialty Chemicals,NO,NO,United States,United States
Kyocera Corp.,KYO,Industrials,Electronic Equipment,NO,NO,Japan,Asia-Pacific
Loews Corp.,L,Financials,Property and Casualty Insurance,YES,NO,United States,United States
Lithia Motors Inc. Cl A,LAD,Consumer Services,Specialty Retailers,NO,NO,United States,United States
Lentuo International Inc.,LAS,Consumer Services,undefined,NO,NO,China,Asia-Pacific
Lazard Ltd.,LAZ,Financials,Investment Services,NO,NO,United States,United States
US Airways Group Inc.,LCC,Consumer Services,Airlines,NO,NO,United States,United States
LDK Solar Co. Ltd.,LDK,Oil and Gas,Renewable Energy Equipment,NO,NO,China,Asia-Pacific
Lydall Inc.,LDL,Industrials,Industrial Machinery,NO,NO,United States,United States
Landauer Inc.,LDR,Industrials,Electronic Equipment,NO,NO,United States,United States
Lear Corp.,LEA,Consumer Goods,Auto Parts,NO,NO,United States,United States
Leggett & Platt Inc.,LEG,Consumer Goods,Furnishings,YES,NO,United States,United States
Lennar Corp. Cl A,LEN,Consumer Goods,Home Construction,YES,NO,United States,United States
Lennar Corp. Cl B,LEN-B,Consumer Goods,Home Construction,NO,NO,United States,United States
LeapFrog Enterprises Inc. Cl A,LF,Consumer Goods,Toys,NO,NO,United States,United States
China Life Insurance Co. Ltd.,LFC,Financials,Life Insurance,NO,NO,China,Asia-Pacific
LAN Airlines S.A.,LFL,Consumer Services,Airlines,NO,NO,Chile,Latin America
Laclede Group Inc.,LG,Utilities,Gas Distribution,NO,NO,United States,United States
Lions Gate Entertainment Corp.,LGF,Consumer Services,Broadcasting and Entertainment,NO,NO,Canada,Canada
Laboratory Corp. of America Holdings,LH,Health Care,Health Care Providers,YES,NO,United States,United States
LaSalle Hotel Properties,LHO,Financials,Hotel and Lodging Real Estate Investment Trusts,NO,NO,United States,United States
Lennox International Inc.,LII,Industrials,Building Materials and Fixtures,NO,NO,United States,United States
Liz Claiborne Inc.,LIZ,Consumer Goods,Clothing and Accessories,NO,NO,United States,United States
Lumber Liquidators Inc.,LL,Consumer Services,Home Improvement Retailers,NO,NO,United States,United States
L-3 Communications Holdings Inc.,LLL,Industrials,Defense,YES,NO,United States,United States
Eli Lilly & Co.,LLY,Health Care,Pharmaceuticals,NO,NO,United States,United States
Legg Mason Inc.,LM,Financials,Investment Services,YES,NO,United States,United States
Lockheed Martin Corp.,LMT,Industrials,Defense,YES,NO,United States,United States
Lincoln National Corp.,LNC,Financials,Life Insurance,YES,NO,United States,United States
LinkedIn Corp. Cl A,LNKD,Industrials,undefined,NO,NO,United States,United States
Lindsay Corp.,LNN,Industrials,Commerical Vehicles and Trucks,NO,NO,United States,United States
Alliant Energy Corp.,LNT,Utilities,Conventional Electricity,NO,NO,United States,United States
Lorillard Inc.,LO,Consumer Goods,Tobacco,YES,NO,United States,United States
Lowe's Cos.,LOW,Consumer Services,Home Improvement Retailers,YES,NO,United States,United States
Laredo Petroleum Holdings Inc.,LPI,Oil and Gas,undefined,NO,NO,United States,United States
LG Display Co. Ltd.,LPL,Technology,Computer Hardware,NO,NO,South Korea,Asia-Pacific
Lone Pine Resources Inc.,LPR,Oil and Gas,undefined,NO,NO,United States,United States
Lender Processing Services Inc.,LPS,Industrials,Financial Administration,NO,NO,United States,United States
Louisiana-Pacific Corp.,LPX,Industrials,Building Materials and Fixtures,NO,NO,United States,United States
K12 Inc.,LRN,Consumer Services,Specialized Consumer Services,NO,NO,United States,United States
Liberty Property Trust,LRY,Financials,Industrial and Office Real Estate Investment Trusts,NO,NO,United States,United States
CapLease Inc.,LSE,Financials,Industrial and Office Real Estate Investment Trusts,NO,NO,United States,United States
LSI Corp.,LSI,Technology,Semiconductors,YES,NO,United States,United States
LTC Properties Inc.,LTC,Financials,Specialty Real Estate Investment Trusts,NO,NO,United States,United States
Limited Brands Inc.,LTD,Consumer Services,Apparel Retailers,YES,NO,United States,United States
Life Time Fitness Inc.,LTM,Consumer Services,Recreational Services,NO,NO,United States,United States
Luby's Inc.,LUB,Consumer Services,Restaurants and Bars,NO,NO,United States,United States
Leucadia National Corp.,LUK,Telecommunications,Fixed Line Telecommunications,YES,NO,United States,United States
Southwest Airlines Co.,LUV,Consumer Services,Airlines,YES,NO,United States,United States
Luxottica Group S.p.A.,LUX,Consumer Goods,Clothing and Accessories,NO,NO,Italy,Europe
Steinway Musical Instruments Inc.,LVB,Consumer Goods,Recreational Products,NO,NO,United States,United States
Level 3 Communications Inc.,LVLT,Telecommunications,undefined,NO,NO,United States,United States
Las Vegas Sands Corp.,LVS,Consumer Services,Gambling,NO,NO,United States,United States
Lexmark International Inc.,LXK,Technology,Computer Hardware,YES,NO,United States,United States
Lexington Realty Trust,LXP,Financials,Diversified Real Estate Investment Trusts,NO,NO,United States,United States
LSB Industries Inc.,LXU,Basic Materials,Commodity Chemicals,NO,NO,United States,United States
LyondellBasell Industries N.V. Cl A,LYB,Basic Materials,undefined,NO,NO,United States,United States
Lloyds Banking Group PLC,LYG,Financials,Banks,NO,NO,United Kingdom,Europe
Live Nation Inc.,LYV,Consumer Services,Recreational Services,NO,NO,United States,United States
La-Z-Boy Inc.,LZB,Consumer Goods,Furnishings,NO,NO,United States,United States
Macy's Inc.,M,Consumer Services,Broadline Retailers,YES,NO,United States,United States
MasterCard Inc. Cl A,MA,Financials,Consumer Finance,YES,NO,United States,United States
Mid-America Apartment Communities Inc.,MAA,Financials,Residential Real Estate Investment Trusts,NO,NO,United States,United States
Macerich Co.,MAC,Financials,Retail Real Estate Investment Trusts,NO,NO,United States,United States
Manpower Inc.,MAN,Industrials,Business Training and Employment Agencies,NO,NO,United States,United States
Marriott International Inc. Cl A,MAR,Consumer Services,Hotels,YES,NO,United States,United States
Masco Corp.,MAS,Industrials,Building Materials and Fixtures,YES,NO,United States,United States
MBIA Inc.,MBI,Financials,Property and Casualty Insurance,YES,NO,United States,United States
Mobile Telesystems,MBT,Telecommunications,Mobile Telecommunications,NO,NO,Russia,Asia-Pacific
McDonald's Corp.,MCD,Consumer Services,Restaurants and Bars,YES,YES,United States,United States
McKesson Corp.,MCK,Consumer Services,Drug Retailers,YES,NO,United States,United States
Moody's Corp.,MCO,Financials,Specialty Finance,YES,NO,United States,United States
Molycorp Inc.,MCP,Basic Materials,undefined,NO,NO,United States,United States
Marcus Corp.,MCS,Consumer Services,Hotels,NO,NO,United States,United States
Mercury General Corp.,MCY,Financials,Property and Casualty Insurance,NO,NO,United States,United States
Mednax Inc.,MD,Health Care,Health Care Providers,NO,NO,United States,United States
M.D.C. Holdings Inc.,MDC,Consumer Goods,Home Construction,NO,NO,United States,United States
Metropolitan Health Networks Inc.,MDF,Health Care,undefined,NO,NO,United States,United States
Meredith Corp.,MDP,Consumer Services,Publishing,YES,NO,United States,United States
McDermott International Inc.,MDR,Industrials,Heavy Construction,NO,NO,United States,United States
Midas Inc.,MDS,Consumer Services,Specialized Consumer Services,NO,NO,United States,United States
Medtronic Inc.,MDT,Health Care,Medical Equipment,YES,NO,United States,United States
MDU Resources Group Inc.,MDU,Industrials,Building Materials and Fixtures,NO,NO,United States,United States
Medifast Inc.,MED,Consumer Goods,Food Products,NO,NO,United States,United States
Media General Inc. Cl A,MEG,Consumer Services,Publishing,NO,NO,United States,United States
Methode Electronics Inc.,MEI,Industrials,Electrical Components and Equipment,NO,NO,United States,United States
MetLife Inc.,MET,Financials,Life Insurance,YES,NO,United States,United States
MFA Financial Inc.,MFA,Financials,Mortgage Real Estate Investment Trusts,NO,NO,United States,United States
Maidenform Brands Inc.,MFB,Consumer Goods,Clothing and Accessories,NO,NO,United States,United States
Manulife Financial Corp.,MFC,Financials,Life Insurance,NO,NO,Canada,Canada
Mizuho Financial Group Inc.,MFG,Financials,Banks,NO,NO,Japan,Asia-Pacific
Mistras Group Inc.,MG,Industrials,Business Support Services,NO,NO,United States,United States
Magna International Inc. Cl A Sub Vtg,MGA,Consumer Goods,Auto Parts,NO,NO,Canada,Canada
MoneyGram International Inc.,MGI,Financials,Consumer Finance,NO,NO,United States,United States
MGM MIRAGE,MGM,Consumer Services,Gambling,NO,NO,United States,United States
Mohawk Industries Inc.,MHK,Consumer Goods,Furnishings,NO,NO,United States,United States
M-I Homes Inc.,MHO,Consumer Goods,Home Construction,NO,NO,United States,United States
McGraw-Hill Cos.,MHP,Consumer Services,Publishing,YES,NO,United States,United States
Magnum Hunter Resources Corp.,MHR,Oil and Gas,undefined,NO,NO,United States,United States
Medco Health Solutions Inc.,MHS,Health Care,Health Care Providers,YES,NO,United States,United States
Meadowbrook Insurance Group Inc.,MIG,Financials,Property and Casualty Insurance,NO,NO,United States,United States
MFC Industrial Ltd.,MIL,Basic Materials,undefined,NO,NO,Canada,Canada
Miller Energy Resources Inc.,MILL,Oil and Gas,undefined,NO,NO,United States,United States
MI Developments Inc. Cl A,MIM,Financials,Real Estate Holding and Development,NO,NO,Canada,Canada
AG Mortgage Investment Trust Inc.,MITT,Financials,undefined,NO,NO,United States,United States
Mead Johnson Nutrition Co. CL A,MJN,Consumer Goods,Food Products,NO,NO,United States,United States
McCormick & Co. Inc.,MKC,Consumer Goods,Food Products,YES,NO,United States,United States
McCormick & Co. Inc. Com. Vtg.,MKC-V,Consumer Goods,Food Products,NO,NO,United States,United States
Markel Corp.,MKL,Financials,Property and Casualty Insurance,NO,NO,United States,United States
Mueller Industries Inc.,MLI,Industrials,Industrial Machinery,NO,NO,United States,United States
Martin Marietta Materials Inc.,MLM,Industrials,Building Materials and Fixtures,NO,NO,United States,United States
Maui Land & Pineapple Co. Inc.,MLP,Financials,Real Estate Holding and Development,NO,NO,United States,United States
Miller Industries Inc.,MLR,Industrials,Commerical Vehicles and Trucks,NO,NO,United States,United States
Marsh & McLennan Cos.,MMC,Financials,Insurance Brokers,YES,NO,United States,United States
Motorola Mobility Holdings Inc.,MMI,Technology,undefined,NO,NO,United States,United States
3M Company,MMM,Industrials,Diversified Industrials,YES,YES,United States,United States
McMoRan Exploration Co.,MMR,Oil and Gas,Exploration and Production,NO,NO,United States,United States
Maximus Inc.,MMS,Technology,Computer Services,NO,NO,United States,United States
Manning & Napier Inc.,MN,Financials,undefined,NO,NO,United States,United States
McClatchy Co. Cl A,MNI,Consumer Services,Publishing,NO,NO,United States,United States
Monmouth Real Estate Investment Corp. Cl A,MNR,Financials,undefined,NO,NO,United States,United States
Altria Group Inc.,MO,Consumer Goods,Tobacco,YES,NO,United States,United States
Modine Manufacturing Co.,MOD,Consumer Goods,Auto Parts,NO,NO,United States,United States
Moog Inc. Cl A,MOG-A,Industrials,Aerospace,NO,NO,United States,United States
Moog Inc. Cl B,MOG-B,Industrials,Aerospace,NO,NO,United States,United States
Molina Healthcare Inc.,MOH,Health Care,Health Care Providers,NO,NO,United States,United States
Monsanto Co.,MON,Consumer Goods,Farming and Fishing,YES,NO,United States,United States
Mosaic Co.,MOS,Basic Materials,Specialty Chemicals,NO,NO,United States,United States
Movado Group Inc.,MOV,Consumer Goods,Clothing and Accessories,NO,NO,United States,United States
Marathon Petroleum Corp.,MPC,Oil and Gas,undefined,NO,NO,United States,United States
Maguire Properties Inc.,MPG,Financials,Industrial and Office Real Estate Investment Trusts,NO,NO,United States,United States
Met-Pro Corp.,MPR,Industrials,Industrial Machinery,NO,NO,United States,United States
Medical Properties Trust Inc.,MPW,Financials,Specialty Real Estate Investment Trusts,NO,NO,United States,United States
Marine Products Corp.,MPX,Consumer Goods,Recreational Products,NO,NO,United States,United States
Mindray Medical International Ltd.,MR,Health Care,Medical Equipment,NO,NO,China,Asia-Pacific
Montpelier Re Holdings Ltd.,MRH,Financials,Reinsurance,NO,NO,United States,United States
Merck & Co. Inc.,MRK,Health Care,Pharmaceuticals,YES,YES,United States,United States
Marathon Oil Corp.,MRO,Oil and Gas,Integrated Oil and Gas,YES,NO,United States,United States
Morton's Restaurant Group Inc.,MRT,Consumer Services,Restaurants and Bars,NO,NO,United States,United States
Medicis Pharmaceutical Corp.,MRX,Health Care,Pharmaceuticals,NO,NO,United States,United States
Morgan Stanley,MS,Financials,Investment Services,YES,NO,United States,United States
Mine Safety Appliances Co.,MSA,Industrials,Industrial Machinery,NO,NO,United States,United States
MSCI Inc. Cl A,MSCI,Financials,undefined,NO,NO,United States,United States
Motorola Solutions Inc.,MSI,Technology,undefined,NO,NO,United States,United States
MSC Industrial Direct Co.,MSM,Industrials,Industrial Suppliers,NO,NO,United States,United States
Martha Stewart Living Omnimedia Inc.,MSO,Consumer Services,Publishing,NO,NO,United States,United States
ArcelorMittal,MT,Basic Materials,Iron and Steel,NO,NO,France,Europe
M&T Bank Corp.,MTB,Financials,Banks,YES,NO,United States,United States
Mettler-Toledo International Inc.,MTD,Industrials,Electronic Equipment,NO,NO,United States,United States
Mahanagar Telephone Nigam Ltd.,MTE,Telecommunications,Fixed Line Telecommunications,NO,NO,India,Asia-Pacific
MGIC Investment Corp.,MTG,Financials,Mortgage Finance,NO,NO,United States,United States
Meritage Homes Corp.,MTH,Consumer Goods,Home Construction,NO,NO,United States,United States
Mechel OAO,MTL,Basic Materials,Iron and Steel,NO,NO,Russia,Asia-Pacific
Vail Resorts Inc.,MTN,Consumer Services,Hotels,NO,NO,United States,United States
Meritor Inc.,MTOR,Industrials,undefined,NO,NO,United States,United States
Materion Corp.,MTRN,Industrials,undefined,NO,NO,United States,United States
Mitsubishi UFJ Financial Group Inc.,MTU,Financials,Banks,NO,NO,Japan,Asia-Pacific
Manitowoc Co.,MTW,Industrials,Commerical Vehicles and Trucks,NO,NO,United States,United States
Minerals Technologies Inc.,MTX,Basic Materials,Commodity Chemicals,NO,NO,United States,United States
MasTec Inc.,MTZ,Technology,Telecommunications Equipment,NO,NO,United States,United States
Murphy Oil Corp.,MUR,Oil and Gas,Integrated Oil and Gas,YES,NO,United States,United States
Metals USA Holdings Corp.,MUSA,Basic Materials,undefined,NO,NO,United States,United States
Men's Wearhouse Inc.,MW,Consumer Services,Apparel Retailers,NO,NO,United States,United States
Mueller Water Products Inc.,MWA,Industrials,Building Materials and Fixtures,NO,NO,United States,United States
MeadWestvaco Corp.,MWV,Industrials,Containers and Packaging,YES,NO,United States,United States
Monster Worldwide Inc.,MWW,Industrials,Business Training and Employment Agencies,YES,NO,United States,United States
MagnaChip Semiconductor Corp.,MX,Technology,undefined,NO,NO,United States,United States
MaxLinear Inc.,MXL,Technology,undefined,NO,NO,United States,United States
Maxcom Telecomunicaciones S.A.B. de C.V.,MXT,Telecommunications,Fixed Line Telecommunications,NO,NO,Mexico,Latin America
China Ming Yang Wind Power Group Ltd.,MY,Oil and Gas,undefined,NO,NO,China,Asia-Pacific
Myers Industries Inc.,MYE,Industrials,Containers and Packaging,NO,NO,United States,United States
NetSuite Inc.,N,Technology,Software,NO,NO,United States,United States
Nordic American Tanker Shipping Ltd.,NAT,Industrials,Marine Transportation,NO,NO,United States,United States
Navistar International Corp.,NAV,Industrials,Commerical Vehicles and Trucks,NO,NO,United States,United States
National Bank of Greece S.A.,NBG,Financials,Banks,NO,NO,Greece,Europe
Noble Energy Inc.,NBL,Oil and Gas,Exploration and Production,YES,NO,United States,United States
Nabors Industries Ltd.,NBR,Oil and Gas,Oil Equipment and Services,YES,NO,United States,United States
NACCO Industries Inc. Cl A,NC,Industrials,Commerical Vehicles and Trucks,NO,NO,United States,United States
Navigant Consulting Inc.,NCI,Industrials,Business Support Services,NO,NO,United States,United States
NCR Corp.,NCR,Technology,Computer Hardware,NO,NO,United States,United States
NCI Building Systems Inc.,NCS,Industrials,Building Materials and Fixtures,NO,NO,United States,United States
Newcastle Investment Corp.,NCT,Financials,Mortgage Real Estate Investment Trusts,NO,NO,United States,United States
99 Cents Only Stores,NDN,Consumer Services,Specialty Retailers,NO,NO,United States,United States
Nordion Inc.,NDZ,Health Care,undefined,NO,NO,Canada,Canada
Noble Corp.,NE,Oil and Gas,Oil Equipment and Services,NO,NO,United States,United States
Noah Education Holdings Ltd.,NED,Consumer Goods,Consumer Electronics,NO,NO,China,Asia-Pacific
NextEra Energy Inc.,NEE,Utilities,undefined,NO,NO,United States,United States
Newmont Mining Corp.,NEM,Basic Materials,Gold Mining,YES,NO,United States,United States
NewMarket Corp.,NEU,Basic Materials,Specialty Chemicals,NO,NO,United States,United States
National Fuel Gas Co.,NFG,Utilities,Gas Distribution,NO,NO,United States,United States
National Financial Partners Corp.,NFP,Financials,Asset Managers,NO,NO,United States,United States
Newfield Exploration Co.,NFX,Oil and Gas,Exploration and Production,NO,NO,United States,United States
National Grid PLC,NGG,Utilities,Multiutilities,NO,NO,United Kingdom,Europe
Natural Gas Services Group Inc.,NGS,Oil and Gas,Oil Equipment and Services,NO,NO,United States,United States
National Health Investors Inc.,NHI,Financials,Specialty Real Estate Investment Trusts,NO,NO,United States,United States
NiSource Inc.,NI,Utilities,Gas Distribution,YES,NO,United States,United States
Nidec Corp.,NJ,Industrials,Electrical Components and Equipment,NO,NO,Japan,Asia-Pacific
New Jersey Resources Corp.,NJR,Utilities,Gas Distribution,NO,NO,United States,United States
Nike Inc. Cl B,NKE,Consumer Goods,Footwear,YES,NO,United States,United States
NL Industries Inc.,NL,Basic Materials,Specialty Chemicals,NO,NO,United States,United States
Nautilus Inc.,NLS,Consumer Goods,Recreational Products,NO,NO,United States,United States
Nielsen Holdings N.V.,NLSN,Consumer Services,undefined,NO,NO,United States,United States
Annaly Capital Management Inc.,NLY,Financials,Mortgage Real Estate Investment Trusts,NO,NO,United States,United States
Navios Maritime Holdings Inc.,NM,Industrials,Marine Transportation,NO,NO,Greece,Europe
Nomura Holdings Inc.,NMR,Financials,Investment Services,NO,NO,Japan,Asia-Pacific
Nelnet Inc. Cl A,NNI,Financials,Consumer Finance,NO,NO,United States,United States
National Retail Properties Inc.,NNN,Financials,Retail Real Estate Investment Trusts,NO,NO,United States,United States
North American Energy Partners Inc.,NOA,Industrials,Heavy Construction,NO,NO,Canada,Canada
Noah Holdings Ltd.,NOAH,Financials,undefined,NO,NO,China,Asia-Pacific
Northrop Grumman Corp.,NOC,Industrials,Defense,YES,NO,United States,United States
Nokia Corp.,NOK,Technology,Telecommunications Equipment,NO,NO,Finland,Europe
Noranda Aluminum Holding Corp.,NOR,Basic Materials,undefined,NO,NO,United States,United States
National Oilwell Varco Inc.,NOV,Oil and Gas,Oil Equipment and Services,YES,NO,United States,United States
Neenah Paper Inc.,NP,Basic Materials,Paper,NO,NO,United States,United States
China Nepstar Chain Drugstore Ltd.,NPD,Consumer Services,Drug Retailers,NO,NO,China,Asia-Pacific
National Presto Industries Inc.,NPK,Consumer Goods,Durable Household Products,NO,NO,United States,United States
EnPro Industries Inc.,NPO,Industrials,Industrial Machinery,NO,NO,United States,United States
NeoPhotonics Corp.,NPTN,Technology,undefined,NO,NO,United States,United States
NetQin Mobile Inc.,NQ,Technology,undefined,NO,NO,China,Asia-Pacific
Newpark Resources Inc.,NR,Oil and Gas,Oil Equipment and Services,NO,NO,United States,United States
Northstar Realty Finance Corp.,NRF,Financials,Mortgage Real Estate Investment Trusts,NO,NO,United States,United States
NRG Energy Inc.,NRG,Utilities,Conventional Electricity,NO,NO,United States,United States
Norfolk Southern Corp.,NSC,Industrials,Railroads,YES,NO,United States,United States
Insperity Inc.,NSP,Industrials,undefined,NO,NO,United States,United States
NeuStar Inc. Cl A,NSR,Industrials,Business Support Services,NO,NO,United States,United States
NSTAR,NST,Utilities,Conventional Electricity,NO,NO,United States,United States
Nam Tai Electronics Inc.,NTE,Industrials,Electrical Components and Equipment,NO,NO,Hong Kong,Asia-Pacific
Nippon Telegraph & Telephone Corp.,NTT,Telecommunications,Fixed Line Telecommunications,NO,NO,Japan,Asia-Pacific
Natuzzi S.p.A.,NTZ,Consumer Goods,Furnishings,NO,NO,Italy,Europe
Northeast Utilities,NU,Utilities,Conventional Electricity,YES,NO,United States,United States
Nucor Corp.,NUE,Basic Materials,Iron and Steel,YES,NO,United States,United States
Nu Skin Enterprises Inc. Cl A,NUS,Consumer Goods,Food Products,NO,NO,United States,United States
NV Energy Inc.,NVE,Utilities,Conventional Electricity,NO,NO,United States,United States
Novo Nordisk A-S,NVO,Health Care,Pharmaceuticals,NO,NO,Denmark,Europe
NVR Inc.,NVR,Consumer Goods,Home Construction,NO,NO,United States,United States
Novartis AG,NVS,Health Care,Pharmaceuticals,NO,NO,Switzerland,Europe
NorthWestern Corp.,NWE,Utilities,Conventional Electricity,NO,NO,United States,United States
Newell Rubbermaid Inc.,NWL,Consumer Goods,Durable Household Products,YES,NO,United States,United States
Northwest Natural Gas Co.,NWN,Utilities,Gas Distribution,NO,NO,United States,United States
New York & Co. Inc.,NWY,Consumer Services,Apparel Retailers,NO,NO,United States,United States
Quanex Building Products Corp.,NX,Industrials,Building Materials and Fixtures,NO,NO,United States,United States
Nexen Inc.,NXY,Oil and Gas,Exploration and Production,NO,NO,Canada,Canada
New York Community Bancorp Inc.,NYB,Financials,Banks,NO,NO,United States,United States
New York Times Co. Cl A,NYT,Consumer Services,Publishing,YES,NO,United States,United States
NYSE Euronext,NYX,Financials,Investment Services,YES,NO,United States,United States
Telecom Corp. of New Zealand Ltd.,NZT,Telecommunications,Fixed Line Telecommunications,NO,NO,New Zealand,Asia-Pacific
Realty Income Corp.,O,Financials,Retail Real Estate Investment Trusts,NO,NO,United States,United States
Oasis Petroleum Inc.,OAS,Oil and Gas,undefined,NO,NO,United States,United States
OneBeacon Insurance Group Ltd. Cl A,OB,Financials,Property and Casualty Insurance,NO,NO,United States,United States
Owens Corning,OC,Industrials,Building Materials and Fixtures,NO,NO,United States,United States
Ocwen Financial Corp.,OCN,Financials,Mortgage Finance,NO,NO,United States,United States
Omnicare Inc.,OCR,Consumer Services,Drug Retailers,NO,NO,United States,United States
Oil-Dri Corp. of America,ODC,Consumer Goods,Nondurable Household Products,NO,NO,United States,United States
Office Depot Inc.,ODP,Consumer Services,Specialty Retailers,YES,NO,United States,United States
Orient Express Hotels Ltd.,OEH,Consumer Services,Hotels,NO,NO,United States,United States
Corporate Office Properties Trust,OFC,Financials,Industrial and Office Real Estate Investment Trusts,NO,NO,United States,United States
Oriental Financial Group Inc.,OFG,Financials,Banks,NO,NO,United States,United States
OGE Energy Corp.,OGE,Oil and Gas,Pipelines,NO,NO,United States,United States
Omega Healthcare Investors Inc.,OHI,Financials,Specialty Real Estate Investment Trusts,NO,NO,United States,United States
Owens-Illinois Inc.,OI,Industrials,Containers and Packaging,YES,NO,United States,United States
Oceaneering International Inc.,OII,Oil and Gas,Oil Equipment and Services,NO,NO,United States,United States
Oil States International Inc.,OIS,Oil and Gas,Oil Equipment and Services,NO,NO,United States,United States
ONEOK Inc.,OKE,Utilities,Gas Distribution,NO,NO,United States,United States
Olin Corp.,OLN,Basic Materials,Commodity Chemicals,NO,NO,United States,United States
One Liberty Properties Inc.,OLP,Financials,Retail Real Estate Investment Trusts,NO,NO,United States,United States
Omnicom Group Inc.,OMC,Consumer Services,Media Agencies,YES,NO,United States,United States
Omega Protein Corp.,OME,Consumer Goods,Food Products,NO,NO,United States,United States
OM Group Inc.,OMG,Basic Materials,Specialty Chemicals,NO,NO,United States,United States
Owens & Minor Inc.,OMI,Health Care,Medical Supplies,NO,NO,United States,United States
OMNOVA Solutions Inc.,OMN,Basic Materials,Specialty Chemicals,NO,NO,United States,United States
OfficeMax Inc.,OMX,Consumer Services,Specialty Retailers,NO,NO,United States,United States
Old National Bancorp,ONB,Financials,Banks,NO,NO,United States,United States
Higher One Holdings Inc.,ONE,Industrials,undefined,NO,NO,United States,United States
Opko Health Inc.,OPK,Health Care,undefined,NO,NO,United States,United States
Oppenheimer Holdings Inc.,OPY,Financials,Investment Services,NO,NO,United States,United States
Ormat Technologies Inc.,ORA,Utilities,Alternative Electricity,NO,NO,United States,United States
Orbital Sciences Corp.,ORB,Industrials,Defense,NO,NO,United States,United States
Old Republic International Corp.,ORI,Financials,Property and Casualty Insurance,NO,NO,United States,United States
Orion Marine Group Inc.,ORN,Industrials,Heavy Construction,NO,NO,United States,United States
Overseas Shipholding Group Inc.,OSG,Industrials,Marine Transportation,NO,NO,United States,United States
Oshkosh Corp.,OSK,Industrials,Commerical Vehicles and Trucks,NO,NO,United States,United States
Orbitz Worldwide Inc.,OWW,Consumer Services,Travel and Tourism,NO,NO,United States,United States
Oxford Industries Inc.,OXM,Consumer Goods,Clothing and Accessories,NO,NO,United States,United States
Occidental Petroleum Corp.,OXY,Oil and Gas,Exploration and Production,YES,NO,United States,United States
Pandora Media Inc.,P,Consumer Services,undefined,NO,NO,United States,United States
Grupo Aeroportuario del Pacifico S.A.B. de C.,PAC,Industrials,Transportation Services,NO,NO,Mexico,Latin America
Pacific Drilling S.A.,PACD,Basic Materials,Oil Equipment and Services,NO,NO,United States,United States
Penske Automotive Group Inc.,PAG,Consumer Services,Specialty Retailers,NO,NO,United States,United States
Pampa Energia S.A.,PAM,Utilities,Conventional Electricity,NO,NO,Argentina,Latin America
3PAR Inc.,PAR,Industrials,Business Support Services,NO,NO,United States,United States
VeriFone Holdings Inc.,PAY,Technology,Computer Hardware,NO,NO,United States,United States
Prestige Brands Holdings Inc.,PBH,Health Care,Pharmaceuticals,NO,NO,United States,United States
Pitney Bowes Inc.,PBI,Technology,Electronic Office Equipment,YES,NO,United States,United States
Petroleo Brasileiro S-A,PBR,Oil and Gas,Integrated Oil and Gas,NO,NO,Brazil,Latin America
Pep Boys-Manny Moe & Jack,PBY,Consumer Services,Specialty Retailers,NO,NO,United States,United States
Panasonic Corp.,PC,Consumer Goods,Consumer Electronics,NO,NO,Japan,Asia-Pacific
PG&E Corp.,PCG,Utilities,Conventional Electricity,YES,NO,United States,United States
Plum Creek Timber Co. Inc. REIT,PCL,Financials,Specialty Real Estate Investment Trusts,YES,NO,United States,United States
Precision Castparts Corp.,PCP,Industrials,Aerospace,YES,NO,United States,United States
MetroPCS Communications Inc.,PCS,Telecommunications,Mobile Telecommunications,YES,NO,United States,United States
Patriot Coal Corp.,PCX,Basic Materials,Coal,NO,NO,United States,United States
Piedmont Office Realty Trust Inc. Cl A,PDM,Financials,undefined,NO,NO,United States,United States
Precision Drilling Trust,PDS,Oil and Gas,Oil Equipment and Services,NO,NO,Canada,Canada
Pebblebrook Hotel Trust,PEB,Financials,Real Estate,NO,NO,United States,United States
Public Service Enterprise Group Inc.,PEG,Utilities,Conventional Electricity,YES,NO,United States,United States
Pennsylvania Real Estate Investment Trust,PEI,Financials,Retail Real Estate Investment Trusts,NO,NO,United States,United States
PepsiCo Inc.,PEP,Consumer Goods,Soft Drinks,YES,NO,United States,United States
Pfizer Inc.,PFE,Health Care,Pharmaceuticals,YES,YES,United States,United States
Principal Financial Group Inc.,PFG,Financials,Life Insurance,YES,NO,United States,United States
Provident Financial Services Inc.,PFS,Financials,Banks,NO,NO,United States,United States
Procter & Gamble Co.,PG,Consumer Goods,Nondurable Household Products,YES,YES,United States,United States
Premiere Global Services Inc.,PGI,Technology,Software,NO,NO,United States,United States
Progress Energy Inc.,PGN,Utilities,Conventional Electricity,YES,NO,United States,United States
Progressive Corp.,PGR,Financials,Property and Casualty Insurance,YES,NO,United States,United States
Parker Hannifin Corp.,PH,Industrials,Industrial Machinery,YES,NO,United States,United States
Koninklijke Philips Electronics N.V.,PHG,Consumer Goods,Consumer Electronics,NO,NO,Netherlands,Europe
PHH Corp.,PHH,Industrials,Transportation Services,NO,NO,United States,United States
Philippine Long Distance Telephone Co.,PHI,Telecommunications,Mobile Telecommunications,NO,NO,Philippines,Asia-Pacific
Pulte Homes Inc.,PHM,Consumer Goods,Home Construction,YES,NO,United States,United States
Panhandle Oil & Gas Inc.,PHX,Oil and Gas,Exploration and Production,NO,NO,United States,United States
Polaris Industries Inc.,PII,Consumer Goods,Recreational Products,NO,NO,United States,United States
Pike Electric Corp.,PIKE,Industrials,Heavy Construction,NO,NO,United States,United States
Pier 1 Imports Inc.,PIR,Consumer Services,Home Improvement Retailers,NO,NO,United States,United States
Piper Jaffray Cos.,PJC,Financials,Investment Services,NO,NO,United States,United States
Parker Drilling Co.,PKD,Oil and Gas,Oil Equipment and Services,NO,NO,United States,United States
Park Electrochemical Corp.,PKE,Industrials,Electrical Components and Equipment,NO,NO,United States,United States
Packaging Corp. of America,PKG,Industrials,Containers and Packaging,NO,NO,United States,United States
PerkinElmer Inc.,PKI,Industrials,Electronic Equipment,YES,NO,United States,United States
POSCO,PKX,Basic Materials,Iron and Steel,NO,NO,South Korea,Asia-Pacific
Parkway Properties Inc.,PKY,Financials,Industrial and Office Real Estate Investment Trusts,NO,NO,United States,United States
Protective Life Corp.,PL,Financials,Life Insurance,NO,NO,United States,United States
ProLogis,PLD,Financials,Industrial and Office Real Estate Investment Trusts,YES,NO,United States,United States
Pall Corp.,PLL,Industrials,Industrial Machinery,YES,NO,United States,United States
Douglas Dynamics Inc.,PLOW,Industrials,undefined,NO,NO,United States,United States
Plantronics Inc.,PLT,Technology,Telecommunications Equipment,NO,NO,United States,United States
Philip Morris International Inc.,PM,Consumer Goods,Tobacco,YES,NO,United States,United States
PharMerica Corp.,PMC,Health Care,Health Care Providers,NO,NO,United States,United States
PennyMac Mortgage Investment Trust,PMT,Financials,Mortgage Real Estate Investment Trusts,NO,NO,United States,United States
PNC Financial Services Group Inc.,PNC,Financials,Banks,YES,NO,United States,United States
Pinnacle Entertainment Inc.,PNK,Consumer Services,Gambling,NO,NO,United States,United States
PNM Resources Inc.,PNM,Utilities,Multiutilities,NO,NO,United States,United States
Pentair Inc.,PNR,Industrials,Industrial Machinery,NO,NO,United States,United States
Pinnacle West Capital Corp.,PNW,Utilities,Conventional Electricity,YES,NO,United States,United States
Phoenix Cos. Inc.,PNX,Financials,Life Insurance,NO,NO,United States,United States
Piedmont Natural Gas Co.,PNY,Utilities,Gas Distribution,NO,NO,United States,United States
PolyOne Corp.,POL,Basic Materials,Commodity Chemicals,NO,NO,United States,United States
Pepco Holdings Inc.,POM,Utilities,Conventional Electricity,YES,NO,United States,United States
Portland General Electric Co.,POR,Utilities,Conventional Electricity,NO,NO,United States,United States
Potash Corp. of Saskatchewan Inc.,POT,Basic Materials,Specialty Chemicals,NO,NO,Canada,Canada
Pilgrim's Pride Corp.,PPC,Consumer Goods,Food and Beverage,NO,NO,United States,United States
PPG Industries Inc.,PPG,Basic Materials,Specialty Chemicals,YES,NO,United States,United States
PPL Corp.,PPL,Utilities,Conventional Electricity,YES,NO,United States,United States
Polypore International Inc.,PPO,Basic Materials,Specialty Chemicals,NO,NO,United States,United States
Primero Mining Corp.,PPP,Basic Materials,undefined,NO,NO,Canada,Canada
Post Properties Inc.,PPS,Financials,Residential Real Estate Investment Trusts,NO,NO,United States,United States
PetroQuest Energy Inc.,PQ,Oil and Gas,Exploration and Production,NO,NO,United States,United States
ProAssurance Corp.,PRA,Financials,Property and Casualty Insurance,NO,NO,United States,United States
PartnerRe Ltd.,PRE,Financials,Reinsurance,NO,NO,United States,United States
Paragon Shipping Inc. Cl A,PRGN,Industrials,undefined,NO,NO,United States,United States
Primerica Inc.,PRI,Financials,undefined,NO,NO,United States,United States
Promotora de Informaciones S.A. Cl A,PRIS,Consumer Services,undefined,NO,NO,Spain,Europe
Promotora de Informaciones S.A. Cl B,PRIS-B,Consumer Services,undefined,NO,NO,Spain,Europe
Pros Holdings Inc.,PRO,Technology,Software,NO,NO,United States,United States
Prudential Financial Inc.,PRU,Financials,Life Insurance,YES,NO,United States,United States
Par Pharmaceutical Cos. Inc.,PRX,Health Care,Pharmaceuticals,NO,NO,United States,United States
Public Storage,PSA,Financials,Specialty Real Estate Investment Trusts,YES,NO,United States,United States
PS Business Parks Inc.,PSB,Financials,Industrial and Office Real Estate Investment Trusts,NO,NO,United States,United States
Pearson PLC,PSO,Consumer Services,Publishing,NO,NO,United Kingdom,Europe
Collective Brands Inc.,PSS,Consumer Services,Apparel Retailers,NO,NO,United States,United States
Portugal Telecom SGPS S-A,PT,Telecommunications,Fixed Line Telecommunications,NO,NO,Portugal,Europe
Primus Telecommunications Group Inc.,PTGI,Telecommunications,undefined,NO,NO,United States,United States
Patni Computer Systems Ltd.,PTI,Technology,Computer Services,NO,NO,India,Asia-Pacific
Platinum Underwriters Holdings Ltd.,PTP,Financials,Reinsurance,NO,NO,United States,United States
PetroChina Co. Ltd.,PTR,Oil and Gas,Integrated Oil and Gas,NO,NO,China,Asia-Pacific
Prudential PLC,PUK,Financials,Life Insurance,NO,NO,United Kingdom,Europe
Pulse Electronics Corp.,PULS,Industrials,undefined,NO,NO,United States,United States
Penn Virginia Corp.,PVA,Oil and Gas,Exploration and Production,NO,NO,United States,United States
A.F.P. Provida S.A.,PVD,Financials,Asset Managers,NO,NO,Chile,Latin America
Phillips-Van Heusen Corp.,PVH,Consumer Goods,Clothing and Accessories,NO,NO,United States,United States
Provident Energy Trust,PVX,Oil and Gas,Exploration and Production,NO,NO,Canada,Canada
Penn West Energy Trust,PWE,Oil and Gas,Exploration and Production,NO,NO,Canada,Canada
Quanta Services Inc.,PWR,Industrials,Heavy Construction,YES,NO,United States,United States
Praxair Inc.,PX,Basic Materials,Commodity Chemicals,YES,NO,United States,United States
Pioneer Natural Resources Co.,PXD,Oil and Gas,Exploration and Production,YES,NO,United States,United States
Plains Exploration & Production Co.,PXP,Oil and Gas,Exploration and Production,NO,NO,United States,United States
Petrobras Energia S.A.,PZE,Oil and Gas,Integrated Oil and Gas,NO,NO,Argentina,Latin America
Pzena Investment Management Inc.,PZN,Financials,Asset Managers,NO,NO,United States,United States
QEP Resources Inc.,QEP,Oil and Gas,undefined,NO,NO,United States,United States
Qihoo 360 Technology Co. Ltd.,QIHU,Technology,undefined,NO,NO,China,Asia-Pacific
Quantum Corp.,QTM,Technology,Computer Hardware,NO,NO,United States,United States
Quad-Graphics Inc.,QUAD,Industrials,undefined,NO,NO,United States,United States
Qiao Xing Mobile Communication Co. Ltd.,QXM,Technology,Telecommunications Equipment,NO,NO,China,Asia-Pacific
Ryder System Inc.,R,Industrials,Transportation Services,YES,NO,United States,United States
RailAmerica Inc.,RA,Industrials,Railroads,NO,NO,United States,United States
Rite Aid Corp.,RAD,Consumer Services,Drug Retailers,NO,NO,United States,United States
Ralcorp Holdings Inc.,RAH,Consumer Goods,Food Products,NO,NO,United States,United States
Reynolds American Inc.,RAI,Consumer Goods,Tobacco,YES,NO,United States,United States
RAIT Financial Trust,RAS,Financials,Mortgage Real Estate Investment Trusts,NO,NO,United States,United States
Bankrate Inc.,RATE,Consumer Services,undefined,NO,NO,United States,United States
Rackspace Hosting Inc.,RAX,Technology,Internet,NO,NO,United States,United States
Ritchie Bros. Auctioneers Inc.,RBA,Industrials,Commerical Vehicles and Trucks,NO,NO,United States,United States
Regal-Beloit Corp.,RBC,Industrials,Electrical Components and Equipment,NO,NO,United States,United States
Robbins & Myers Inc.,RBN,Industrials,Industrial Machinery,NO,NO,United States,United States
Royal Bank of Scotland Group PLC,RBS,Financials,Banks,NO,NO,United Kingdom,Europe
Grupo Radio Centro S.A.B.  de C.V.,RC,Consumer Services,Broadcasting and Entertainment,NO,NO,Mexico,Latin America
Rogers Communications Inc. Cl B,RCI,Telecommunications,Mobile Telecommunications,NO,NO,Canada,Canada
Royal Caribbean Cruises Ltd.,RCL,Consumer Services,Recreational Services,NO,NO,United States,United States
Rowan Cos. Inc.,RDC,Oil and Gas,Oil Equipment and Services,YES,NO,United States,United States
Ruddick Corp.,RDK,Consumer Services,Food Retailers and Wholesalers,NO,NO,United States,United States
Radian Group Inc.,RDN,Financials,Mortgage Finance,NO,NO,United States,United States
Royal Dutch Shell PLC Cl A,RDS-A,Oil and Gas,Integrated Oil and Gas,NO,NO,United Kingdom,Europe
Royal Dutch Shell PLC B,RDS-B,Oil and Gas,Integrated Oil and Gas,NO,NO,United Kingdom,Europe
Dr. Reddy's Laboratories Ltd.,RDY,Health Care,Pharmaceuticals,NO,NO,India,Asia-Pacific
Everest Re Group Ltd.,RE,Financials,Reinsurance,NO,NO,United States,United States
Regency Centers Corp.,REG,Financials,Retail Real Estate Investment Trusts,NO,NO,United States,United States
Resolute Energy Corp.,REN,Oil and Gas,Exploration and Production,NO,NO,United States,United States
Renren Inc. Cl A,RENN,Consumer Services,undefined,NO,NO,China,Asia-Pacific
RPC Inc.,RES,Oil and Gas,Oil Equipment and Services,NO,NO,United States,United States
Revlon Inc. Cl A,REV,Consumer Goods,Personal Products,NO,NO,United States,United States
Rex American Resources Corp.,REX,Oil and Gas,undefined,NO,NO,United States,United States
Regions Financial Corp.,RF,Financials,Banks,YES,NO,United States,United States
Reinsurance Group of America Inc.,RGA,Financials,Reinsurance,NO,NO,United States,United States
Regal Entertainment Group Cl A,RGC,Consumer Services,Recreational Services,NO,NO,United States,United States
Sturm Ruger & Co.,RGR,Industrials,Defense,NO,NO,United States,United States
Regis Corp.,RGS,Consumer Services,Specialized Consumer Services,NO,NO,United States,United States
Robert Half International Inc.,RHI,Industrials,Business Training and Employment Agencies,YES,NO,United States,United States
Red Hat Inc.,RHT,Technology,Software,YES,NO,United States,United States
Transocean Ltd.,RIG,Oil and Gas,Oil Equipment and Services,NO,NO,United States,United States
Rio Tinto PLC,RIO,Basic Materials,undefined,NO,NO,United Kingdom,United Kingdom
Raymond James Financial Inc.,RJF,Financials,Investment Services,NO,NO,United States,United States
Rock-Tenn Co. Cl A,RKT,Industrials,Containers and Packaging,NO,NO,United States,United States
Polo Ralph Lauren Corp.,RL,Consumer Services,Apparel Retailers,YES,NO,United States,United States
RealD Inc.,RLD,Consumer Goods,undefined,NO,NO,United States,United States
Red Lion Hotels Corp.,RLH,Consumer Services,Hotels,NO,NO,United States,United States
RLI Corp.,RLI,Financials,Property and Casualty Insurance,NO,NO,United States,United States
RLJ Lodging Trust,RLJ,Financials,undefined,NO,NO,United States,United States
ResMed Inc.,RMD,Health Care,Medical Equipment,NO,NO,United States,United States
RenaissanceRe Holdings Ltd.,RNR,Financials,Reinsurance,NO,NO,United States,United States
Rockwood Holdings Inc.,ROC,Basic Materials,Specialty Chemicals,NO,NO,United States,United States
Rogers Corp.,ROG,Industrials,Electrical Components and Equipment,NO,NO,United States,United States
Rockwell Automation Corp.,ROK,Industrials,Industrial Machinery,YES,NO,United States,United States
Rollins Inc.,ROL,Consumer Services,Specialized Consumer Services,NO,NO,United States,United States
Roper Industries Inc.,ROP,Industrials,Electronic Equipment,NO,NO,United States,United States
RPM International Inc.,RPM,Basic Materials,Specialty Chemicals,NO,NO,United States,United States
Ramco-Gershenson Properties Trust,RPT,Financials,Retail Real Estate Investment Trusts,NO,NO,United States,United States
Range Resources Corp.,RRC,Oil and Gas,Exploration and Production,YES,NO,United States,United States
RSC Holdings Inc.,RRR,Industrials,Industrial Suppliers,NO,NO,United States,United States
Roadrunner Transportation Systems Inc.,RRTS,Industrials,undefined,NO,NO,United States,United States
Reliance Steel & Aluminum Co.,RS,Basic Materials,Iron and Steel,NO,NO,United States,United States
Republic Services Inc.,RSG,Industrials,Waste and Disposal Services,YES,NO,United States,United States
RadioShack Corp.,RSH,Consumer Services,Specialty Retailers,YES,NO,United States,United States
Resource Capital Corp.,RSO,Financials,Mortgage Real Estate Investment Trusts,NO,NO,United States,United States
Rosetta Stone Inc.,RST,Technology,Software,NO,NO,United States,United States
Ruby Tuesday Inc.,RT,Consumer Services,Restaurants and Bars,NO,NO,United States,United States
RTI International Metals Inc.,RTI,Basic Materials,Nonferrous Metals,NO,NO,United States,United States
Raytheon Co.,RTN,Industrials,Defense,YES,NO,United States,United States
Reed Elsevier PLC,RUK,Consumer Services,Publishing,NO,NO,United Kingdom,Europe
Redwood Trust Inc.,RWT,Financials,Mortgage Real Estate Investment Trusts,NO,NO,United States,United States
Royal Bank of Canada,RY,Financials,Banks,NO,NO,Canada,Canada
Ryland Group Inc.,RYL,Consumer Goods,Home Construction,NO,NO,United States,United States
Rayonier Inc. REIT,RYN,Financials,Specialty Real Estate Investment Trusts,NO,NO,United States,United States
Sprint Nextel Corp.,S,Telecommunications,Mobile Telecommunications,YES,NO,United States,United States
Grupo Casa Saba S.A.B. de C.V.,SAB,Consumer Services,Drug Retailers,NO,NO,Mexico,Latin America
Sonic Automotive Inc. Cl A,SAH,Consumer Services,Specialty Retailers,NO,NO,United States,United States
SAIC Inc.,SAI,Technology,Computer Services,NO,NO,United States,United States
Boston Beer Co. Cl A,SAM,Consumer Goods,Brewers,NO,NO,United States,United States
Banco Santander-Chile,SAN,Financials,Banks,NO,NO,Chile,Latin America
SAP AG,SAP,Technology,Software,NO,NO,Germany,Europe
Safe Bulkers Inc.,SB,Industrials,Marine Transportation,NO,NO,Greece,Europe
Sally Beauty Holdings Inc.,SBH,Consumer Services,Specialty Retailers,NO,NO,United States,United States
Companhia de Saneamento Basico do Estado de S,SBS,Utilities,Water,NO,NO,Brazil,Latin America
SeaBright Insurance Holdings Inc.,SBX,Financials,Property and Casualty Insurance,NO,NO,United States,United States
Southern Copper Corporation,SCCO,Basic Materials,Coppeer,NO,NO,United States,United States
Scana Corp.,SCG,Utilities,Multiutilities,YES,NO,United States,United States
The Charles Schwab Corporation,SCHW,Financials,Investment Services,NO,NO,United States,United States
Service Corp. International,SCI,Consumer Services,Specialized Consumer Services,NO,NO,United States,United States
Stepan Co.,SCL,Basic Materials,Specialty Chemicals,NO,NO,United States,United States
Simcere Pharmaceutical Group,SCR,Health Care,Pharmaceuticals,NO,NO,China,Asia-Pacific
Steelcase Inc. Cl A,SCS,Consumer Goods,Furnishings,NO,NO,United States,United States
L.S. Starrett Co. Cl A,SCX,Consumer Goods,Durable Household Products,NO,NO,United States,United States
SandRidge Energy Inc.,SD,Oil and Gas,Exploration and Production,NO,NO,United States,United States
SeaDrill Ltd.,SDRL,Oil and Gas,undefined,NO,NO,Norway,Europe
Spectra Energy Corp.,SE,Utilities,Gas Distribution,YES,NO,United States,United States
Sealed Air Corp.,SEE,Industrials,Containers and Packaging,YES,NO,United States,United States
Spartech Corp.,SEH,Basic Materials,Specialty Chemicals,NO,NO,United States,United States
Select Medical Holdings Corp.,SEM,Health Care,Health Care Providers,NO,NO,United States,United States
Semgroup Corp. Cl A,SEMG,Oil and Gas,undefined,NO,NO,United States,United States
Stifel Financial Corp.,SF,Financials,Investment Services,NO,NO,United States,United States
Smithfield Foods Inc.,SFD,Consumer Goods,Food Products,NO,NO,United States,United States
Safeguard Scientifics Inc.,SFE,Financials,Specialty Finance,NO,NO,United States,United States
StanCorp Financial Group Inc.,SFG,Financials,Life Insurance,NO,NO,United States,United States
iStar Financial Inc.,SFI,Financials,Mortgage Real Estate Investment Trusts,NO,NO,United States,United States
Ship Finance International Ltd.,SFL,Industrials,Marine Transportation,NO,NO,United States,United States
SuccessFactors Inc.,SFSF,Technology,undefined,NO,NO,United States,United States
SouFun Holdings Ltd.,SFUN,Consumer Services,undefined,NO,NO,China,Asia-Pacific
Swift Energy Co.,SFY,Oil and Gas,Exploration and Production,NO,NO,United States,United States
Schawk Inc.,SGK,Consumer Services,Media Agencies,NO,NO,United States,United States
Stone Energy Corp.,SGY,Oil and Gas,Exploration and Production,NO,NO,United States,United States
Shaw Group Inc.,SHAW,Industrials,Heavy Construction,NO,NO,United States,United States
Shinhan Financial Group Co. Ltd.,SHG,Financials,Banks,NO,NO,South Korea,Asia-Pacific
SINOPEC Shanghai Petrochemical Co. Ltd.,SHI,Basic Materials,Commodity Chemicals,NO,NO,China,Asia-Pacific
Sunstone Hotel Investors Inc.,SHO,Financials,Hotel and Lodging Real Estate Investment Trusts,NO,NO,United States,United States
ShangPharma Corp.,SHP,Health Care,undefined,NO,NO,China,Asia-Pacific
Sauer-Danfoss Inc.,SHS,Industrials,Commerical Vehicles and Trucks,NO,NO,United States,United States
Sherwin-Williams Co.,SHW,Industrials,Building Materials and Fixtures,YES,NO,United States,United States
Siemens AG,SI,Industrials,Diversified Industrials,NO,NO,Germany,Europe
Companhia Siderurgica Nacional,SID,Basic Materials,Iron and Steel,NO,NO,Brazil,Latin America
Signet Jewelers Ltd.,SIG,Consumer Services,Apparel Retailers,NO,NO,United States,United States
Six Flags Entertainment Corp.,SIX,Consumer Services,undefined,NO,NO,United States,United States
South Jersey Industries Inc.,SJI,Utilities,Gas Distribution,NO,NO,United States,United States
J.M. Smucker Co.,SJM,Consumer Goods,Food Products,NO,NO,United States,United States
Shaw Communications Inc. Cl B NV,SJR,Consumer Services,Broadcasting and Entertainment,NO,NO,Canada,Canada
SJW Corp.,SJW,Utilities,Water,NO,NO,United States,United States
Skilled Healthcare Group Inc. Cl A,SKH,Health Care,Health Care Providers,NO,NO,United States,United States
SK Telecom Co. Ltd.,SKM,Telecommunications,Mobile Telecommunications,NO,NO,South Korea,Asia-Pacific
Saks Inc.,SKS,Consumer Services,Apparel Retailers,NO,NO,United States,United States
Tanger Factory Outlet Centers Inc.,SKT,Financials,Retail Real Estate Investment Trusts,NO,NO,United States,United States
Skechers USA Inc. Cl A,SKX,Consumer Goods,Footwear,NO,NO,United States,United States
Skyline Corp.,SKY,Consumer Goods,Home Construction,NO,NO,United States,United States
Schlumberger Ltd.,SLB,Oil and Gas,Oil Equipment and Services,YES,NO,United States,United States
Sara Lee Corp.,SLE,Consumer Goods,Food Products,YES,NO,United States,United States
Sun Life Financial Inc.,SLF,Financials,Life Insurance,NO,NO,Canada,Canada
SL Green Realty Corp.,SLG,Financials,Industrial and Office Real Estate Investment Trusts,NO,NO,United States,United States
Solera Holdings Inc.,SLH,Technology,Software,NO,NO,United States,United States
Sterlite Industries (India) Ltd.,SLT,Basic Materials,Nonferrous Metals,NO,NO,India,Asia-Pacific
Silver Wheaton Corp.,SLW,Basic Materials,Platinum and Precious Metals,NO,NO,Canada,Canada
St. Mary Land & Exploration Co.,SM,Oil and Gas,Exploration and Production,NO,NO,United States,United States
Symmetry Medical Inc.,SMA,Health Care,Medical Equipment,NO,NO,United States,United States
Sumitomo Mitsui Financial Group Inc.,SMFG,Financials,undefined,NO,NO,Japan,Asia-Pacific
Scotts Miracle-Gro Co.,SMG,Consumer Goods,Nondurable Household Products,NO,NO,United States,United States
Semiconductor Manufacturing International Cor,SMI,Technology,Semiconductors,NO,NO,China,Asia-Pacific
Standard Motor Products Inc.,SMP,Consumer Goods,Auto Parts,NO,NO,United States,United States
Sims Metal Management Ltd.,SMS,Industrials,Waste and Disposal Services,NO,NO,Australia,Asia-Pacific
Sanchez Energy Corp.,SN,Oil and Gas,undefined,NO,NO,United States,United States
Snap-On Inc.,SNA,Consumer Goods,Durable Household Products,YES,NO,United States,United States
Sony Corp.,SNE,Consumer Goods,Consumer Electronics,NO,NO,Japan,Asia-Pacific
Senior Housing Properties Trust,SNH,Financials,Specialty Real Estate Investment Trusts,NO,NO,United States,United States
Scripps Networks Interactive Inc. Cl A,SNI,Consumer Services,Broadcasting and Entertainment,YES,NO,United States,United States
Smith & Nephew PLC,SNN,Health Care,Medical Equipment,NO,NO,United Kingdom,Europe
China Petroleum & Chemical Corp.,SNP,Oil and Gas,Integrated Oil and Gas,NO,NO,China,Asia-Pacific
Synovus Financial Corp.,SNV,Financials,Banks,NO,NO,United States,United States
SYNNEX Corp.,SNX,Technology,Computer Hardware,NO,NO,United States,United States
Sanofi-Aventis,SNY,Health Care,Pharmaceuticals,NO,NO,France,Europe
Southern Co.,SO,Utilities,Conventional Electricity,YES,NO,United States,United States
Solutia Inc.,SOA,Basic Materials,Specialty Chemicals,NO,NO,United States,United States
ReneSola Ltd.,SOL,Oil and Gas,Renewable Energy Equipment,NO,NO,China,Asia-Pacific
Sonoco Products Co.,SON,Industrials,Containers and Packaging,NO,NO,United States,United States
Sparton Corp.,SPA,Industrials,Electrical Components and Equipment,NO,NO,United States,United States
Spectrum Brands Holdings Inc.,SPB,Consumer Goods,undefined,NO,NO,United States,United States
Standard Pacific Corp.,SPF,Consumer Goods,Home Construction,NO,NO,United States,United States
Simon Property Group Inc.,SPG,Financials,Retail Real Estate Investment Trusts,YES,NO,United States,United States
Superior Energy Services Inc.,SPN,Oil and Gas,Oil Equipment and Services,NO,NO,United States,United States
Sappi Ltd.,SPP,Basic Materials,Paper,NO,NO,South Africa,MidEast-Africa
Spirit AeroSystems Hldgs Inc. Cl A,SPR,Industrials,Aerospace,NO,NO,United States,United States
SPX Corp.,SPW,Industrials,Industrial Machinery,NO,NO,United States,United States
Sociedad Quimica y Minera De Chile S.A.,SQM,Basic Materials,Specialty Chemicals,NO,NO,Chile,Latin America
Sequans Communications S.A.,SQNS,Technology,undefined,NO,NO,France,Europe
Standard Register Co.,SR,Industrials,Business Support Services,NO,NO,United States,United States
Sempra Energy,SRE,Utilities,Multiutilities,YES,NO,United States,United States
Stoneridge Inc.,SRI,Consumer Goods,Auto Parts,NO,NO,United States,United States
Startek Inc.,SRT,Industrials,Business Support Services,NO,NO,United States,United States
Sunrise Senior Living Inc.,SRZ,Health Care,Health Care Providers,NO,NO,United States,United States
Simpson Manufacturing Co.,SSD,Industrials,Building Materials and Fixtures,NO,NO,United States,United States
Stage Stores Inc.,SSI,Consumer Services,Apparel Retailers,NO,NO,United States,United States
Sasol Ltd.,SSL,Oil and Gas,Integrated Oil and Gas,NO,NO,South Africa,MidEast-Africa
E.W. Scripps Co. Cl A,SSP,Consumer Services,Publishing,NO,NO,United States,United States
Sovran Self Storage Inc.,SSS,Financials,Specialty Real Estate Investment Trusts,NO,NO,United States,United States
Seaspan Corp.,SSW,Industrials,Marine Transportation,NO,NO,Canada,Canada
STAG Industrial Inc.,STAG,Financials,undefined,NO,NO,United States,United States
Stewart Information Services Corp.,STC,Financials,Mortgage Finance,NO,NO,United States,United States
Banco Santander S.A.,STD,Financials,Banks,NO,NO,Spain,Europe
Steris Corp.,STE,Health Care,Medical Equipment,NO,NO,United States,United States
SunTrust Banks Inc.,STI,Financials,Banks,YES,NO,United States,United States
St. Jude Medical Inc.,STJ,Health Care,Medical Equipment,YES,NO,United States,United States
Sterling Bancorp,STL,Financials,Banks,NO,NO,United States,United States
STMicroelectronics N.V.,STM,Technology,Semiconductors,NO,NO,Italy,Europe
Stantec Inc.,STN,Industrials,Business Support Services,NO,NO,Canada,Canada
Scorpio Tankers Inc.,STNG,Industrials,undefined,NO,NO,United States,United States
Statoil ASA,STO,Oil and Gas,Integrated Oil and Gas,NO,NO,Norway,Europe
Suntech Power Holdings Co. Ltd.,STP,Oil and Gas,Renewable Energy Equipment,NO,NO,China,Asia-Pacific
Questar Corp.,STR,Utilities,Gas Distribution,YES,NO,United States,United States
STR Holdings Inc.,STRI,Oil and Gas,Renewable Energy Equipment,NO,NO,United States,United States
State Street Corp.,STT,Financials,Asset Managers,YES,NO,United States,United States
China Digital TV Holding Co. Ltd.,STV,Industrials,Electronic Equipment,NO,NO,United States,United States
Starwood Property Trust Inc.,STWD,Financials,Mortgage Real Estate Investment Trusts,NO,NO,United States,United States
Constellation Brands Inc. Cl A,STZ,Consumer Goods,Distillers and Vintners,YES,NO,United States,United States
Constellation Brands Inc. Cl B,STZ-B,Consumer Goods,Distillers and Vintners,NO,NO,United States,United States
Suncor Energy Inc.,SU,Oil and Gas,Integrated Oil and Gas,NO,NO,Canada,Canada
Southern Union Co.,SUG,Oil and Gas,Exploration and Production,NO,NO,United States,United States
Sun Communities Inc.,SUI,Financials,Residential Real Estate Investment Trusts,NO,NO,United States,United States
Sunoco Inc.,SUN,Oil and Gas,Exploration and Production,YES,NO,United States,United States
Superior Industries International Inc.,SUP,Consumer Goods,Auto Parts,NO,NO,United States,United States
Silvercorp Metals Inc.,SVM,Basic Materials,Platinum and Precious Metals,NO,NO,Canada,Canada
7 Days Group Holdings Ltd.,SVN,Consumer Services,Hotels,NO,NO,China,Asia-Pacific
Supervalu Inc.,SVU,Consumer Services,Food Retailers and Wholesalers,YES,NO,United States,United States
Stillwater Mining Co.,SWC,Basic Materials,Platinum and Precious Metals,NO,NO,United States,United States
Swift Transportation Co. Cl A,SWFT,Industrials,undefined,NO,NO,United States,United States
SolarWinds Inc.,SWI,Technology,Software,NO,NO,United States,United States
Stanley Black & Decker Inc,SWK,Consumer Goods,Durable Household Products,YES,NO,United States,United States
Schweitzer-Mauduit International Inc.,SWM,Consumer Goods,Tobacco,NO,NO,United States,United States
Southwestern Energy Co.,SWN,Oil and Gas,Exploration and Production,YES,NO,United States,United States
SWS Group Inc.,SWS,Financials,Investment Services,NO,NO,United States,United States
Southwest Gas Corp.,SWX,Utilities,Gas Distribution,NO,NO,United States,United States
Safeway Inc.,SWY,Consumer Services,Food Retailers and Wholesalers,YES,NO,United States,United States
SunCoke Energy Inc.,SXC,Basic Materials,undefined,NO,NO,United States,United States
Standex International Corp.,SXI,Industrials,Industrial Machinery,NO,NO,United States,United States
Sensient Technologies Corp.,SXT,Basic Materials,Specialty Chemicals,NO,NO,United States,United States
Symetra Financial Corp.,SYA,Financials,Insurance,NO,NO,United States,United States
Stryker Corp.,SYK,Health Care,Medical Equipment,YES,NO,United States,United States
Syswin Inc.,SYSW,Financials,undefined,NO,NO,China,Asia-Pacific
Syngenta AG,SYT,Basic Materials,Specialty Chemicals,NO,NO,Switzerland,Europe
Systemax Inc.,SYX,Technology,Computer Hardware,NO,NO,United States,United States
Sysco Corp.,SYY,Consumer Services,Food Retailers and Wholesalers,YES,NO,United States,United States
AT&T Inc.,T,Telecommunications,Fixed Line Telecommunications,YES,YES,United States,United States
Transalta Corp.,TAC,Utilities,Conventional Electricity,NO,NO,Canada,Canada
TAL International Group Inc.,TAL,Industrials,Transportation Services,NO,NO,United States,United States
Taomee Holdings Ltd.,TAOM,Consumer Goods,undefined,NO,NO,China,Asia-Pacific
Molson Coors Brewing Co. Cl B,TAP,Consumer Goods,Brewers,YES,NO,United States,United States
Molson Coors Brewing Co. Cl A,TAP-A,Consumer Goods,undefined,NO,NO,United States,United States
TrueBlue Inc.,TBI,Industrials,Business Training and Employment Agencies,NO,NO,United States,United States
Thompson Creek Metals Co. Inc.,TC,Basic Materials,General Mining,NO,NO,United States,United States
TCF Financial Corp.,TCB,Financials,Banks,NO,NO,United States,United States
Transcontinental Realty Investors,TCI,Financials,Real Estate Holding and Development,NO,NO,United States,United States
Teck Resources Ltd.,TCK,Basic Materials,Nonferrous Metals,NO,NO,Canada,Canada
Tata Communications Ltd.,TCL,Telecommunications,Fixed Line Telecommunications,NO,NO,India,Asia-Pacific
Taubman Centers Inc.,TCO,Financials,Retail Real Estate Investment Trusts,NO,NO,United States,United States
Toronto-Dominion Bank,TD,Financials,Banks,NO,NO,Canada,Canada
Teradata Corp.,TDC,Technology,Computer Services,YES,NO,United States,United States
TransDigm Group Inc.,TDG,Industrials,Aerospace,NO,NO,United States,United States
Telephone & Data Systems Inc.,TDS,Telecommunications,Mobile Telecommunications,NO,NO,United States,United States
Telephone & Data Systems Inc. Cl S,TDS-S,Telecommunications,Mobile Telecommunications,NO,NO,United States,United States
Tidewater Inc.,TDW,Oil and Gas,Oil Equipment and Services,NO,NO,United States,United States
Teledyne Technologies Inc.,TDY,Industrials,Aerospace,NO,NO,United States,United States
Teco Energy Inc.,TE,Utilities,Conventional Electricity,YES,NO,United States,United States
Teavana Holdings Inc.,TEA,Consumer Services,undefined,NO,NO,United States,United States
Telefonica S.A.,TEF,Telecommunications,Fixed Line Telecommunications,NO,NO,Spain,Europe
Integrys Energy Group Inc.,TEG,Utilities,Multiutilities,YES,NO,United States,United States
Tyco Electronics Ltd.,TEL,Industrials,Electrical Components and Equipment,NO,NO,United States,United States
Tenneco Inc.,TEN,Consumer Goods,Auto Parts,NO,NO,United States,United States
Telecom Argentina S.A.,TEO,Telecommunications,Fixed Line Telecommunications,NO,NO,Argentina,Latin America
Teradyne Inc.,TER,Technology,Semiconductors,YES,NO,United States,United States
Box Ships Inc.,TEU,Industrials,undefined,NO,NO,United States,United States
Terex Corp.,TEX,Industrials,Commerical Vehicles and Trucks,NO,NO,United States,United States
Teleflex Inc.,TFX,Industrials,Diversified Industrials,NO,NO,United States,United States
Tredegar Corp.,TG,Basic Materials,Specialty Chemicals,NO,NO,United States,United States
Textainer Group Holdings Ltd.,TGH,Industrials,Transportation Services,NO,NO,United States,United States
Triumph Group Inc.,TGI,Industrials,Aerospace,NO,NO,United States,United States
Transportadora de Gas del Sur S.A.,TGS,Oil and Gas,Pipelines,NO,NO,Argentina,Latin America
Target Corp.,TGT,Consumer Services,Broadline Retailers,YES,NO,United States,United States
Theragenics Corp.,TGX,Health Care,Medical Supplies,NO,NO,United States,United States
Tenet Healthcare Corp.,THC,Health Care,Health Care Providers,YES,NO,United States,United States
Hanover Insurance Group Inc.,THG,Financials,Property and Casualty Insurance,NO,NO,United States,United States
Tim Hortons Inc.,THI,Consumer Services,Restaurants and Bars,NO,NO,Canada,Canada
Thor Industries Inc.,THO,Consumer Goods,Recreational Products,NO,NO,United States,United States
Thermon Group Holdings Inc.,THR,Industrials,undefined,NO,NO,United States,United States
TreeHouse Foods Inc.,THS,Consumer Goods,Food Products,NO,NO,United States,United States
Telecom Italia S.p.A.,TI,Telecommunications,Fixed Line Telecommunications,NO,NO,Italy,Europe
Titanium Metals Corp.,TIE,Basic Materials,Nonferrous Metals,YES,NO,United States,United States
Tiffany & Co.,TIF,Consumer Services,Specialty Retailers,YES,NO,United States,United States
Temple-Inland Inc.,TIN,Industrials,Containers and Packaging,NO,NO,United States,United States
TJX Cos.,TJX,Consumer Services,Apparel Retailers,YES,NO,United States,United States
Teekay Corp.,TK,Industrials,Marine Transportation,NO,NO,United States,United States
Turkcell Iletisim Hizmetleri A.S.,TKC,Telecommunications,Mobile Telecommunications,NO,NO,Turkey,MidEast-Africa
Timken Co.,TKR,Industrials,Industrial Machinery,NO,NO,United States,United States
Talbots Inc.,TLB,Consumer Services,Apparel Retailers,NO,NO,United States,United States
Telekomunikasi Indonesia,TLK,Telecommunications,Fixed Line Telecommunications,NO,NO,Indonesia,Asia-Pacific
Talisman Energy Inc.,TLM,Oil and Gas,Exploration and Production,NO,NO,Canada,Canada
Toyota Motor Corp.,TM,Consumer Goods,Automobiles,NO,NO,Japan,Asia-Pacific
Team Health Holding Inc.,TMH,Health Care,Health Care,NO,NO,United States,United States
Torchmark Corp.,TMK,Financials,Life Insurance,YES,NO,United States,United States
Grupo TMM S.A.B.,TMM,Industrials,Transportation Services,NO,NO,Mexico,Latin America
Thermo Fisher Scientific Inc.,TMO,Health Care,Medical Equipment,YES,NO,United States,United States
TMS International Corp. Cl A,TMS,Basic Materials,undefined,NO,NO,United States,United States
Telefonos de Mexico S.A.B. de C.V.,TMX,Telecommunications,Fixed Line Telecommunications,NO,NO,Mexico,Latin America
Thomas & Betts Corp.,TNB,Industrials,Electrical Components and Equipment,NO,NO,United States,United States
Tennant Co.,TNC,Industrials,Commerical Vehicles and Trucks,NO,NO,United States,United States
Teekay Tankers Ltd.,TNK,Oil and Gas,Oil Equipment and Services,NO,NO,Greece,Europe
Tsakos Energy Navigation Ltd.,TNP,Industrials,Marine Transportation,NO,NO,Greece,Europe
TNS Inc.,TNS,Technology,Telecommunications Equipment,NO,NO,United States,United States
Toll Brothers Inc.,TOL,Consumer Goods,Home Construction,NO,NO,United States,United States
Total S.A.,TOT,Oil and Gas,Integrated Oil and Gas,NO,NO,France,Europe
Tower International Inc.,TOWR,Consumer Goods,undefined,NO,NO,United States,United States
Tutor Perini Corp.,TPC,Industrials,Heavy Construction,NO,NO,United States,United States
Texas Pacific Land Trust Sub Share Ctf,TPL,Oil and Gas,Exploration and Production,NO,NO,United States,United States
Tempur-Pedic International Inc.,TPX,Consumer Goods,Furnishings,NO,NO,United States,United States
Tootsie Roll Industries Inc.,TR,Consumer Goods,Food Products,NO,NO,United States,United States
Tejon Ranch Co.,TRC,Financials,Real Estate Holding and Development,NO,NO,United States,United States
Trex Co. Inc.,TREX,Industrials,Building Materials and Fixtures,NO,NO,United States,United States
Targa Resources Corp.,TRGP,Oil and Gas,undefined,NO,NO,United States,United States
TransAtlantic Holdings Inc.,TRH,Financials,Reinsurance,NO,NO,United States,United States
Thomson Reuters Corp.,TRI,Consumer Services,Publishing,NO,NO,Canada,Canada
Speedway Motorsports Inc.,TRK,Consumer Services,Recreational Services,NO,NO,United States,United States
Trinity Industries Inc.,TRN,Industrials,Commerical Vehicles and Trucks,NO,NO,United States,United States
Terreno Realty Corp.,TRNO,Financials,undefined,NO,NO,United States,United States
TransCanada Corp.,TRP,Oil and Gas,Pipelines,NO,NO,Canada,Canada
TRC Cos. Inc.,TRR,Industrials,Heavy Construction,NO,NO,United States,United States
Travelers Cos. Inc.,TRV,Financials,Property and Casualty Insurance,YES,YES,United States,United States
TRW Automotive Holdings Corp.,TRW,Consumer Goods,Auto Parts,NO,NO,United States,United States
Tenaris S.A.,TS,Basic Materials,Iron and Steel,NO,NO,Italy,Europe
Trina Solar Ltd.,TSL,Oil and Gas,Renewable Energy Equipment,NO,NO,China,Asia-Pacific
Taiwan Semiconductor Manufacturing Co.,TSM,Technology,Semiconductors,NO,NO,Taiwan,Asia-Pacific
Tyson Foods Inc. Cl A,TSN,Consumer Goods,Food Products,YES,NO,United States,United States
Tesoro Corp.,TSO,Oil and Gas,Exploration and Production,YES,NO,United States,United States
Total System Services Inc.,TSS,Industrials,Financial Administration,YES,NO,United States,United States
Toro Co.,TTC,Industrials,Commerical Vehicles and Trucks,NO,NO,United States,United States
Tetra Technologies Inc.,TTI,Oil and Gas,Oil Equipment and Services,NO,NO,United States,United States
Tata Motors Ltd.,TTM,Industrials,Commerical Vehicles and Trucks,NO,NO,India,Asia-Pacific
TELUS Corp. Non Voting shares,TU,Telecommunications,Fixed Line Telecommunications,NO,NO,Canada,Canada
Mac-Gray Corp.,TUC,Consumer Services,Specialized Consumer Services,NO,NO,United States,United States
Tupperware Brands Corp.,TUP,Consumer Goods,Durable Household Products,NO,NO,United States,United States
Grupo Televisa S.A. de C.V.,TV,Consumer Services,Broadcasting and Entertainment,NO,NO,Mexico,Latin America
Lin TV Corp.,TVL,Consumer Services,Broadcasting and Entertainment,NO,NO,United States,United States
Towers Watson & Co. Cl A,TW,Industrials,Industrial Goods and Services,NO,NO,United States,United States
Time Warner Cable Inc.,TWC,Consumer Services,Broadcasting and Entertainment,YES,NO,United States,United States
Titan International Inc.,TWI,Consumer Goods,Tires,NO,NO,United States,United States
Two Harbors Investment Corp.,TWO,Financials,undefined,NO,NO,United States,United States
Time Warner Inc.,TWX,Consumer Services,Broadcasting and Entertainment,YES,NO,United States,United States
TERNIUM S.A.,TX,Basic Materials,Iron and Steel,NO,NO,Mexico,Latin America
Texas Industries Inc.,TXI,Industrials,Building Materials and Fixtures,NO,NO,United States,United States
Texas Instruments Inc.,TXN,Technology,Semiconductors,YES,NO,United States,United States
Textron Inc.,TXT,Industrials,Aerospace,YES,NO,United States,United States
Tyco International Ltd.,TYC,Industrials,Diversified Industrials,NO,NO,United States,United States
Tyler Technologies Inc.,TYL,Technology,Computer Services,NO,NO,United States,United States
Under Armour Inc. Cl A,UA,Consumer Goods,Clothing and Accessories,NO,NO,United States,United States
United Continental Holdings Inc.,UAL,Consumer Services,undefined,NO,NO,United States,United States
Universal American Corp.,UAM,Health Care,Health Care Providers,NO,NO,United States,United States
Urstadt Biddle Properties Inc. Cl A,UBA,Financials,Retail Real Estate Investment Trusts,NO,NO,United States,United States
Urstadt Biddle Properties Inc.,UBP,Financials,Retail Real Estate Investment Trusts,NO,NO,United States,United States
UBS AG,UBS,Financials,Banks,NO,NO,Switzerland,Europe
UDR Inc.,UDR,Financials,Residential Real Estate Investment Trusts,NO,NO,United States,United States
Unifi Inc.,UFI,Consumer Goods,Clothing and Accessories,NO,NO,United States,United States
Domtar Corp.,UFS,Basic Materials,Paper,NO,NO,United States,United States
UGI Corp.,UGI,Utilities,Gas Distribution,NO,NO,United States,United States
Universal Health Services Inc. Cl B,UHS,Health Care,Health Care Providers,NO,NO,United States,United States
Universal Health Realty Income Trust,UHT,Financials,Specialty Real Estate Investment Trusts,NO,NO,United States,United States
UIL Holdings Corp.,UIL,Utilities,Conventional Electricity,NO,NO,United States,United States
Unisys Corp.,UIS,Technology,Computer Services,NO,NO,United States,United States
Unilever PLC,UL,Consumer Goods,Food Products,NO,NO,United Kingdom,Europe
United Microelectronics Corp.,UMC,Technology,Semiconductors,NO,NO,Taiwan,Asia-Pacific
Unilever N.V.,UN,Consumer Goods,Food Products,NO,NO,Netherlands,Europe
UniFirst Corp.,UNF,Industrials,Business Support Services,NO,NO,United States,United States
UnitedHealth Group Inc.,UNH,Health Care,Health Care Providers,YES,NO,United States,United States
Unum Group,UNM,Financials,Life Insurance,YES,NO,United States,United States
Union Pacific Corp.,UNP,Industrials,Railroads,YES,NO,United States,United States
UniSource Energy Corp.,UNS,Utilities,Conventional Electricity,NO,NO,United States,United States
Unit Corp.,UNT,Oil and Gas,Oil Equipment and Services,NO,NO,United States,United States
Ultra Petroleum Corp.,UPL,Oil and Gas,Exploration and Production,NO,NO,United States,United States
United Parcel Service Inc. Cl B,UPS,Industrials,Delivery Services,YES,NO,United States,United States
United Rentals Inc.,URI,Industrials,Business Support Services,NO,NO,United States,United States
URS Corp.,URS,Industrials,Business Support Services,NO,NO,United States,United States
U.S. Bancorp,USB,Financials,Banks,YES,NO,United States,United States
USG Corp.,USG,Industrials,Building Materials and Fixtures,NO,NO,United States,United States
U.S. Cellular Corp.,USM,Telecommunications,Mobile Telecommunications,NO,NO,United States,United States
USANA Health Sciences Inc.,USNA,Consumer Goods,undefined,NO,NO,United States,United States
USEC Inc.,USU,Basic Materials,Nonferrous Metals,NO,NO,United States,United States
Universal Travel Group,UTA,Consumer Services,Travel and Tourism,NO,NO,United States,United States
Universal Technical Institute Inc.,UTI,Industrials,Business Training and Employment Agencies,NO,NO,United States,United States
Unitil Corp.,UTL,Utilities,Conventional Electricity,NO,NO,United States,United States
United Technologies Corp.,UTX,Industrials,Aerospace,YES,YES,United States,United States
Universal Corp.,UVV,Consumer Goods,Tobacco,NO,NO,United States,United States
US Gold Corp.,UXG,Basic Materials,undefined,NO,NO,United States,United States
VISA Inc. Cl A,V,Financials,Consumer Finance,NO,NO,United States,United States
Marriott Vacations Worldwide Corp.,VAC,Consumer Services,undefined,NO,NO,United States,United States
Valspar Corp.,VAL,Basic Materials,Specialty Chemicals,NO,NO,United States,United States
Vale S.A.,VALE,Basic Materials,Iron and Steel,NO,NO,Brazil,Latin America
Varian Medical Systems Inc.,VAR,Health Care,Medical Equipment,YES,NO,United States,United States
Visteon Corp.,VC,Consumer Goods,undefined,NO,NO,United States,United States
Valassis Communications Inc.,VCI,Consumer Services,Media Agencies,NO,NO,United States,United States
Vina Concha y Toro S.A.,VCO,Consumer Goods,Distillers and Vintners,NO,NO,Chile,Latin America
Veolia Environnement,VE,Utilities,Water,NO,NO,France,Europe
VF Corp.,VFC,Consumer Goods,Clothing and Accessories,YES,NO,United States,United States
Vonage Holdings Corp.,VG,Telecommunications,Fixed Line Telecommunications,NO,NO,United States,United States
Vector Group Ltd.,VGR,Consumer Goods,Tobacco,NO,NO,United States,United States
Valhi Inc.,VHI,Basic Materials,Specialty Chemicals,NO,NO,United States,United States
Vanguard Health Systems Inc.,VHS,Health Care,undefined,NO,NO,United States,United States
Vimpel Communications,VIP,Telecommunications,Mobile Telecommunications,NO,NO,Russia,Asia-Pacific
Vanceinfo Technologies Inc.,VIT,Technology,Software,NO,NO,China,Asia-Pacific
Valero Energy Corp.,VLO,Oil and Gas,Exploration and Production,YES,NO,United States,United States
Valley National Bancorp,VLY,Financials,Banks,NO,NO,United States,United States
Vulcan Materials Co.,VMC,Industrials,Building Materials and Fixtures,YES,NO,United States,United States
Valmont Industries Inc.,VMI,Industrials,Building Materials and Fixtures,NO,NO,United States,United States
VMware Inc.,VMW,Technology,Software,NO,NO,United States,United States
Vornado Realty Trust,VNO,Financials,Industrial and Office Real Estate Investment Trusts,YES,NO,United States,United States
Vishay Precision Group Inc.,VPG,Industrials,undefined,NO,NO,United States,United States
Venoco Inc.,VQ,Oil and Gas,Exploration and Production,NO,NO,United States,United States
Validus Holdings Ltd.,VR,Financials,Reinsurance,NO,NO,United States,United States
Verso Paper Corp.,VRS,Basic Materials,Paper,NO,NO,United States,United States
Valeant Pharmaceuticals International,VRX,Health Care,Pharmaceuticals,NO,NO,United States,United States
Vishay Intertechnology Inc.,VSH,Industrials,Electrical Components and Equipment,NO,NO,United States,United States
Vitamin Shoppe Inc.,VSI,Consumer Services,Food Retailers and Wholesalers,NO,NO,United States,United States
Ventas Inc.,VTR,Financials,Specialty Real Estate Investment Trusts,YES,NO,United States,United States
Vectren Corp.,VVC,Utilities,Multiutilities,NO,NO,United States,United States
Viad Corp.,VVI,Industrials,Business Support Services,NO,NO,United States,United States
Verizon Communications Inc.,VZ,Telecommunications,Fixed Line Telecommunications,YES,YES,United States,United States
Wabtec,WAB,Industrials,Commerical Vehicles and Trucks,NO,NO,United States,United States
Walgreen Co.,WAG,Consumer Services,Drug Retailers,YES,NO,United States,United States
Wesco Aircraft Holdings Inc.,WAIR,Industrials,undefined,NO,NO,United States,United States
Western Alliance Bancorp.,WAL,Financials,Banks,NO,NO,United States,United States
Waters Corp.,WAT,Health Care,Medical Equipment,YES,NO,United States,United States
WABCO Holdings Inc.,WBC,Consumer Goods,Auto Parts,NO,NO,United States,United States
Westpac Banking Corp.,WBK,Financials,Banks,NO,NO,Australia,Asia-Pacific
Webster Financial Corp.,WBS,Financials,Banks,NO,NO,United States,United States
Wesco International Inc.,WCC,Industrials,Electrical Components and Equipment,NO,NO,United States,United States
WellCare Health Plans Inc.,WCG,Health Care,Health Care Providers,NO,NO,United States,United States
Waste Connections Inc.,WCN,Industrials,Waste and Disposal Services,NO,NO,United States,United States
Walker & Dunlop Inc.,WD,Financials,undefined,NO,NO,United States,United States
Western Digital Corp.,WDC,Technology,Computer Hardware,YES,NO,United States,United States
Waddell & Reed Financial Inc.,WDR,Financials,Asset Managers,NO,NO,United States,United States
Wisconsin Energy Corp.,WEC,Utilities,Multiutilities,YES,NO,United States,United States
Woori Finance Holdings Co. Ltd.,WF,Financials,Banks,NO,NO,South Korea,Asia-Pacific
Wells Fargo & Co.,WFC,Financials,Banks,YES,NO,United States,United States
MEMC Electronic Materials Inc.,WFR,Technology,Semiconductors,YES,NO,United States,United States
Weatherford International Ltd.,WFT,Oil and Gas,Oil Equipment and Services,NO,NO,United States,United States
Willbros Group Inc.,WG,Oil and Gas,Oil Equipment and Services,NO,NO,United States,United States
WGL Holdings Inc.,WGL,Utilities,Gas Distribution,NO,NO,United States,United States
Winnebago Industries Inc.,WGO,Consumer Goods,Recreational Products,NO,NO,United States,United States
WSP Holdings Ltd.,WH,Oil and Gas,Oil Equipment and Services,NO,NO,China,Asia-Pacific
Westwood Holdings Group Inc.,WHG,Financials,Asset Managers,NO,NO,United States,United States
Whirlpool Corp.,WHR,Consumer Goods,Durable Household Products,YES,NO,United States,United States
Wipro Ltd.,WIT,Technology,Computer Services,NO,NO,India,Asia-Pacific
Westlake Chemical Corp.,WLK,Basic Materials,Specialty Chemicals,NO,NO,United States,United States
Whiting Petroleum Corp.,WLL,Oil and Gas,Exploration and Production,NO,NO,United States,United States
WellPoint Inc.,WLP,Health Care,Health Care Providers,YES,NO,United States,United States
Walter Energy Inc.,WLT,Basic Materials,Coal,NO,NO,United States,United States
Waste Management Inc.,WM,Industrials,Waste and Disposal Services,YES,NO,United States,United States
Williams Cos.,WMB,Oil and Gas,Pipelines,YES,NO,United States,United States
Weis Markets Inc.,WMK,Consumer Services,Food Retailers and Wholesalers,NO,NO,United States,United States
WMS Industries Inc.,WMS,Consumer Services,Gambling,NO,NO,United States,United States
Wal-Mart Stores Inc.,WMT,Consumer Services,Broadline Retailers,YES,YES,United States,United States
Wabash National Corp.,WNC,Industrials,Commerical Vehicles and Trucks,NO,NO,United States,United States
Schiff Nutrition International Inc. Cl A,WNI,Consumer Goods,Food Products,NO,NO,United States,United States
Western Refining Inc.,WNR,Oil and Gas,Exploration and Production,NO,NO,United States,United States
WNS (Holdings) Ltd.,WNS,Industrials,Business Support Services,NO,NO,India,Asia-Pacific
Worthington Industries Inc.,WOR,Basic Materials,Iron and Steel,NO,NO,United States,United States
Watson Pharmaceuticals Inc.,WPI,Health Care,Pharmaceuticals,YES,NO,United States,United States
Washington Post Co. Cl B,WPO,Consumer Services,Publishing,YES,NO,United States,United States
Wausau Paper Corp.,WPP,Basic Materials,Paper,NO,NO,United States,United States
Westar Energy Inc.,WR,Utilities,Conventional Electricity,NO,NO,United States,United States
W.R. Berkley Corp.,WRB,Financials,Property and Casualty Insurance,NO,NO,United States,United States
Warnaco Group Inc.,WRC,Consumer Goods,Clothing and Accessories,NO,NO,United States,United States
Washington Real Estate Investment Trust,WRE,Financials,Diversified Real Estate Investment Trusts,NO,NO,United States,United States
Weingarten Realty Investors,WRI,Financials,Retail Real Estate Investment Trusts,NO,NO,United States,United States
Willis Group Holdings Ltd.,WSH,Financials,Insurance Brokers,NO,NO,United States,United States
Williams-Sonoma Inc.,WSM,Consumer Services,Specialty Retailers,NO,NO,United States,United States
Watsco Inc.,WSO,Industrials,Building Materials and Fixtures,NO,NO,United States,United States
West Pharmaceutical Services Inc.,WST,Health Care,Medical Supplies,NO,NO,United States,United States
W&T Offshore Inc.,WTI,Oil and Gas,Exploration and Production,NO,NO,United States,United States
White Mountains Insurance Group Ltd.,WTM,Financials,Property and Casualty Insurance,NO,NO,United States,United States
Aqua America Inc.,WTR,Utilities,Water,NO,NO,United States,United States
Watts Water Technologies Inc. Cl A,WTS,Industrials,Building Materials and Fixtures,NO,NO,United States,United States
Weight Watchers International Inc.,WTW,Consumer Services,Specialized Consumer Services,NO,NO,United States,United States
Western Union Co.,WU,Financials,Consumer Finance,YES,NO,United States,United States
World Wrestling Entertainment Inc. Cl A,WWE,Consumer Services,Recreational Services,NO,NO,United States,United States
Wolverine World Wide Inc.,WWW,Consumer Goods,Footwear,NO,NO,United States,United States
WuXi Pharmatech (Cayman) Inc.,WX,Health Care,Pharmaceuticals,NO,NO,China,Asia-Pacific
Wright Express Corp.,WXS,Industrials,Financial Administration,NO,NO,United States,United States
Weyerhaeuser Co.,WY,Industrials,Building Materials and Fixtures,YES,NO,United States,United States
Wyndham Worldwide Corp.,WYN,Consumer Services,Hotels,YES,NO,United States,United States
United States Steel Corp.,X,Basic Materials,Iron and Steel,YES,NO,United States,United States
EXCO Resources Inc.,XCO,Oil and Gas,Exploration and Production,NO,NO,United States,United States
Cimarex Energy Co.,XEC,Oil and Gas,Exploration and Production,NO,NO,United States,United States
Xcel Energy Inc.,XEL,Utilities,Conventional Electricity,YES,NO,United States,United States
Xinyuan Real Estate Co. Ltd.,XIN,Financials,Real Estate Holding and Development,NO,NO,China,Asia-Pacific
XL Capital Ltd. Cl A,XL,Financials,Property and Casualty Insurance,YES,NO,United States,United States
Exelis Inc.,XLS,Industrials,undefined,NO,NO,United States,United States
China Xiniya Fashion Ltd.,XNY,Consumer Goods,undefined,NO,NO,China,Asia-Pacific
Exxon Mobil Corp.,XOM,Oil and Gas,Integrated Oil and Gas,YES,YES,United States,United States
XO Group Inc.,XOXO,Consumer Services,undefined,NO,NO,United States,United States
Xerium Technologies Inc.,XRM,Industrials,Industrial Machinery,NO,NO,United States,United States
TAL Education Group,XRS,Consumer Services,undefined,NO,NO,China,Asia-Pacific
Xerox Corp.,XRX,Technology,Electronic Office Equipment,YES,NO,United States,United States
Xueda Education Group,XUE,Consumer Services,undefined,NO,NO,China,Asia-Pacific
Xylem Inc.,XYL,Utilities,undefined,NO,NO,United States,United States
Alleghany Corp.,Y,Financials,Property and Casualty Insurance,NO,NO,United States,United States
Yingli Green Energy Holding Co. Ltd.,YGE,Oil and Gas,Renewable Energy Equipment,NO,NO,China,Asia-Pacific
Youku Inc.,YOKU,Consumer Services,undefined,NO,NO,China,Asia-Pacific
YPF S.A.,YPF,Oil and Gas,Integrated Oil and Gas,NO,NO,Argentina,Latin America
Yum! Brands Inc.,YUM,Consumer Services,Restaurants and Bars,YES,NO,United States,United States
Yanzhou Coal Mining Co. Ltd.,YZC,Basic Materials,Coal,NO,NO,China,Asia-Pacific
Zuoan Fashion Ltd.,ZA,Consumer Goods,undefined,NO,NO,China,Asia-Pacific
Zep Inc.,ZEP,Basic Materials,Specialty Chemicals,NO,NO,United States,United States
Zale Corp.,ZLC,Consumer Services,Apparel Retailers,NO,NO,United States,United States
Zimmer Holdings Inc.,ZMH,Health Care,Medical Equipment,YES,NO,United States,United States
China Southern Airlines Co. Ltd.,ZNH,Consumer Services,Airlines,NO,NO,China,Asia-Pacific
Quiksilver Inc.,ZQK,Consumer Goods,Clothing and Accessories,NO,NO,United States,United States
China Zenix Auto International Ltd.,ZX,Consumer Goods,undefined,NO,NO,China,Asia-Pacific
Sealy Corp.,ZZ,Consumer Goods,Furnishings,NO,NO,United States,United States