Date;2012-11-14;;;;;;;;;;;;;;;;;
Index Close;967.24;;;;;;;;;;;;;;;;;
Index Divisor;993610.650963;;;;;;;;;;;;;;;;;
;;;;;;;;;;;;;;;;;;
ISIN;Security Name;Security RIC;Security Ticker;Security SEDOL;Security CUSIP;Country;Country Based on Revenue;Closing Price;Currency;Closing Fx;Total Shares;Market Cap (Full);Market Cap (Free Float);Free float factor;Weighting Cap Factor;Index Weighting;Index Shares;Index Value
US00768Y2063;WCM/BNY Mellon Focused Growth ADR ETF;AADR.P;AADR UP EQUITY;B415VC0;00768Y206;UNITED STATES;;29.59;USD;1;42366;1253609.94;1253609.94;1;1;0.130441%;0.042638;1.261671
US4642881829;iShares MSCI All Country Asia ex Japan Index Fund;AAXJ.OQ;AAXJ UQ EQUITY;B3B9631;464288182;UNITED STATES;;56.09;USD;1;22781;1277786.29;1277786.29;1;1;0.132956%;0.022927;1.286003
US18383Q7887;Guggenheim ABC High Dividend ETF;ABCS.P;ABCS UP EQUITY;B469LH2;18383Q788;UNITED STATES;;18.1006;USD;1;66720;1207672.032;1207672.032;1;1;0.125661%;0.067149;1.215438
US4642882579;iShares MSCI ACWI Index Fund;ACWI.OQ;ACWI UQ EQUITY;B2QKQH6;464288257;UNITED STATES;;45.55;USD;1;27071;1233084.05;1233084.05;1;1;0.128305%;0.027245;1.241013
US4642882405;iShares MSCI ACWI ex US Index Fund;ACWX.OQ;ACWX UQ EQUITY;B2QKQP4;464288240;UNITED STATES;;38.93;USD;1;31854;1240076.22;1240076.22;1;1;0.129033%;0.032059;1.24805
US09348R1023;BLDRS Asia 50 ADR Index Fund;ADRA.OQ;ADRA UQ EQUITY;2077488;09348R102;UNITED STATES;;23.48;USD;1;52936;1242937.28;1242937.28;1;1;0.12933%;0.053276;1.25093
US09348R2013;BLDRS Developed Markets 100 ADR Index Fund;ADRD.OQ;ADRD UQ EQUITY;2077392;09348R201;UNITED STATES;;19.61;USD;1;63392;1243117.12;1243117.12;1;1;0.129349%;0.0638;1.251111
US09348R3003;BLDRS Emerging Markets 50 ADR Index Fund;ADRE.OQ;ADRE UQ EQUITY;2077369;09348R300;UNITED STATES;;37.96;USD;1;32458;1232105.68;1232105.68;1;1;0.128203%;0.032667;1.240029
US09348R4092;BLDRS Europe 100 ADR Index Fund;ADRU.OQ;ADRU UQ EQUITY;2077563;09348R409;UNITED STATES;;19.79;USD;1;62834;1243484.86;1243484.86;1;1;0.129387%;0.063238;1.251481
US57060U7871;Market Vectors Africa Index ETF;AFK.P;AFK UP EQUITY;B3BQG21;57060U787;UNITED STATES;;31.2;USD;1;40934;1277140.8;1277140.8;1;1;0.132889%;0.041197;1.285353
US2684611005;EGShares GEMS Composite ETF;AGEM.P;AGEM UP EQUITY;B3NN6Y2;268461100;UNITED STATES;;22.03;USD;1;57333;1263045.99;1263045.99;1;1;0.131423%;0.057702;1.271168
US4642872265;ISHARES BARCLAYS AGGREGATE;AGG.P;AGG UP Equity;2897404;464287226;UNITED STATES;;112.23;USD;1;11459;1286043.57;1286043.57;1;1;0.133815%;0.011533;1.294313
US26923C1027;ETFS Asian Gold Trust;AGOL.P;AGOL UP EQUITY;B3YWXN6;26923C102;UNITED STATES;;172.5099;USD;1;7319;1262599.9581;1262599.9581;1;1;0.131376%;0.007366;1.270719
US4642881662;iShares Barclays Agency Bond Fund;AGZ.P;AGZ UP EQUITY;B3FFSM8;464288166;UNITED STATES;;113.84;USD;1;11270;1282976.8;1282976.8;1;1;0.133496%;0.011342;1.291227
US4642884302;iShares S&P Asia 50 Index Fund;AIA.P;AIA UP EQUITY;B29FC92;464288430;UNITED STATES;;44.2;USD;1;28718;1269335.6;1269335.6;1;1;0.132077%;0.028903;1.277498
US97717X8424;WisdomTree Asia Local Debt Fund;ALD.P;ALD UP EQUITY;B65TD04;97717X842;UNITED STATES;;52.89;USD;1;24587;1300406.43;1300406.43;1;1;0.13531%;0.024745;1.308769
US00162Q8666;Alerian MLP ETF;AMLP.P;AMLP UP EQUITY;B53D5F0;00162Q866;UNITED STATES;;15.84;USD;1;77518;1227885.12;1227885.12;1;1;0.127764%;0.078016;1.235781
US37950E6555;Global X FTSE Andean 40 ETF;AND.P;AND UP EQUITY;B65VXC2;37950E655;UNITED STATES;;13.95;USD;1;90465;1261986.75;1261986.75;1;1;0.131312%;0.091047;1.270102
US4642898591;iShares S&P Aggressive Allocation Fund;AOA.P;AOA UP EQUITY;B3FFRZ4;464289859;UNITED STATES;;35.7;USD;1;34545;1233256.5;1233256.5;1;1;0.128323%;0.034767;1.241187
US4642898831;iShares S&P Conservative Allocation Fund;AOK.P;AOK UP EQUITY;B3FFSK6;464289883;UNITED STATES;;30.27;USD;1;41937;1269432.99;1269432.99;1;1;0.132087%;0.042207;1.277596
US4642898757;iShares S&P Moderate Allocation Fund;AOM.P;AOM UP EQUITY;B3FFSG2;464289875;UNITED STATES;;31.24;USD;1;40330;1259909.2;1259909.2;1;1;0.131096%;0.040589;1.268011
US4642898674;iShares S&P Growth Allocation Fund;AOR.P;AOR UP EQUITY;B3FFS95;464289867;UNITED STATES;;33.02;USD;1;37711;1245217.22;1245217.22;1;1;0.129567%;0.037953;1.253225
US37950E6480;Global X Asean 40 ETF;ASEA.P;ASEA UP EQUITY;B44JHM1;37950E648;UNITED STATES;;16.598;USD;1;77229;1281846.942;1281846.942;1;1;0.133379%;0.077726;1.29009
US97717W8102;WisdomTree Australia Dividend Fund;AUSE.P;AUSE UP EQUITY;B17FG62;97717W810;UNITED STATES;;54.3;USD;1;24093;1308249.9;1308249.9;1;1;0.136126%;0.024248;1.316663
US4642895944;iShares MSCI ACWI ex US Energy Sector Index Fund;AXEN.P;AXEN UP EQUITY;B4L0LK3;464289594;UNITED STATES;;52.47;USD;1;22911;1202140.17;1202140.17;1;1;0.125085%;0.023058;1.20987
US4642895522;iShares MSCI ACWI ex US Health Care Sector Index Fund;AXHE.P;AXHE UP EQUITY;B4K0375;464289552;UNITED STATES;;63.7699;USD;1;19946;1271954.4254;1271954.4254;1;1;0.132349%;0.020074;1.280134
US97717W8284;WisdomTree Asia-Pacific ex-Japan Fund;AXJL.P;AXJL UP EQUITY;B17FG28;97717W828;UNITED STATES;;64.14;USD;1;19835;1272216.9;1272216.9;1;1;0.132377%;0.019963;1.280398
US73937B4077;PowerShares Build America Bond Portfolio;BAB.P;BAB UP EQUITY;B66ZYJ7;73937B407;UNITED STATES;;30.66;USD;1;42847;1313689.02;1313689.02;1;1;0.136692%;0.043123;1.322137
US78464A2767;SPDR Nuveen Barclays Capital Build America Bond ETF;BABS.P;BABS UP EQUITY;B4KL4Z3;78464A276;UNITED STATES;;61.87;USD;1;21243;1314304.41;1314304.41;1;1;0.136756%;0.02138;1.322756
US72201R8253;PIMCO Build America Bond Strategy Fund;BABZ.P;BABZ UP EQUITY;B3QX4B2;72201R825;UNITED STATES;;57.6;USD;1;22545;1298592;1298592;1;1;0.135121%;0.02269;1.306943
US33733H1077;First Trust BICK Index Fund;BICK.OQ;BICK UQ EQUITY;B5W65F0;33733H107;UNITED STATES;;23.29;USD;1;53510;1246247.9;1246247.9;1;1;0.129675%;0.053854;1.254262
US78463X7984;SPDR S&P BRIC 40 ETF;BIK.P;BIK UP EQUITY;B1Z5ZZ6;78463X798;UNITED STATES;;22.28;USD;1;55094;1227494.32;1227494.32;1;1;0.127723%;0.055448;1.235388
US78464A6800;SPDR BARCLAYS CAPITAL 1-3 MO;BIL.P;BIL UP Equity;B1Y9HW0;78464A680;UNITED STATES;;45.82;USD;1;28022;1283968.04;1283968.04;1;1;0.1336%;0.028202;1.292225
US9219378190;Vanguard Intermediate-Term Bond ETF;BIV.P;BIV UP EQUITY;B1VZBT6;921937819;UNITED STATES;;90.54;USD;1;14287;1293544.98;1293544.98;1;1;0.134596%;0.014379;1.301863
US57060U8291;Market Vectors Gaming ETF;BJK.P;BJK UP EQUITY;B2NXNZ5;57060U829;UNITED STATES;;33.91;USD;1;37957;1287121.87;1287121.87;1;1;0.133928%;0.038201;1.295399
US4642866572;iShares MSCI BRIC Index Fund;BKF.P;BKF UP EQUITY;B29FC70;464286657;UNITED STATES;;37.45;USD;1;33543;1256185.35;1256185.35;1;1;0.130709%;0.033759;1.264263
US73936Q7694;PowerShares Senior Loan Portfolio;BKLN.P;BKLN UP EQUITY;B3N7398;73936Q769;UNITED STATES;;24.72;USD;1;51266;1267295.52;1267295.52;1;1;0.131865%;0.051596;1.275445
US9219377937;Vanguard Long-Term Bond ETF;BLV.P;BLV UP EQUITY;B1VZBW9;921937793;UNITED STATES;;97.88;USD;1;13422;1313745.36;1313745.36;1;1;0.136698%;0.013508;1.322193
US9219378356;VANGUARD TOTAL BOND MARKET ETF;BND.P;BND UP Equity;B1VZBS5;921937835;UNITED STATES;;85.02;USD;1;15136;1286862.72;1286862.72;1;1;0.133901%;0.015233;1.295138
US91167Q1004;United States Brent Oil Fund LP;BNO.P;BNO UP EQUITY;B5KRMQ5;91167Q100;UNITED STATES;;78.43;USD;1;16194;1270095.42;1270095.42;1;1;0.132156%;0.016298;1.278263
US57060U4316;Market Vectors LatAm Aggregate Bond ETF;BONO.P;BONO UP EQUITY;B4TNQF4;57060U431;UNITED STATES;;25.73;USD;1;50615;1302323.95;1302323.95;1;1;0.13551%;0.05094;1.310698
US37950E8460;Global X Brazil Consumer ETF;BRAQ.P;BRAQ UP EQUITY;B43RMY3;37950E846;UNITED STATES;;19.0599;USD;1;67885;1293881.3115;1293881.3115;1;1;0.134631%;0.068322;1.302202
US37950E7884;Global X Brazil Mid Cap ETF;BRAZ.P;BRAZ UP EQUITY;B65GW97;37950E788;UNITED STATES;;15.22;USD;1;81660;1242865.2;1242865.2;1;1;0.129323%;0.082185;1.250857
US57060U6139;Market Vectors Brazil Small-Cap ETF;BRF.P;BRF UP EQUITY;B4KSYN2;57060U613;UNITED STATES;;39.29;USD;1;31234;1227183.86;1227183.86;1;1;0.127691%;0.031435;1.235075
US2684618299;EGShares Brazil Infrastructure ETF;BRXX.P;BRXX UP EQUITY;B61S5M1;268461829;UNITED STATES;;20.53;USD;1;60409;1240196.77;1240196.77;1;1;0.129045%;0.060797;1.248172
US18383M5976;Guggenheim BulletShares 2012 Corporate Bond ETF;BSCC.P;BSCC UP EQUITY;B5L7Q06;18383M597;UNITED STATES;;20.4;USD;1;62957;1284322.8;1284322.8;1;1;0.133636%;0.063362;1.292582
US18383M5893;Guggenheim BulletShares 2013 Corporate Bond ETF;BSCD.P;BSCD UP EQUITY;B5NSDF1;18383M589;UNITED STATES;;20.8799;USD;1;61333;1280626.9067;1280626.9067;1;1;0.133252%;0.061727;1.288862
US18383M5711;Guggenheim BulletShares 2014 Corporate Bond ETF;BSCE.P;BSCE UP EQUITY;B5N34Y2;18383M571;UNITED STATES;;21.31;USD;1;60267;1284289.77;1284289.77;1;1;0.133633%;0.060655;1.292548
US18383M5638;Guggenheim BulletShares 2015 Corporate Bond ETF;BSCF.P;BSCF UP EQUITY;B5MRQV6;18383M563;UNITED STATES;;21.87;USD;1;58697;1283703.39;1283703.39;1;1;0.133572%;0.059074;1.291958
US18383M5554;Guggenheim BulletShares 2016 Corporate Bond ETF;BSCG.P;BSCG UP EQUITY;B5L8B60;18383M555;UNITED STATES;;22.3;USD;1;57617;1284859.1;1284859.1;1;1;0.133692%;0.057988;1.293121
US18383M5489;Guggenheim BulletShares 2017 Corporate Bond ETF;BSCH.P;BSCH UP EQUITY;B5MRKK3;18383M548;UNITED STATES;;22.92;USD;1;56229;1288768.68;1288768.68;1;1;0.134099%;0.056591;1.297056
US18383M4565;Guggenheim BulletShares 2012 High Yield Corporate Bond ETF;BSJC.P;BSJC UP EQUITY;B40FK24;18383M456;UNITED STATES;;25.32;USD;1;50420;1276634.4;1276634.4;1;1;0.132836%;0.050744;1.284844
US18383M4490;Guggenheim BulletShares 2013 High Yield Corporate Bond ETF;BSJD.P;BSJD UP EQUITY;B3WL1V9;18383M449;UNITED STATES;;25.8;USD;1;49487;1276764.6;1276764.6;1;1;0.13285%;0.049805;1.284975
US18383M4318;Guggenheim BulletShares 2014 High Yield Corporate Bond ETF;BSJE.P;BSJE UP EQUITY;B3ZQB88;18383M431;UNITED STATES;;26.34;USD;1;48441;1275935.94;1275935.94;1;1;0.132764%;0.048752;1.284141
US18383M4235;Guggenheim BulletShares 2015 High Yield Corporate Bond ETF;BSJF.P;BSJF UP EQUITY;B4MGZ19;18383M423;UNITED STATES;;26.28;USD;1;48496;1274474.88;1274474.88;1;1;0.132612%;0.048808;1.28267
US78464A5166;SPDR BARCLAYS CAPITAL INTL D;BWX.P;BWX UP Equity;B28BP81;78464A516;UNITED STATES;;60.81;USD;1;20846;1267645.26;1267645.26;1;1;0.131901%;0.02098;1.275797
US78464A3344;SPDR Barclays Capital Short Term International Treasury Bond ETF;BWZ.P;BWZ UP EQUITY;B3L3K19;78464A334;UNITED STATES;;36.48;USD;1;34638;1263594.24;1263594.24;1;1;0.13148%;0.034861;1.27172
US97717W2402;WisdomTree Dreyfus Brazilian Real Fund;BZF.P;BZF UP EQUITY;B2RJ2T6;97717W240;UNITED STATES;;18.7;USD;1;67956;1270777.2;1270777.2;1;1;0.132227%;0.068393;1.278949
US78464A1447;SPDR Barclays Capital Issuer Scored Corporate Bond ETF;CBND.P;CBND UP EQUITY;B3PCGX6;78464A144;UNITED STATES;;33.16;USD;1;39197;1299772.52;1299772.52;1;1;0.135244%;0.039449;1.308131
US97717X8598;WisdomTree Dreyfus Commodity Currency Fund;CCX.P;CCX UP EQUITY;B42D156;97717X859;UNITED STATES;;20.914;USD;1;60296;1261030.544;1261030.544;1;1;0.131213%;0.060684;1.26914
US97717W7526;WisdomTree Commodity Country Equity Fund;CCXE.P;CCXE UP EQUITY;B1FYY23;97717W752;UNITED STATES;;29.811;USD;1;41869;1248156.759;1248156.759;1;1;0.129873%;0.042138;1.256183
US97717W1339;WisdomTree Dreyfus Emerging Currency Fund;CEW.P;CEW UP EQUITY;B40YND3;97717W133;UNITED STATES;;20.6;USD;1;61984;1276870.4;1276870.4;1;1;0.132861%;0.062383;1.285081
US4642886208;ISHARES BARCLAYS CREDIT BOND FUND;CFT.P;CFT UP Equity;B1MYR05;464288620;UNITED STATES;;114.41;USD;1;11304;1293290.64;1293290.64;1;1;0.13457%;0.011377;1.301607
US18383Q5071;Guggenheim S&P Global Water Index ETF;CGW.P;CGW UP EQUITY;B1XGCL6;18383Q507;UNITED STATES;;20.72;USD;1;58480;1211705.6;1211705.6;1;1;0.12608%;0.058856;1.219497
US37950E4089;Global X China Consumer ETF;CHIQ.P;CHIQ UP EQUITY;B4ZDF51;37950E408;UNITED STATES;;14.12;USD;1;97176;1372125.12;1372125.12;1;1;0.142772%;0.097801;1.380948
US37950E6068;Global X China Financials ETF;CHIX.P;CHIX UP EQUITY;B4Z1MZ4;37950E606;UNITED STATES;;11.79;USD;1;117555;1385973.45;1385973.45;1;1;0.144213%;0.118311;1.394886
US2684618372;EGShares China Infrastructure ETF;CHXX.P;CHXX UP EQUITY;B625HT2;268461837;UNITED STATES;;17.34;USD;1;80281;1392072.54;1392072.54;1;1;0.144848%;0.080797;1.401024
US4642886380;iShares Barclays Intermediate Credit Bond Fund;CIU.P;CIU UP EQUITY;B1MYR27;464288638;UNITED STATES;;111.54;USD;1;11562;1289625.48;1289625.48;1;1;0.134188%;0.011636;1.297918
US4642895118;iShares 10+ Year Credit Bond Fund;CLY.P;CLY UP EQUITY;B4VTBY4;464289511;UNITED STATES;;63.99;USD;1;20556;1315378.44;1315378.44;1;1;0.136868%;0.020688;1.323837
US4642883569;iShares S&P California AMT-Free Municipal Bond Fund;CMF.P;CMF UP EQUITY;B28BPB4;464288356;UNITED STATES;;116.99;USD;1;11076;1295781.24;1295781.24;1;1;0.134829%;0.011147;1.304114
US45409B8679;IQ Canada Small Cap ETF;CNDA.P;CNDA UP EQUITY;B4XZDP5;45409B867;UNITED STATES;;23.99;USD;1;50400;1209096;1209096;1;1;0.125809%;0.050724;1.216871
US37950E4816;Global X Canada Preferred ETF;CNPF.P;CNPF UP EQUITY;B4TQ7T4;37950E481;UNITED STATES;;14.45;USD;1;86386;1248277.7;1248277.7;1;1;0.129886%;0.086941;1.256305
US37950E8619;Global X Copper Miners ETF;COPX.P;COPX UP EQUITY;B3N01T3;37950E861;UNITED STATES;;12.54;USD;1;99976;1253699.04;1253699.04;1;1;0.13045%;0.100619;1.261761
US88166A1025;Teucrium Corn Fund;CORN.P;CORN UP EQUITY;B5N9DS7;88166A102;UNITED STATES;;46.05;USD;1;26677;1228475.85;1228475.85;1;1;0.127825%;0.026849;1.236375
US72201R8170;PIMCO Investment Grade Corporate Bond Index Fund;CORP.P;CORP UP EQUITY;B66XBN4;72201R817;UNITED STATES;;109.67;USD;1;11834;1297834.78;1297834.78;1;1;0.135042%;0.01191;1.30618
US18383Q1351;Guggenheim China Technology ETF;CQQQ.P;CQQQ UP EQUITY;B4ZYYS0;18383Q135;UNITED STATES;;21.85;USD;1;60236;1316156.6;1316156.6;1;1;0.136949%;0.060623;1.32462
US00162Q3048;Jefferies TR/J CRB Global Commodity Equity Index Fund;CRBQ.P;CRBQ UP EQUITY;B4KQS01;00162Q304;UNITED STATES;;42.96;USD;1;28047;1204899.12;1204899.12;1;1;0.125372%;0.028227;1.212647
US45409B8349;IQ Global Agribusiness Small Cap ETF;CROP.P;CROP UP EQUITY;B3RLMH7;45409B834;UNITED STATES;;24.9476;USD;1;52589;1311969.3364;1311969.3364;1;1;0.136513%;0.052927;1.320406
US18383M6057;Guggenheim Spin-Off ETF;CSD.P;CSD UP EQUITY;B1L8560;18383M605;UNITED STATES;;27.5;USD;1;46326;1273965;1273965;1;1;0.132559%;0.046624;1.282157
US4642886463;iShares Barclays 1-3 Year Credit Bond Fund;CSJ.P;CSJ UP EQUITY;B1MYR50;464288646;UNITED STATES;;105.36;USD;1;12156;1280756.16;1280756.16;1;1;0.133265%;0.012234;1.288992
US74347R2489;ProShares Credit Suisse 130/30;CSM.P;CSM UP EQUITY;B3LLPQ3;74347R248;UNITED STATES;;63.54;USD;1;19154;1217045.16;1217045.16;1;1;0.126636%;0.019277;1.224871
US33733J1034;First Trust ISE Global Copper Index Fund;CU.OQ;CU UQ EQUITY;B3KXLN9;33733J103;UNITED STATES;;28.02;USD;1;44419;1244620.38;1244620.38;1;1;0.129505%;0.044705;1.252624
US18383Q8794;Guggenheim Timber ETF;CUT.P;CUT UP EQUITY;B295DS8;18383Q879;UNITED STATES;;18.64;USD;1;68282;1272776.48;1272776.48;1;1;0.132435%;0.068721;1.280961
US73936Q7512;PowerShare Convertible Securities Portfolio;CVRT.P;CVRT UP EQUITY;B3QPLN9;73936Q751;UNITED STATES;;23.3501;USD;1;53111;1240147.1611;1240147.1611;1;1;0.12904%;0.053453;1.248122
US18383M5067;Guggenheim Multi-Asset Income ETF;CVY.P;CVY UP EQUITY;B1FJR96;18383M506;UNITED STATES;;21.39;USD;1;56700;1212813;1212813;1;1;0.126196%;0.057065;1.220612
US78464A3591;SPDR BARCLAYS CAPTL CONV SECURITIES ETF;CWB.P;CWB UP Equity;B3Z44V6;78464A359;UNITED STATES;;39.38;USD;1;32254;1270162.52;1270162.52;1;1;0.132163%;0.032461;1.27833
US78463X8487;SPDR MSCI ACWI ex-US ETF;CWI.P;CWI UP EQUITY;B1NHQ51;78463X848;UNITED STATES;;29.88;USD;1;41503;1240109.64;1240109.64;1;1;0.129036%;0.04177;1.248084
US78464A4417;SPDR Nuveen Barclays Capital California Municipal Bond ETF;CXA.P;CXA UP EQUITY;B28LWP7;78464A441;UNITED STATES;;25.0346;USD;1;51859;1298269.3214;1298269.3214;1;1;0.135088%;0.052192;1.306618
US97717W1826;WisdomTree Dreyfus Chinese Yuan Fund;CYB.P;CYB UP EQUITY;B2RJ2S5;97717W182;UNITED STATES;;25.71;USD;1;50679;1302957.09;1302957.09;1;1;0.135575%;0.051005;1.311336
US18383M7204;Guggenheim Mid-Cap Core ETF;CZA.P;CZA UP EQUITY;B1VW0H8;18383M720;UNITED STATES;;32.5983;USD;1;38274;1247667.3342;1247667.3342;1;1;0.129822%;0.03852;1.25569
US73936B4086;PowerShares DB Agriculture Fund;DBA.P;DBA UP EQUITY;B1M4YG0;73936B408;UNITED STATES;;28.37;USD;1;43500;1234095;1234095;1;1;0.12841%;0.04378;1.242031
US73936B7055;PowerShares DB Base Metals Fund;DBB.P;DBB UP EQUITY;B1M4YF9;73936B705;UNITED STATES;;18.24;USD;1;65063;1186749.12;1186749.12;1;1;0.123484%;0.065481;1.19438
US73935S1050;POWERSHARES DB COMMODITY INDEX;DBC.P;DBC UP Equity;B0Y90J1;73935S105;UNITED STATES;;27.42;USD;1;45312;1242455.04;1242455.04;1;1;0.12928%;0.045603;1.250445
US73936B1017;PowerShares DB Energy Fund;DBE.P;DBE UP EQUITY;B1M4Y48;73936B101;UNITED STATES;;27.3802;USD;1;46027;1260228.4654;1260228.4654;1;1;0.131129%;0.046323;1.268332
US2330512003;db-X MSCI EAFE Currency-Hedged Equity Fund;DBEF.P;DBEF UP EQUITY;B57CW30;233051200;UNITED STATES;;22.91;USD;1;55094;1262203.54;1262203.54;1;1;0.131335%;0.055448;1.27032
US73936B5075;PowerShares DB Oil Fund;DBO.P;DBO UP EQUITY;B1M4Y26;73936B507;UNITED STATES;;24.65;USD;1;49430;1218449.5;1218449.5;1;1;0.126782%;0.049748;1.226285
US73936B2007;PowerShares DB Precious Metals Fund;DBP.P;DBP UP EQUITY;B1M4Y82;73936B200;UNITED STATES;;59.39;USD;1;20969;1245348.91;1245348.91;1;1;0.129581%;0.021104;1.253357
US73936B3096;PowerShares DB Silver Fund;DBS.P;DBS UP EQUITY;B1M4YD7;73936B309;UNITED STATES;;55.94;USD;1;21848;1222177.12;1222177.12;1;1;0.12717%;0.021988;1.230036
US97717W6536;WisdomTree Global ex-US Utility Fund;DBU.P;DBU UP EQUITY;B1FYY56;97717W653;UNITED STATES;;16.8973;USD;1;71715;1211789.8695;1211789.8695;1;1;0.126089%;0.072176;1.219582
US18383M8780;Guggenheim Defensive Equity ETF;DEF.P;DEF UP EQUITY;B1L8559;18383M878;UNITED STATES;;28.5845;USD;1;43192;1234621.724;1234621.724;1;1;0.128465%;0.04347;1.242561
US97717W3152;WisdomTree Emerging Markets Equity Income Fund;DEM.P;DEM UP EQUITY;B23C0J5;97717W315;UNITED STATES;;51.89;USD;1;23571;1223099.19;1223099.19;1;1;0.127266%;0.023723;1.230964
US97717W6049;WisdomTree SmallCap Dividend Fund;DES.P;DES UP EQUITY;B17BGX7;97717W604;UNITED STATES;;48.32;USD;1;25014;1208676.48;1208676.48;1;1;0.125765%;0.025175;1.216449
US97717W8771;WisdomTree Global Equity Income Fund;DEW.P;DEW UP EQUITY;B17FCD1;97717W877;UNITED STATES;;40.71;USD;1;30330;1234734.3;1234734.3;1;1;0.128477%;0.030525;1.242674
US97717W8698;WisdomTree Europe SmallCap Dividend Fund;DFE.P;DFE UP EQUITY;B17FF65;97717W869;UNITED STATES;;36.1415;USD;1;33969;1227690.6135;1227690.6135;1;1;0.127744%;0.034187;1.235585
US97717W8367;WisdomTree Japan SmallCap Dividend Fund;DFJ.P;DFJ UP EQUITY;B17FF87;97717W836;UNITED STATES;;41.23;USD;1;30247;1247083.81;1247083.81;1;1;0.129762%;0.030442;1.255103
US73936B6065;POWERSHARES DB GOLD FUND;DGL.P;DGL UP Equity;B1M4YB5;73936B606;UNITED STATES;;59.26;USD;1;21120;1251571.2;1251571.2;1;1;0.130229%;0.021256;1.259619
US97717W2816;WisdomTree Emerging Markets SmallCap Dividend Fund;DGS.P;DGS UP EQUITY;B28VH85;97717W281;UNITED STATES;;45.63;USD;1;27828;1269791.64;1269791.64;1;1;0.132124%;0.028007;1.277957
US78464A7063;SPDR Global Dow ETF;DGT.P;DGT UP EQUITY;2792037;78464A706;UNITED STATES;;52.52;USD;1;23336;1225606.72;1225606.72;1;1;0.127527%;0.023486;1.233488
US97717W2089;WisdomTree Equity Income Fund;DHS.P;DHS UP EQUITY;B17FFD2;97717W208;UNITED STATES;;45.21;USD;1;26929;1217460.09;1217460.09;1;1;0.126679%;0.027102;1.225289
US78467X1090;SPDR Dow Jones Industrial Average ETF Trust;DIA.P;DIA UP EQUITY;2140863;78467X109;UNITED STATES;;127.53;USD;1;9489;1210132.17;1210132.17;1;1;0.125917%;0.00955;1.217914
US97717W7781;WisdomTree International MidCap Dividend Fund;DIM.P;DIM UP EQUITY;B17FFV0;97717W778;UNITED STATES;;45.41;USD;1;27301;1239738.41;1239738.41;1;1;0.128997%;0.027477;1.24771
US97717W3079;WisdomTree LargeCap Dividend Fund;DLN.P;DLN UP EQUITY;B17FFW1;97717W307;UNITED STATES;;52.56;USD;1;23285;1223859.6;1223859.6;1;1;0.127345%;0.023435;1.23173
US97717W7609;WisdomTree International SmallCap Dividend Fund;DLS.P;DLS UP EQUITY;B17FG17;97717W760;UNITED STATES;;47.04;USD;1;26749;1258272.96;1258272.96;1;1;0.130926%;0.026921;1.266364
US97717W8441;WisdomTree Global ex-U.S. Growth Fund;DNL.P;DNL UP EQUITY;B17FGC8;97717W844;UNITED STATES;;48.43;USD;1;26044;1261310.92;1261310.92;1;1;0.131242%;0.026211;1.269422
US97717W7948;WisdomTree International LargeCap Dividend Fund;DOL.P;DOL UP EQUITY;B17FGF1;97717W794;UNITED STATES;;41.63;USD;1;29619;1233038.97;1233038.97;1;1;0.1283%;0.029809;1.240968
US97717W5058;WisdomTree MidCap Dividend Fund;DON.P;DON UP EQUITY;B17FGH3;97717W505;UNITED STATES;;55.66;USD;1;22267;1239381.22;1239381.22;1;1;0.12896%;0.02241;1.247351
US97717W7864;WisdomTree International Dividend Ex-Financials Fund;DOO.P;DOO UP EQUITY;B17FGK6;97717W786;UNITED STATES;;38.72;USD;1;31112;1204656.64;1204656.64;1;1;0.125347%;0.031312;1.212403
US97717W3319;WisdomTree Global ex-US Real Estate Fund;DRW.P;DRW UP EQUITY;B1YH9F1;97717W331;UNITED STATES;;29.15;USD;1;44357;1293006.55;1293006.55;1;1;0.13454%;0.044642;1.301321
US4642885705;iShares MSCI KLD 400 Social Index Fund;DSI.P;DSI UP EQUITY;B1HMF44;464288570;UNITED STATES;;50.16;USD;1;24271;1217433.36;1217433.36;1;1;0.126676%;0.024427;1.225262
US97717W1099;WisdomTree Total Dividend Fund;DTD.P;DTD UP EQUITY;B17FGQ2;97717W109;UNITED STATES;;52.57;USD;1;23298;1224775.86;1224775.86;1;1;0.12744%;0.023448;1.232652
US97717W8029;WisdomTree DEFA Equity Income Fund;DTH.P;DTH UP EQUITY;B17FGT5;97717W802;UNITED STATES;;37.49;USD;1;32641;1223711.09;1223711.09;1;1;0.12733%;0.032851;1.23158
US97717W4069;WisdomTree Dividend Ex-Financials Fund;DTN.P;DTN UP EQUITY;B17FGX9;97717W406;UNITED STATES;;54.28;USD;1;22572;1225208.16;1225208.16;1;1;0.127485%;0.022717;1.233087
US4642871689;iShares Dow Jones Select Dividend Index Fund;DVY.P;DVY UP EQUITY;2165305;464287168;UNITED STATES;;55.84;USD;1;21873;1221388.32;1221388.32;1;1;0.127088%;0.022014;1.229242
US97717W7039;WisdomTree DEFA Fund;DWM.P;DWM UP EQUITY;B17FHG9;97717W703;UNITED STATES;;42.89;USD;1;28628;1227854.92;1227854.92;1;1;0.127761%;0.028812;1.235751
US78463X7729;SPDR S&P International Dividend ETF;DWX.P;DWX UP EQUITY;B2PPXH1;78463X772;UNITED STATES;;43.45;USD;1;27535;1196395.75;1196395.75;1;1;0.124487%;0.027712;1.204089
US97717W8516;WisdomTree Japan Hedged Equity Fund;DXJ.P;DXJ UP EQUITY;B17FKC6;97717W851;UNITED STATES;;31.09;USD;1;40053;1245247.77;1245247.77;1;1;0.129571%;0.040311;1.253255
US78464A3914;SPDR Barclays Capital Emerging Markets Local Bond ETF;EBND.P;EBND UP EQUITY;B4MHRK5;78464A391;UNITED STATES;;32.12;USD;1;40003;1284896.36;1284896.36;1;1;0.133696%;0.04026;1.293159
US4642866408;iShares MSCI Chile Investable Market Index Fund;ECH.P;ECH UP EQUITY;B29FC81;464286640;UNITED STATES;;60.31;USD;1;20822;1255774.82;1255774.82;1;1;0.130666%;0.020956;1.26385
US46429B2007;iShares MSCI China Small Cap Index Fund;ECNS.P;ECNS UP EQUITY;B4NZ9J1;46429B200;UNITED STATES;;35.66;USD;1;38642;1377973.72;1377973.72;1;1;0.143381%;0.03889;1.386835
US2684617796;EGShares Emerging Markets Consumer ETF;ECON.P;ECON UP EQUITY;B66XK26;268461779;UNITED STATES;;24.68;USD;1;52980;1307546.4;1307546.4;1;1;0.136053%;0.053321;1.315954
US78463X5335;SPDR S&P Emerging Markets Dividend ETF;EDIV.P;EDIV UP EQUITY;B3SSQH5;78463X533;UNITED STATES;;42.41;USD;1;28932;1227006.12;1227006.12;1;1;0.127673%;0.029118;1.234896
US9219107094;Vanguard Extended Duration Treasury ETF;EDV.P;EDV UP EQUITY;B29XS10;921910709;UNITED STATES;;129.94;USD;1;10471;1360601.74;1360601.74;1;1;0.141573%;0.010538;1.369351
US18383M1009;Guggenheim BRIC ETF;EEB.P;EEB UP EQUITY;B1FJR18;18383M100;UNITED STATES;;34.34;USD;1;35658;1224495.72;1224495.72;1;1;0.127411%;0.035887;1.23237
US4642872349;Ishares Msci Emerging Markets;EEM.P;EEM UP Equity;2582409;464287234;UNITED STATES;;40.78;USD;1;30755;1254188.9;1254188.9;1;1;0.130501%;0.030953;1.262254
US97717W5629;WisdomTree SmallCap Earnings Fund;EES.P;EES UP EQUITY;B1SM3B6;97717W562;UNITED STATES;;52.92;USD;1;22419;1186413.48;1186413.48;1;1;0.123449%;0.022563;1.194043
US4642874659;ISHARES MSCI EAFE INDEX FUND;EFA.P;EFA UP Equity;2801290;464287465;UNITED STATES;;52.49;USD;1;23619;1239761.31;1239761.31;1;1;0.129%;0.023771;1.247734
US4642888857;iShares MSCI EAFE Growth Index;EFG.P;EFG UP EQUITY;B0DNFK0;464288885;UNITED STATES;;55.65;USD;1;22244;1237878.6;1237878.6;1;1;0.128804%;0.022387;1.245839
US4642888774;iShares MSCI EAFE Value Index;EFV.P;EFV UP EQUITY;B0DNDG2;464288877;UNITED STATES;;44.91;USD;1;27512;1235563.92;1235563.92;1;1;0.128563%;0.027689;1.243509
US57060U5487;Market Vectors Egypt Index ETF;EGPT.P;EGPT UP EQUITY;B625ZP4;57060U548;UNITED STATES;;14.7;USD;1;81764;1201930.8;1201930.8;1;1;0.125063%;0.08229;1.20966
US46429B3096;iSHARES MSCI Indonesia Investable Market Index Fund;EIDO.P;EIDO UP EQUITY;B3X6KJ4;46429B309;UNITED STATES;;30.93;USD;1;43456;1344094.08;1344094.08;1;1;0.139856%;0.043735;1.352737
US46429B5075;ISHARES MSCI IRELAND CAPPED INVESTABLE MARKET INDEX FUND;EIRL.P;EIRL UP Equity;B42W6Y7;46429B507;UNITED STATES;;22.25;USD;1;55595;1236988.75;1236988.75;1;1;0.128711%;0.055953;1.244943
US4642866325;ISHARES MSCI ISRAEL CPD INVS;EIS.P;EIS UP EQUITY;B2QMWS5;464286632;UNITED STATES;;40.89;USD;1;32246;1318538.94;1318538.94;1;1;0.137197%;0.032453;1.327018
US97717X8671;WISDOMTREE EMRG MKTS DEBT;ELD.P;ELD UP Equity;B52YG51;97717X867;UNITED STATES;;52.3;USD;1;24601;1286632.3;1286632.3;1;1;0.133877%;0.024759;1.294906
US78464A8541;SPDR Dow Jones Large Cap ETF;ELR.P;ELR UP EQUITY;B0Q4NL7;78464A854;UNITED STATES;;64.83;USD;1;18858;1222564.14;1222564.14;1;1;0.12721%;0.018979;1.230426
US4642882819;ISHARES JP MORGAN EM BOND FD;EMB.P;EMB UP Equity;B2B1JH5;464288281;UNITED STATES;;121.47;USD;1;10637;1292076.39;1292076.39;1;1;0.134443%;0.010705;1.300385
US4642882165;iShares S&P Emerging Markets Infrastructure Index Fund;EMIF.OQ;EMIF UQ EQUITY;B3B9620;464288216;UNITED STATES;;32.21;USD;1;39426;1269911.46;1269911.46;1;1;0.132137%;0.03968;1.278078
US57060U5222;Market Vectors Emerging Markets Local Currency Bond ETF;EMLC.P;EMLC UP EQUITY;B4QQHD1;57060U522;UNITED STATES;;26.42;USD;1;48368;1277882.56;1277882.56;1;1;0.132966%;0.048679;1.2861
US78464A8475;SPDR Dow Jones Mid Cap ETF;EMM.P;EMM UP EQUITY;B0Q4NP1;78464A847;UNITED STATES;;63.31;USD;1;19580;1239609.8;1239609.8;1;1;0.128984%;0.019706;1.247581
US4642891984;iSHARES MSCI Emerging Markets Materials Sector Index Fund;EMMT.OQ;EMMT UQ EQUITY;B3ML346;464289198;UNITED STATES;;19.69;USD;1;63549;1251279.81;1251279.81;1;1;0.130198%;0.063958;1.259326
US2684618521;EGShares Emerging Markets Metals & Mining ETF;EMT.P;EMT UP EQUITY;B4X60L3;268461852;UNITED STATES;;13.53;USD;1;90593;1225723.29;1225723.29;1;1;0.127539%;0.091176;1.233605
US18383Q6061;Guggenheim Canadian Energy Income ETF;ENY.P;ENY UP EQUITY;B1Z80B6;18383Q606;UNITED STATES;;15.55;USD;1;75158;1168706.9;1168706.9;1;1;0.121606%;0.075641;1.176222
US4642891232;iShares MSCI New Zealand Investable Market Index Fund;ENZL.P;ENZL UP EQUITY;B652JP0;464289123;UNITED STATES;;34.34;USD;1;38712;1329370.08;1329370.08;1;1;0.138324%;0.038961;1.337919
US46429B4086;iShares MSCI Philippines Investable Market Index Fund;EPHE.P;EPHE UP EQUITY;B4PP7P1;46429B408;UNITED STATES;;32.08;USD;1;42006;1347552.48;1347552.48;1;1;0.140216%;0.042276;1.356218
US97717W4226;WISDOMTREE INDIA EARNINGS;EPI.P;EPI UP Equity;B2PXT11;97717W422;UNITED STATES;;18.03;USD;1;68500;1235055;1235055;1;1;0.12851%;0.06894;1.242997
US46429B6065;iShares MSCI Poland Investable Market Index Fund;EPOL.P;EPOL UP EQUITY;B575DH0;46429B606;UNITED STATES;;25.44;USD;1;48588;1236078.72;1236078.72;1;1;0.128617%;0.0489;1.244027
US4642866655;iShares MSCI Pacific ex-Japan Index Fund;EPP.P;EPP UP EQUITY;2812957;464286665;UNITED STATES;;45.09;USD;1;28616;1290295.44;1290295.44;1;1;0.134258%;0.0288;1.298593
US97717W5884;WisdomTree Earnings 500 Fund;EPS.P;EPS UP EQUITY;B1SM3G1;97717W588;UNITED STATES;;47.89;USD;1;25400;1216406;1216406;1;1;0.12657%;0.025563;1.224228
US4642898427;iShares MSCI All Peru Capped Index Fund;EPU.P;EPU UP EQUITY;B605C22;464289842;UNITED STATES;;44.71;USD;1;28841;1289481.11;1289481.11;1;1;0.134173%;0.029026;1.297773
US00162Q2057;ALPS Equal Sector Weight ETF;EQL.P;EQL UP EQUITY;B3P8JJ1;00162Q205;UNITED STATES;;38.628;USD;1;31494;1216550.232;1216550.232;1;1;0.126585%;0.031697;1.224373
US46429B7055;iShares MSCI Russia Capped Index Fund;ERUS.P;ERUS UP EQUITY;B57ZBF4;46429B705;UNITED STATES;;20.72;USD;1;55284;1145484.48;1145484.48;1;1;0.11919%;0.05564;1.15285
US4642865665;iShares MSCI Emerging Markets Eastern Europe Index Fund;ESR.P;ESR UP EQUITY;B4W58H3;464286566;UNITED STATES;;23.83;USD;1;48940;1166240.2;1166240.2;1;1;0.12135%;0.049255;1.17374
US4642891802;iShares MSCI Europe Financial Sector Index Fund;EUFN.OQ;EUFN UQ EQUITY;B633900;464289180;UNITED STATES;;17.9;USD;1;71635;1282266.5;1282266.5;1;1;0.133422%;0.072096;1.290512
US4642866812;iShares MSCI USA Index Fund;EUSA.P;EUSA UP EQUITY;B3VTVB4;464286681;UNITED STATES;;29.58;USD;1;41078;1215087.24;1215087.24;1;1;0.126432%;0.041342;1.222901
US57060U2096;Market Vectors Environmental Services ETF;EVX.P;EVX UP EQUITY;B1G2MX3;57060U209;UNITED STATES;;48.0301;USD;1;25174;1209109.7374;1209109.7374;1;1;0.12581%;0.025336;1.216885
US4642861037;ISHARES MSCI AUSTRALIA INDEX;EWA.P;EWA UP Equity;2373658;464286103;UNITED STATES;;24.24;USD;1;53421;1294925.04;1294925.04;1;1;0.13474%;0.053765;1.303252
US4642865095;iShares MSCI Canada Index Fund;EWC.P;EWC UP EQUITY;2373681;464286509;UNITED STATES;;27.71;USD;1;44791;1241158.61;1241158.61;1;1;0.129145%;0.045079;1.24914
US4642867562;ISHARES MSCI SWEDEN INDEX FD;EWD.P;EWD UP EQUITY;2373595;464286756;UNITED STATES;;26.94;USD;1;44327;1194169.38;1194169.38;1;1;0.124256%;0.044612;1.201848
US78355W5444;Guggenheim MSCI EAFE Equal Weight ETF;EWEF.P;EWEF UP EQUITY;B4VC1Y3;78355W544;UNITED STATES;;35.75;USD;1;34499;1233339.25;1233339.25;1;1;0.128332%;0.034721;1.24127
US78355W5360;Guggenheim MSCI Emerging Markets Equal Weight ETF;EWEM.P;EWEM UP EQUITY;B4VM2W8;78355W536;UNITED STATES;;32.57;USD;1;38103;1241014.71;1241014.71;1;1;0.12913%;0.038348;1.248995
US4642868065;ISHARES MSCI GERMANY INDEX;EWG.P;EWG UP EQUITY;2373711;464286806;UNITED STATES;;22.02;USD;1;55142;1214226.84;1214226.84;1;1;0.126343%;0.055497;1.222035
US4642868719;ISHARES MSCI HONG KONG INDEX;EWH.P;EWH UP Equity;2373777;464286871;UNITED STATES;;18.5;USD;1;70805;1309892.5;1309892.5;1;1;0.136297%;0.07126;1.318316
US4642868552;ISHARES MSCI ITALY INDEX FD;EWI.P;EWI UP EQUITY;2373788;464286855;UNITED STATES;;11.97;USD;1;100446;1202338.62;1202338.62;1;1;0.125106%;0.101092;1.21007
US4642868487;ISHARES MSCI JAPAN INDEX FUND;EWJ.P;EWJ UP Equity;2373799;464286848;UNITED STATES;;8.87;USD;1;137588;1220405.56;1220405.56;1;1;0.126986%;0.138473;1.228253
US4642863017;ISHARES MSCI BELGIUM INVESTABLE MARKET INDEX FUND;EWK.P;EWK UP Equity;2373670;464286301;UNITED STATES;;12.34;USD;1;99589;1228928.26;1228928.26;1;1;0.127873%;0.100229;1.236831
US4642867497;ISHARES MSCI SWITZERLAND IND;EWL.P;EWL UP EQUITY;2373603;464286749;UNITED STATES;;25.08;USD;1;51266;1285751.28;1285751.28;1;1;0.133785%;0.051596;1.294019
US4642868305;ISHARES MSCI MALAYSIA;EWM.P;EWM UP Equity;2373807;464286830;UNITED STATES;;14.81;USD;1;88653;1312950.93;1312950.93;1;1;0.136615%;0.089223;1.321394
US4642868149;ISHARES MSCI NETHERLANDS INV;EWN.P;EWN UP EQUITY;2373829;464286814;UNITED STATES;;18.79;USD;1;67634;1270842.86;1270842.86;1;1;0.132234%;0.068069;1.279015
US4642862027;iShares MSCI Austria Investable Market Index Fund;EWO.P;EWO UP EQUITY;2373669;464286202;UNITED STATES;;15.61;USD;1;81195;1267453.95;1267453.95;1;1;0.131881%;0.081717;1.275604
US4642867646;ISHARES MSCI SPAIN INDEX FD;EWP.P;EWP UP EQUITY;2373584;464286764;UNITED STATES;;27.03;USD;1;43559;1177399.77;1177399.77;1;1;0.122511%;0.043839;1.184971
US4642867075;ISHARES MSCI FRANCE INDEX FD;EWQ.P;EWQ UP EQUITY;2373692;464286707;UNITED STATES;;20.99;USD;1;58536;1228670.64;1228670.64;1;1;0.127846%;0.058912;1.236572
US78355W5931;Guggenheim Russell 1000 Equal Weight ETF;EWRI.P;EWRI UP EQUITY;B4R2H49;78355W593;UNITED STATES;;33.4947;USD;1;37080;1241983.476;1241983.476;1;1;0.129231%;0.037318;1.24997
US78355W5774;Guggenheim Russell MidCap Equal Weight ETF;EWRM.P;EWRM UP EQUITY;B4LW6B5;78355W577;UNITED STATES;;33.4899;USD;1;37058;1241068.7142;1241068.7142;1;1;0.129136%;0.037296;1.249049
US78355W5857;Guggenheim Russell 2000 Equal Weight ETF;EWRS.P;EWRS UP EQUITY;B4WT4R7;78355W585;UNITED STATES;;30.67;USD;1;38434;1178770.78;1178770.78;1;1;0.122654%;0.038681;1.186351
US4642866739;ISHARES MSCI SINGAPORE;EWS.P;EWS UP Equity;2373830;464286673;UNITED STATES;;13.05;USD;1;94878;1238157.9;1238157.9;1;1;0.128833%;0.095488;1.24612
US4642867315;ISHARES MSCI TAIWAN INDEX FD;EWT.P;EWT UP Equity;2671868;464286731;UNITED STATES;;12.71;USD;1;94738;1204119.98;1204119.98;1;1;0.125291%;0.095347;1.211863
US4642866994;ISHARES MSCI UNITED KINGDOM;EWU.P;EWU UP EQUITY;2373614;464286699;UNITED STATES;;17.07;USD;1;72240;1233136.8;1233136.8;1;1;0.12831%;0.072705;1.241066
US4642868222;ISHARES MSCI MEXICO INVESTAB;EWW.P;EWW UP Equity;2373818;464286822;UNITED STATES;;64.34;USD;1;19832;1275990.88;1275990.88;1;1;0.132769%;0.01996;1.284196
US78463X7562;SPDR S&P Emerging Markets SmallCap ETF;EWX.P;EWX UP EQUITY;B2RLZ59;78463X756;UNITED STATES;;43.19;USD;1;28635;1236745.65;1236745.65;1;1;0.128686%;0.028819;1.244698
US4642867729;ISHARES MSCI SOUTH KOREA IND;EWY.P;EWY UP Equity;2592561;464286772;UNITED STATES;;57.13;USD;1;21557;1231551.41;1231551.41;1;1;0.128145%;0.021696;1.239471
US4642864007;Ishares Msci Brazil Index Fund;EWZ.P;EWZ UP Equity;2726014;464286400;UNITED STATES;;52.03;USD;1;22944;1193776.32;1193776.32;1;1;0.124215%;0.023092;1.201453
US4642891315;iShares MSCI Brazil Small Cap Index Fund;EWZS.P;EWZS UP EQUITY;B4PL1Z7;464289131;UNITED STATES;;25.52;USD;1;48662;1241854.24;1241854.24;1;1;0.129218%;0.048975;1.24984
US4642887297;iShares S&P Global Industrials Sector Index Fund;EXI.P;EXI UP EQUITY;B1FGVD9;464288729;UNITED STATES;;51.6101;USD;1;24262;1252164.2462;1252164.2462;1;1;0.13029%;0.024418;1.260216
US97717W5967;WisdomTree Total Earnings Fund;EXT.P;EXT UP EQUITY;B1SM394;97717W596;UNITED STATES;;49.37;USD;1;24787;1223734.19;1223734.19;1;1;0.127332%;0.024946;1.231603
US4642867802;iShares MSCI South Africa Index Fund;EZA.P;EZA UP EQUITY;2343338;464286780;UNITED STATES;;65.85;USD;1;19057;1254903.45;1254903.45;1;1;0.130575%;0.01918;1.262973
US97717W5702;WisdomTree MidCap Earnings Fund;EZM.P;EZM UP EQUITY;B1SM3H2;97717W570;UNITED STATES;;58.78;USD;1;21152;1243314.56;1243314.56;1;1;0.129369%;0.021288;1.25131
US4642866085;iShares MSCI EMU Index Fund;EZU.P;EZU UP EQUITY;2670605;464286608;UNITED STATES;;29.8;USD;1;41026;1222574.8;1222574.8;1;1;0.127211%;0.04129;1.230436
US97717W5470;WisdomTree LargeCap Value Fund;EZY.P;EZY UP EQUITY;B1SM3F0;97717W547;UNITED STATES;;43.9901;USD;1;27678;1217557.9878;1217557.9878;1;1;0.126689%;0.027856;1.225387
US18383Q8125;Guggenheim Airline ETF;FAA.P;FAA UP EQUITY;B3LB080;18383Q812;UNITED STATES;;31.43;USD;1;43339;1362144.77;1362144.77;1;1;0.141734%;0.043618;1.370904
US33733C1080;First Trust Multi Cap Value AlphaDEX Fund;FAB.P;FAB UP EQUITY;B1X32B7;33733C108;UNITED STATES;;30.7;USD;1;39498;1212588.6;1212588.6;1;1;0.126172%;0.039752;1.220386
US33733F1012;First Trust MultiCap Growth AlphaDEX Fund;FAD.P;FAD UP EQUITY;B1X31F4;33733F101;UNITED STATES;;31.58;USD;1;39114;1235220.12;1235220.12;1;1;0.128527%;0.039366;1.243163
US33736G1067;First Trust Global Wind Energy ETF;FAN.P;FAN UP EQUITY;B3B1Q59;33736G106;UNITED STATES;;6.2868;USD;1;184705;1161203.394;1161203.394;1;1;0.120826%;0.185893;1.16867
US33733E2037;First Trust NYSE Arca Biotechnology Index Fund;FBT.P;FBT UP EQUITY;B17NS60;33733E203;UNITED STATES;;43.37;USD;1;27261;1182309.57;1182309.57;1;1;0.123022%;0.027436;1.189912
US33737J1337;First Trust Brazil AlphaDEX Fund;FBZ.P;FBZ UP EQUITY;B3QMST5;33737J133;UNITED STATES;;22.3;USD;1;55308;1233368.4;1233368.4;1;1;0.128335%;0.055664;1.241299
US33734J1025;First Trust ISE-Revere Natural Gas Index Fund;FCG.P;FCG UP EQUITY;B1XFM80;33734J102;UNITED STATES;;15.72;USD;1;73270;1151804.4;1151804.4;1;1;0.119848%;0.073741;1.159211
US4642881902;iShares FTSE China HK Listed Index Fund;FCHI.OQ;FCHI UQ EQUITY;B3B8V55;464288190;UNITED STATES;;44.66;USD;1;30091;1343864.06;1343864.06;1;1;0.139832%;0.030284;1.352506
US33735T1097;First Trust STOXX European Select Dividend Income Fund;FDD.P;FDD UP EQUITY;B248423;33735T109;UNITED STATES;;11.37;USD;1;104112;1183753.44;1183753.44;1;1;0.123172%;0.104781;1.191365
US3369171091;First Trust Morningstar Dividend Leaders Index;FDL.P;FDL UP EQUITY;B11C885;336917109;UNITED STATES;;18.39;USD;1;66547;1223799.33;1223799.33;1;1;0.127339%;0.066975;1.231669
US33718M1053;First Trust Dow Jones Select Microcap Index Fund;FDM.P;FDM UP EQUITY;B0LN3Z3;33718M105;UNITED STATES;;21.2296;USD;1;56325;1195757.22;1195757.22;1;1;0.124421%;0.056687;1.203446
US33733E3027;First Trust Dow Jones Internet Index Fund;FDN.P;FDN UP EQUITY;B17NS93;33733E302;UNITED STATES;;35.82;USD;1;33622;1204340.04;1204340.04;1;1;0.125314%;0.033838;1.212084
US33737J1741;First Trust Developed Markets ex-US AlphaDEX Fund;FDT.P;FDT UP EQUITY;B4Z1FT9;33737J174;UNITED STATES;;40.799;USD;1;30663;1251019.737;1251019.737;1;1;0.130171%;0.03086;1.259064
US33733E1047;First Trust Strategic Value Index Fund;FDV.P;FDV UP EQUITY;B182H69;33733E104;UNITED STATES;;23.964;USD;1;50940;1220726.16;1220726.16;1;1;0.127019%;0.051268;1.228576
US33737J1824;First Trust Emerging Markets AlphaDEX Fund;FEM.P;FEM UP EQUITY;B4MLHK7;33737J182;UNITED STATES;;23.62;USD;1;53554;1264945.48;1264945.48;1;1;0.13162%;0.053898;1.27308
US78463X1037;SPDR STOXX Europe 50 ETF;FEU.P;FEU UP EQUITY;2029122;78463X103;UNITED STATES;;31.18;USD;1;39328;1226247.04;1226247.04;1;1;0.127594%;0.039581;1.234132
US33734K1097;First Trust Large Cap Core AlphaDEX Fund;FEX.P;FEX UP EQUITY;B1X2ZT3;33734K109;UNITED STATES;;29.19;USD;1;42075;1228169.25;1228169.25;1;1;0.127794%;0.042346;1.236067
US78463X2027;SPDR EURO STOXX 50 ETF;FEZ.P;FEZ UP EQUITY;2029100;78463X202;UNITED STATES;;30.89;USD;1;39535;1221236.15;1221236.15;1;1;0.127072%;0.039789;1.229089
US33736N1019;First Trust FTSE EPRA/NAREIT Developed Markets Real Estate Index Fund;FFR.P;FFR UP EQUITY;B248456;33736N101;UNITED STATES;;37.838;USD;1;33631;1272529.778;1272529.778;1;1;0.132409%;0.033847;1.280713
US33734X2009;First Trust DJ Global Select Dividend Index Fund;FGD.P;FGD UP EQUITY;B29N9F1;33734X200;UNITED STATES;;22.99;USD;1;53376;1227114.24;1227114.24;1;1;0.127684%;0.053719;1.235005
US72201R6018;PIMCO 3-7 Year US Treasury Index Fund;FIVZ.P;FIVZ UP EQUITY;B54YD36;72201R601;UNITED STATES;;82.38;USD;1;15622;1286940.36;1286940.36;1;1;0.133909%;0.015722;1.295216
US33733B1008;First Trust ISE Water Index Fund;FIW.P;FIW UP EQUITY;B1XFMD5;33733B100;UNITED STATES;;23.7452;USD;1;52374;1243631.1048;1243631.1048;1;1;0.129402%;0.052711;1.251628
US33736M1036;First Trust ISE Global Engineering and Construction Index Fund;FLM.P;FLM UP EQUITY;B3DXDP2;33736M103;UNITED STATES;;37.425;USD;1;32335;1210137.375;1210137.375;1;1;0.125917%;0.032543;1.217919
US57060U5149;Market Vectors Investment Grade Floating Rate Bond ETF;FLTR.P;FLTR UP EQUITY;B5N3N90;57060U514;UNITED STATES;;24.9;USD;1;52654;1311084.6;1311084.6;1;1;0.136421%;0.052993;1.319515
US33733A1025;First Trust ISE Chindia Index Fund;FNI.P;FNI UP EQUITY;B1XFM24;33733A102;UNITED STATES;;19.55;USD;1;63361;1238707.55;1238707.55;1;1;0.12889%;0.063768;1.246673
US4642885549;iShares FTSE NAREIT Industrial/Office Capped Index Fund;FNIO.P;FNIO UP EQUITY;B1WYRX8;464288554;UNITED STATES;;27.38;USD;1;43947;1203268.86;1203268.86;1;1;0.125203%;0.04423;1.211006
US33737M2017;First Trust Mid Cap Value AlphaDEX Fund;FNK.P;FNK UP EQUITY;B55R8W8;33737M201;UNITED STATES;;20.33;USD;1;60412;1228175.96;1228175.96;1;1;0.127794%;0.0608;1.236074
US33735B1089;First Trust Mid Cap Core AlphaDEX Fund;FNX.P;FNX UP EQUITY;B1X31V0;33735B108;UNITED STATES;;34.97;USD;1;35247;1232587.59;1232587.59;1;1;0.128253%;0.035474;1.240514
US33737M1027;First Trust Mid Cap Growth AlphaDEX Fund;FNY.P;FNY UP EQUITY;B56FG50;33737M102;UNITED STATES;;19.84;USD;1;62497;1239940.48;1239940.48;1;1;0.129018%;0.062899;1.247914
US33737K1060;First Trust NASDAQ CEA Smartphone Index Fund;FONE.OQ;FONE UQ EQUITY;B3WK9V2;33737K106;UNITED STATES;;23.01;USD;1;54302;1249489.02;1249489.02;1;1;0.130012%;0.054651;1.257524
US3369201039;First Trust US IPO Index Fund;FPX.P;FPX UP EQUITY;B1313T6;336920103;UNITED STATES;;28.1401;USD;1;44038;1239233.7238;1239233.7238;1;1;0.128945%;0.044321;1.247203
US33734G1085;First Trust S&P REIT Index Fund;FRI.P;FRI UP EQUITY;B1X2Z93;33734G108;UNITED STATES;;17.0888;USD;1;72566;1240065.8608;1240065.8608;1;1;0.129031%;0.073033;1.24804
US18383Q8380;Guggenheim Frontier Markets ETF;FRN.P;FRN UP EQUITY;B39W795;18383Q838;UNITED STATES;;19.42;USD;1;64089;1244608.38;1244608.38;1;1;0.129504%;0.064501;1.252612
US33735J1016;First Trust Large Cap Value AlphaDEX Fund;FTA.P;FTA UP EQUITY;B1X2XD3;33735J101;UNITED STATES;;28.76;USD;1;42338;1217640.88;1217640.88;1;1;0.126698%;0.04261;1.225471
US33735K1088;First Trust Large Cap Growth AlphaDEX Fund;FTC.P;FTC UP EQUITY;B1X2ZB5;33735K108;UNITED STATES;;28.85;USD;1;42947;1239020.95;1239020.95;1;1;0.128923%;0.043223;1.246988
US4642885218;iShares FTSE NAREIT Real Estate 50 Index Fund;FTY.P;FTY UP EQUITY;B1WY211;464288521;UNITED STATES;;38.6836;USD;1;31728;1227353.2608;1227353.2608;1;1;0.127709%;0.031932;1.235246
US33734H1068;First Trust Value Line Dividend Index Fund;FVD.P;FVD UP EQUITY;B1L8WH0;33734H106;UNITED STATES;;16.9;USD;1;73270;1238263;1238263;1;1;0.128844%;0.073741;1.246226
US33735G1076;First Trust Value Line 100 Exchange-Traded Fund;FVL.P;FVL UP EQUITY;B1Z1242;33735G107;UNITED STATES;;12.81;USD;1;96085;1230848.85;1230848.85;1;1;0.128072%;0.096703;1.238764
US00768Y8342;Madrona Global Bond ETF;FWDB.P;FWDB UP EQUITY;B60ZD30;00768Y834;UNITED STATES;;26.46;USD;1;48533;1284183.18;1284183.18;1;1;0.133622%;0.048845;1.292441
US00768Y8599;Madrona Domestic ETF;FWDD.P;FWDD UP EQUITY;B5ZPNF0;00768Y859;UNITED STATES;;26.46;USD;1;46953;1242376.38;1242376.38;1;1;0.129272%;0.047255;1.250365
US00768Y8425;Madrona International ETF;FWDI.P;FWDI UP EQUITY;B5L63Z7;00768Y842;UNITED STATES;;22.45;USD;1;56303;1264002.35;1264002.35;1;1;0.131522%;0.056665;1.27213
US23129U1016;CurrencyShares Australian Dollar Trust;FXA.P;FXA UP EQUITY;B17NTK1;23129U101;UNITED STATES;;104.36;USD;1;12298;1283419.28;1283419.28;1;1;0.133542%;0.012377;1.291672
US23129S1069;CurrencyShares British Pound Sterling Trust;FXB.P;FXB UP EQUITY;B17NTF6;23129S106;UNITED STATES;;157.1;USD;1;7997;1256328.7;1256328.7;1;1;0.130724%;0.008048;1.264407
US23129X1054;CURRENCYSHARES CANADIAN DOLLAR TRUST;FXC.P;FXC UP Equity;B17NTB2;23129X105;UNITED STATES;;99.26;USD;1;12636;1254249.36;1254249.36;1;1;0.130507%;0.012717;1.262315
US33734X1019;First Trust Consumer Discretionary AlphaDEX Fund;FXD.P;FXD UP EQUITY;B1X2ZK4;33734X101;UNITED STATES;;21.87;USD;1;57410;1255556.7;1255556.7;1;1;0.130643%;0.057779;1.26363
US23130C1080;CurrencyShares Euro Trust;FXE.P;FXE UP EQUITY;B0TBGF0;23130C108;UNITED STATES;;126.13;USD;1;9995;1260669.35;1260669.35;1;1;0.131175%;0.010059;1.268776
US23129V1098;CurrencyShares Swiss Franc Trust;FXF.P;FXF UP EQUITY;B17NTJ0;23129V109;UNITED STATES;;103.85;USD;1;12202;1267177.7;1267177.7;1;1;0.131852%;0.01228;1.275326
US33734X1191;First Trust Consumer Staples AlphaDEX Fund;FXG.P;FXG UP EQUITY;B1X2ZC6;33734X119;UNITED STATES;;24.17;USD;1;52675;1273154.75;1273154.75;1;1;0.132474%;0.053014;1.281342
US33734X1431;First Trust Health Care AlphaDEX Fund;FXH.P;FXH UP EQUITY;B1X3109;33734X143;UNITED STATES;;31.4968;USD;1;39221;1235335.9928;1235335.9928;1;1;0.128539%;0.039473;1.24328
US4642871846;ISHARES FTSE CHINA 25 INDEX;FXI.P;FXI UP Equity;B0357H7;464287184;UNITED STATES;;35.98;USD;1;37048;1332987.04;1332987.04;1;1;0.1387%;0.037286;1.341559
US33734X1761;First Trust Technology AlphaDEX Fund;FXL.P;FXL UP EQUITY;B1X3035;33734X176;UNITED STATES;;20.27;USD;1;58509;1185977.43;1185977.43;1;1;0.123403%;0.058885;1.193604
US33734X1274;First Trust Energy AlphaDEX Fund;FXN.P;FXN UP EQUITY;B1X2ZJ3;33734X127;UNITED STATES;;18.6;USD;1;64281;1195626.6;1195626.6;1;1;0.124407%;0.064694;1.203315
US33734X1357;First Trust Financial AlphaDEX Fund;FXO.P;FXO UP EQUITY;B1X2ZP9;33734X135;UNITED STATES;;15.03;USD;1;83195;1250420.85;1250420.85;1;1;0.130109%;0.08373;1.258462
US33734X1506;First Trust Industrials/Producer Durables AlphaDEX Fund;FXR.P;FXR UP EQUITY;B1X2ZX7;33734X150;UNITED STATES;;18.52;USD;1;68647;1271342.44;1271342.44;1;1;0.132286%;0.069088;1.279518
US23129R1086;CurrencyShares Swedish Krona Trust;FXS.P;FXS UP EQUITY;B17NTG7;23129R108;UNITED STATES;;146.69;USD;1;8481;1244077.89;1244077.89;1;1;0.129449%;0.008536;1.252078
US33734X1845;First Trust Utilities AlphaDEX Fund;FXU.P;FXU UP EQUITY;B1X3024;33734X184;UNITED STATES;;17.66;USD;1;67069;1184438.54;1184438.54;1;1;0.123243%;0.0675;1.192055
US23130A1025;CURRENCYSHARES JAPANESE YEN TRUST;FXY.P;FXY UP Equity;B1RKFJ3;23130A102;UNITED STATES;;123.63;USD;1;10178;1258306.14;1258306.14;1;1;0.130929%;0.010243;1.266398
US33734X1688;First Trust Materials AlphaDEX Fund;FXZ.P;FXZ UP EQUITY;B1X3002;33734X168;UNITED STATES;;24.05;USD;1;51783;1245381.15;1245381.15;1;1;0.129584%;0.052116;1.253389
US33734Y1091;First Trust Small Cap Core AlphaDEX Fund;FYX.P;FYX UP EQUITY;B1X2ZS2;33734Y109;UNITED STATES;;31.69;USD;1;37604;1191670.76;1191670.76;1;1;0.123996%;0.037846;1.199334
US78463X8065;SPDR S&P Emerging Middle East & Africa ETF;GAF.P;GAF UP EQUITY;B1VQ3T3;78463X806;UNITED STATES;;69.18;USD;1;18167;1256793.06;1256793.06;1;1;0.130772%;0.018284;1.264875
US4642885960;iShares Barclays Government/Credit Bond Fund;GBF.P;GBF UP EQUITY;B1MYR16;464288596;UNITED STATES;;116.55;USD;1;11116;1295569.8;1295569.8;1;1;0.134807%;0.011187;1.303901
US3952581060;GreenHaven Continuous Commodity Index Fund;GCC.P;GCC UP EQUITY;B2NXNX3;395258106;UNITED STATES;;29.21;USD;1;42255;1234268.55;1234268.55;1;1;0.128428%;0.042527;1.242205
US57060U1007;Market Vectors Gold Miners ETF;GDX.P;GDX UP EQUITY;B15F7W7;57060U100;UNITED STATES;;49.48;USD;1;24253;1200038.44;1200038.44;1;1;0.124866%;0.024409;1.207755
US57060U5891;Market Vectors Junior Gold Miners ETF;GDXJ.P;GDXJ UP EQUITY;B59F0R7;57060U589;UNITED STATES;;23.23;USD;1;52697;1224151.31;1224151.31;1;1;0.127375%;0.053036;1.232023
US57060U4076;Market Vectors Global Alternative Energy ETF;GEX.P;GEX UP EQUITY;B1XC2G9;57060U407;UNITED STATES;;10.1;USD;1;123432;1246663.2;1246663.2;1;1;0.129718%;0.124226;1.25468
US78463X8552;SPDR FTSE Macquarie Global Infrastructure 100 ETF;GII.P;GII UP EQUITY;B1PRY55;78463X855;UNITED STATES;;38.6;USD;1;31394;1211808.4;1211808.4;1;1;0.126091%;0.031596;1.219601
US18383M6628;Guggenheim Enhanced Core Bond ETF;GIY.P;GIY UP EQUITY;B2PLVX1;18383M662;UNITED STATES;;52.87;USD;1;24428;1291508.36;1291508.36;1;1;0.134384%;0.024585;1.299813
US78463V1070;SPDR Gold Shares;GLD.P;GLD UP EQUITY;B046RT1;78463V107;UNITED STATES;;167.1;USD;1;7503;1253751.3;1253751.3;1;1;0.130455%;0.007551;1.261813
US37950E7397;Global X Gold Explorers ETF;GLDX.P;GLDX UP EQUITY;B5W94R4;37950E739;UNITED STATES;;8.46;USD;1;135126;1143165.96;1143165.96;1;1;0.118949%;0.135995;1.150517
US26922W1099;ETFS Physical Precious Metal Basket Shares;GLTR.P;GLTR UP EQUITY;B53DC15;26922W109;UNITED STATES;;96.44;USD;1;12895;1243593.8;1243593.8;1;1;0.129399%;0.012978;1.251591
US78463X3017;SPDR S&P Emerging Asia Pacific ETF;GMF.P;GMF UP EQUITY;B1VQ3M6;78463X301;UNITED STATES;;72.51;USD;1;17616;1277336.16;1277336.16;1;1;0.132909%;0.017729;1.28555
US78463X7075;SPDR S&P Emerging Latin America ETF;GML.P;GML UP EQUITY;B1VQ3C6;78463X707;UNITED STATES;;69.35;USD;1;17728;1229436.8;1229436.8;1;1;0.127925%;0.017842;1.237343
US78463X5095;SPDR S&P Emerging Markets ETF;GMM.P;GMM UP EQUITY;B1VQ3D7;78463X509;UNITED STATES;;62.35;USD;1;20143;1255916.05;1255916.05;1;1;0.130681%;0.020273;1.263992
US19761R7035;Columbia Intermediate Municipal Bond Strategy Fund;GMMB.P;GMMB UP EQUITY;B3N3WF5;19761R703;UNITED STATES;;55.2761;USD;1;23580;1303410.438;1303410.438;1;1;0.135623%;0.023732;1.311792
US19761R8025;Columbia Core Bond Strategy Fund;GMTB.P;GMTB UP EQUITY;B3PTHM3;19761R802;UNITED STATES;;54.08;USD;1;23554;1273800.32;1273800.32;1;1;0.132542%;0.023705;1.281991
US97717W7112;WisdomTree Global Natural Resources Fund;GNAT.P;GNAT UP EQUITY;B1FYY89;97717W711;UNITED STATES;;22.86;USD;1;53671;1226919.06;1226919.06;1;1;0.127663%;0.054016;1.234809
US78463X5418;SPDR S&P Global Natural Resources ETF;GNR.P;GNR UP EQUITY;B67PZT3;78463X541;UNITED STATES;;48.92;USD;1;24820;1214194.4;1214194.4;1;1;0.126339%;0.02498;1.222002
US45409B8836;IQ Global Resources ETF;GRES.P;GRES UP EQUITY;B560W57;45409B883;UNITED STATES;;28.9648;USD;1;44480;1288354.304;1288354.304;1;1;0.134056%;0.044766;1.296639
US00162Q1067;Cohen & Steers Global Realty Majors ETF;GRI.P;GRI UP EQUITY;B2RH5N5;00162Q106;UNITED STATES;;38.63;USD;1;32584;1258719.92;1258719.92;1;1;0.130972%;0.032794;1.266814
US33737A1088;First Trust NASDAQ Clean Edge Smart Grid Infrastructure Index Fund;GRID.OQ;GRID UQ EQUITY;B3R0D04;33737A108;UNITED STATES;;27.37;USD;1;43077;1179017.49;1179017.49;1;1;0.122679%;0.043354;1.186599
US46428R1077;ISHARES S&P GSCI COMMODITY I;GSG.P;GSG UP Equity;B19FL43;46428R107;UNITED STATES;;32.04;USD;1;38319;1227740.76;1227740.76;1;1;0.127749%;0.038565;1.235636
US46429B8129;iShares Global Inflation-Linked Bond Fund;GTIP.P;GTIP UP EQUITY;B58SJB4;46429B812;UNITED STATES;;51.44;USD;1;25072;1289703.68;1289703.68;1;1;0.134196%;0.025233;1.297997
US97717X3052;WisdomTree Middle East Dividend Fund;GULF.OQ;GULF UQ EQUITY;B3BR6K2;97717X305;UNITED STATES;;14.77;USD;1;87985;1299538.45;1299538.45;1;1;0.13522%;0.088551;1.307895
US78463X6085;SPDR S&P Emerging Europe ETF;GUR.P;GUR UP EQUITY;B1VQ3N7;78463X608;UNITED STATES;;39.4;USD;1;30419;1198508.6;1198508.6;1;1;0.124707%;0.030615;1.206216
US4642886125;iShares Barclays Intermediate Government/Credit Bond Fund;GVI.P;GVI UP EQUITY;B1MYR38;464288612;UNITED STATES;;113.06;USD;1;11380;1286622.8;1286622.8;1;1;0.133876%;0.011453;1.294896
US78463X8891;SPDR S&P World ex-US ETF;GWL.P;GWL UP EQUITY;B1VZ3X4;78463X889;UNITED STATES;;23.44;USD;1;52697;1235217.68;1235217.68;1;1;0.128527%;0.053036;1.243161
US78463X8719;SPDR S&P International Small Cap ETF;GWX.P;GWX UP EQUITY;B1WLDT7;78463X871;UNITED STATES;;26.88;USD;1;46595;1252473.6;1252473.6;1;1;0.130322%;0.046895;1.260528
US78463X4007;SPDR S&P China ETF;GXC.P;GXC UP EQUITY;B1VQ3J3;78463X400;UNITED STATES;;67.79;USD;1;19751;1338920.29;1338920.29;1;1;0.139317%;0.019878;1.34753
US37950E1010;Global X FTSE Nordic Region ETF;GXF.P;GXF UP EQUITY;B44C9N5;37950E101;UNITED STATES;;18.22;USD;1;66720;1215638.4;1215638.4;1;1;0.12649%;0.067149;1.223455
US37950E2000;Global X FTSE Colombia 20 ETF;GXG.P;GXG UP EQUITY;B4WXB67;37950E200;UNITED STATES;;21.11;USD;1;60296;1272848.56;1272848.56;1;1;0.132443%;0.060684;1.281034
US18383Q8539;Guggenheim China Small Cap ETF;HAO.P;HAO UP EQUITY;B2PCWX1;18383Q853;UNITED STATES;;21.61;USD;1;64637;1396805.57;1396805.57;1;1;0.145341%;0.065053;1.405788
US57060U7954;Market Vectors RVE Hard Assets Producers ETF;HAP.P;HAP UP EQUITY;B3CZVV1;57060U795;UNITED STATES;;34.65;USD;1;34988;1212334.2;1212334.2;1;1;0.126146%;0.035213;1.22013
US46429B6636;iShares High Dividend Equity Fund;HDV.P;HDV UP EQUITY;B5BT1L8;46429B663;UNITED STATES;;58.31;USD;1;20752;1210049.12;1210049.12;1;1;0.125908%;0.020885;1.21783
US97717X7012;WisdomTree Europe Hedged Equity Fund;HEDJ.P;HEDJ UP EQUITY;B5M0VP4;97717X701;UNITED STATES;;43.88;USD;1;28964;1270940.32;1270940.32;1;1;0.132244%;0.02915;1.279113
US18383Q8042;Guggenheim International Multi-Asset Income ETF;HGI.P;HGI UP EQUITY;B236BM7;18383Q804;UNITED STATES;;15.75;USD;1;77285;1217238.75;1217238.75;1;1;0.126656%;0.077782;1.225066
US57060U8788;Market Vectors High Yield Municipal Index ETF;HYD.P;HYD UP EQUITY;B4W9BN2;57060U878;UNITED STATES;;33.13;USD;1;39125;1296211.25;1296211.25;1;1;0.134873%;0.039377;1.304546
US4642885135;ISHARES IBOXX H/Y CORP BOND;HYG.P;HYG UP Equity;B1VZ486;464288513;UNITED STATES;;91.21;USD;1;13799;1258606.79;1258606.79;1;1;0.130961%;0.013888;1.2667
US00768Y5033;Peritus High Yield ETF;HYLD.P;HYLD UP EQUITY;B45R6Y9;00768Y503;UNITED STATES;;49.64;USD;1;25577;1269642.28;1269642.28;1;1;0.132109%;0.025741;1.277807
US78464A2841;SPDR Nuveen S&P High Yield Municipal Bond ETF;HYMB.P;HYMB UP EQUITY;B44FJ45;78464A284;UNITED STATES;;58.49;USD;1;22364;1308070.36;1308070.36;1;1;0.136107%;0.022508;1.316482
US72201R7834;PIMCO 0-5 Year High Yield Corporate Bond Index Fund;HYS.P;HYS UP EQUITY;B4521S3;72201R783;UNITED STATES;;101.91;USD;1;12508;1274690.28;1274690.28;1;1;0.132634%;0.012588;1.282887
US4642887941;iShares Dow Jones US Broker Dealers Index Fund;IAI.P;IAI UP EQUITY;B14MFZ8;464288794;UNITED STATES;;21.7801;USD;1;56377;1227896.6977;1227896.6977;1;1;0.127765%;0.05674;1.235793
US4642887867;iShares Dow Jones US Insurance Index Fund;IAK.P;IAK UP EQUITY;B14MG00;464288786;UNITED STATES;;31.6258;USD;1;39353;1244570.1074;1244570.1074;1;1;0.1295%;0.039606;1.252573
US4642887784;iShares Dow Jones US Regional Banks Index Fund;IAT.P;IAT UP EQUITY;B14MG33;464288778;UNITED STATES;;23.47;USD;1;49392;1159230.24;1159230.24;1;1;0.12062%;0.04971;1.166685
US4642851053;ISHARES GOLD TRUST;IAU.P;IAU UP EQUITY;B05ND15;464285105;UNITED STATES;;16.79;USD;1;74764;1255287.56;1255287.56;1;1;0.130615%;0.075245;1.26336
US4642875565;iShares Nasdaq Biotechnology Index Fund;IBB.OQ;IBB UQ EQUITY;2724892;464287556;UNITED STATES;;132.29;USD;1;8981;1188096.49;1188096.49;1;1;0.123624%;0.009039;1.195736
US78464A1512;SPDR Barclays Capital International Corporate Bond ETF;IBND.P;IBND UP EQUITY;B4PCQR7;78464A151;UNITED STATES;;34.14;USD;1;37426;1277723.64;1277723.64;1;1;0.13295%;0.037667;1.28594
US4642875649;iShares Cohen & Steers Realty Majors Index Fund;ICF.P;ICF UP EQUITY;2771166;464287564;UNITED STATES;;76.01;USD;1;16317;1240255.17;1240255.17;1;1;0.129051%;0.016422;1.248231
US4642882249;iShares S&P Global Clean Energy Index Fund;ICLN.OQ;ICLN UQ EQUITY;B3B8V99;464288224;UNITED STATES;;6.33;USD;1;186043;1177652.19;1177652.19;1;1;0.122537%;0.187239;1.185225
US97717W1669;WisdomTree Dreyfus Indian Rupee Fund;ICN.P;ICN UP EQUITY;B2RJ2R4;97717W166;UNITED STATES;;20.86;USD;1;60438;1260736.68;1260736.68;1;1;0.131182%;0.060827;1.268844
US4642876977;iShares Dow Jones US Utilities Sector Index Fund;IDU.P;IDU UP EQUITY;2810058;464287697;UNITED STATES;;84.98;USD;1;14217;1208160.66;1208160.66;1;1;0.125712%;0.014308;1.21593
US4642884484;iShares Dow Jones International Select Dividend Index Fund;IDV.P;IDV UP EQUITY;B1YYR25;464288448;UNITED STATES;;31.5;USD;1;39805;1253857.5;1253857.5;1;1;0.130466%;0.040061;1.26192
US57060U7533;MARKET VECTORS INDONESIA IND;IDX.P;IDX UP Equity;B3FPZ05;57060U753;UNITED STATES;;29.18;USD;1;44979;1312487.22;1312487.22;1;1;0.136567%;0.045268;1.320927
US4642874402;ISHARES BARCLAYS 7-10 YEAR;IEF.P;IEF UP Equity;2971494;464287440;UNITED STATES;;108.98;USD;1;11904;1297297.92;1297297.92;1;1;0.134987%;0.011981;1.30564
US4642886612;iShares Barclays 3-7 Year Treasury Bond Fund;IEI.P;IEI UP EQUITY;B1MYR72;464288661;UNITED STATES;;123.77;USD;1;10402;1287455.54;1287455.54;1;1;0.133962%;0.010469;1.295734
US4642888519;ISHARES DJ US OIL & GAS EXPL;IEO.P;IEO UP EQUITY;B14MFP8;464288851;UNITED STATES;;60.43;USD;1;19908;1203040.44;1203040.44;1;1;0.125179%;0.020036;1.210777
US4642878619;iShares S&P Europe 350 Index Fund;IEV.P;IEV UP EQUITY;2639792;464287861;UNITED STATES;;36.21;USD;1;34050;1232950.5;1232950.5;1;1;0.128291%;0.034269;1.240879
US4642888444;ISHARES DJ US OIL EQUIP & SV;IEZ.P;IEZ UP Equity;B14MFQ9;464288844;UNITED STATES;;48.33;USD;1;23878;1154023.74;1154023.74;1;1;0.120079%;0.024032;1.161445
US4642884633;iShares FTSE EPRA/NAREIT Developed Asia Index Fund;IFAS.OQ;IFAS UQ EQUITY;B29FBG2;464288463;UNITED STATES;;32;USD;1;41276;1320832;1320832;1;1;0.137435%;0.041541;1.329326
US4642884716;iShares FTSE EPRA/NAREIT Developed Europe Index Fund;IFEU.OQ;IFEU UQ EQUITY;B29FBJ5;464288471;UNITED STATES;;28.7;USD;1;45026;1292246.2;1292246.2;1;1;0.134461%;0.045316;1.300556
US4642884898;iShares FTSE EPRA/NAREIT Developed Real Estate ex-US Index Fund;IFGL.OQ;IFGL UQ EQUITY;B29FBK6;464288489;UNITED STATES;;31.51;USD;1;41171;1297298.21;1297298.21;1;1;0.134987%;0.041436;1.30564
US4642884559;iShares FTSE EPRA/NAREIT North America Index Fund;IFNA.OQ;IFNA UQ EQUITY;B29FBN9;464288455;UNITED STATES;;46.39;USD;1;26844;1245293.16;1245293.16;1;1;0.129575%;0.027017;1.253301
US4642884971;iShares FTSE Developed Small Cap ex-North America Index Fund;IFSM.OQ;IFSM UQ EQUITY;B29FBS4;464288497;UNITED STATES;;33.87;USD;1;37273;1262436.51;1262436.51;1;1;0.131359%;0.037513;1.270555
US4642873743;iShares S&P North American Natural Resources Sector Index Fund;IGE.P;IGE UP EQUITY;2812979;464287374;UNITED STATES;;37.23;USD;1;32004;1191508.92;1191508.92;1;1;0.123979%;0.03221;1.199171
US4642883726;iShares S&P Global Infrastructure Index Fund;IGF.P;IGF UP EQUITY;B29YQM0;464288372;UNITED STATES;;34.22;USD;1;35837;1226342.14;1226342.14;1;1;0.127603%;0.036067;1.234228
US4642875490;iShares S&P North American Technology Sector Index Fund;IGM.P;IGM UP EQUITY;2760153;464287549;UNITED STATES;;64.11;USD;1;18240;1169366.4;1169366.4;1;1;0.121675%;0.018357;1.176886
US4642875318;iShares S&P North American Technology-Multimedia Networking Index Fund;IGN.P;IGN UP EQUITY;2810188;464287531;UNITED STATES;;25.72;USD;1;46680;1200609.6;1200609.6;1;1;0.124926%;0.04698;1.20833
US4642881175;iShares S&P/Citigroup International Treasury Bond Fund;IGOV.OQ;IGOV UQ EQUITY;B3L99S7;464288117;UNITED STATES;;101.5;USD;1;12451;1263776.5;1263776.5;1;1;0.131499%;0.012531;1.271903
US4642875151;iShares S&P North American Technology-Software Index Fund;IGV.P;IGV UP EQUITY;2810467;464287515;UNITED STATES;;58.74;USD;1;19828;1164696.72;1164696.72;1;1;0.121189%;0.019956;1.172186
US4642888360;iShares Dow Jones US Pharmaceuticals Index Fund;IHE.P;IHE UP EQUITY;B14MFW5;464288836;UNITED STATES;;84.68;USD;1;14156;1198730.08;1198730.08;1;1;0.12473%;0.014247;1.206438
US4642888287;iShares Dow Jones US Healthcare Providers Index Fund;IHF.P;IHF UP EQUITY;B14MFX6;464288828;UNITED STATES;;65.23;USD;1;18699;1219735.77;1219735.77;1;1;0.126916%;0.018819;1.227579
US4642888105;iShares Dow Jones US Medical Devices Index Fund;IHI.P;IHI UP EQUITY;B14MFY7;464288810;UNITED STATES;;65.57;USD;1;18396;1206225.72;1206225.72;1;1;0.12551%;0.018514;1.213982
US4642875078;iShares S&P MidCap 400 Index Fund;IJH.P;IJH UP EQUITY;2611637;464287507;UNITED STATES;;96.7;USD;1;12760;1233892;1233892;1;1;0.128389%;0.012842;1.241826
US4642877058;iShares S&P MidCap 400/BARRA Value Index Fund;IJJ.P;IJJ UP EQUITY;2689720;464287705;UNITED STATES;;83.2;USD;1;14757;1227782.4;1227782.4;1;1;0.127753%;0.014852;1.235678
US4642876068;iShares S&P MidCap 400 Growth Index Fund;IJK.P;IJK UP EQUITY;2775975;464287606;UNITED STATES;;109.65;USD;1;11319;1241128.35;1241128.35;1;1;0.129142%;0.011392;1.249109
US4642878049;iShares S&P SmallCap 600 Index Fund;IJR.P;IJR UP EQUITY;2678869;464287804;UNITED STATES;;73.27;USD;1;16349;1197891.23;1197891.23;1;1;0.124643%;0.016454;1.205594
US4642878791;iShares S&P SmallCap 600 Value Index Fund;IJS.P;IJS UP EQUITY;2729552;464287879;UNITED STATES;;75.32;USD;1;15872;1195479.04;1195479.04;1;1;0.124392%;0.015974;1.203166
US4642878874;iShares S&P SmallCap 600/BARRA Growth Index Fund;IJT.P;IJT UP EQUITY;2812236;464287887;UNITED STATES;;79.38;USD;1;15138;1201654.44;1201654.44;1;1;0.125035%;0.015235;1.209382
US4642873909;ISHARES S&P LATIN AMERICA 40;ILF.P;ILF UP Equity;2812980;464287390;UNITED STATES;;41.22;USD;1;29531;1217267.82;1217267.82;1;1;0.126659%;0.029721;1.225095
US4642894798;ISHARES CORE LONG-TERM US BOND ETF;ILTB.P;ILTB UP EQUITY;B4VYZ92;464289479;UNITED STATES;;65.63;USD;1;20130;1321131.9;1321131.9;1;1;0.137467%;0.020259;1.329627
US4642895290;iShares S&P India Nifty 50 Index Fund;INDY.OQ;INDY UQ EQUITY;B42LT12;464289529;UNITED STATES;;23.7;USD;1;52805;1251478.5;1251478.5;1;1;0.130219%;0.053145;1.259526
US2684618455;EGShares India Infrastructure ETF;INXX.P;INXX UP EQUITY;B4ZKHR8;268461845;UNITED STATES;;13.73;USD;1;88838;1219745.74;1219745.74;1;1;0.126917%;0.089409;1.227589
US78464A4334;SPDR Nuveen Barclays Capital New York Municipal Bond ETF;INY.P;INY UP EQUITY;B28LX87;78464A433;UNITED STATES;;24.4918;USD;1;53067;1299706.3506;1299706.3506;1;1;0.135237%;0.053408;1.308064
US4642875722;iShares S&P Global 100 Index Fund;IOO.P;IOO UP EQUITY;2760142;464287572;UNITED STATES;;60.8;USD;1;20127;1223721.6;1223721.6;1;1;0.127331%;0.020256;1.231591
US78464A6560;SPDR Barclays Capital TIPS ETF;IPE.P;IPE UP EQUITY;B1Y9J02;78464A656;UNITED STATES;;61.42;USD;1;21180;1300875.6;1300875.6;1;1;0.135359%;0.021316;1.309241
US78463X6572;SPDR S&P International Technology Sector ETF;IPK.P;IPK UP EQUITY;B3BWFD3;78463X657;UNITED STATES;;24.1695;USD;1;51993;1256644.8135;1256644.8135;1;1;0.130756%;0.052327;1.264726
US78463X6739;SPDR S&P International Industrials Sector ETF;IPN.P;IPN UP EQUITY;B3BWFK0;78463X673;UNITED STATES;;24.4135;USD;1;51205;1250093.2675;1250093.2675;1;1;0.130075%;0.051534;1.258132
US78463X7232;SPDR S&P International Consumer Staples Sector ETF;IPS.P;IPS UP EQUITY;B3BWDY0;78463X723;UNITED STATES;;34.3206;USD;1;36803;1263101.0418;1263101.0418;1;1;0.131428%;0.03704;1.271223
US78463X6325;SPDR S&P International Utilities Sector ETF;IPU.P;IPU UP EQUITY;B3BWFC2;78463X632;UNITED STATES;;15.66;USD;1;75913;1188797.58;1188797.58;1;1;0.123697%;0.076401;1.196442
US78463X7158;SPDR S&P International Energy Sector ETF;IPW.P;IPW UP EQUITY;B3BWF99;78463X715;UNITED STATES;;23.99;USD;1;49852;1195949.48;1195949.48;1;1;0.124441%;0.050173;1.20364
US78463X6655;SPDR S&P International Materials Sector ETF;IRV.P;IRV UP EQUITY;B3BWFF5;78463X665;UNITED STATES;;23.4;USD;1;53771;1258241.4;1258241.4;1;1;0.130923%;0.054117;1.266332
US78463X6812;SPDR S&P International Health Care Sector ETF;IRY.P;IRY UP EQUITY;B3BWFN3;78463X681;UNITED STATES;;34.24;USD;1;36184;1238940.16;1238940.16;1;1;0.128914%;0.036417;1.246907
US4642881258;iShares S&P/Citigroup 1-3 Year International Treasury Bond Fund;ISHG.OQ;ISHG UQ EQUITY;B3L99V0;464288125;UNITED STATES;;96.06;USD;1;13079;1256368.74;1256368.74;1;1;0.130728%;0.013163;1.264448
US78463X6408;SPDR S&P International Telecommunications Sector ETF;IST.P;IST UP EQUITY;B2RJC18;78463X640;UNITED STATES;;21.4;USD;1;54906;1174988.4;1174988.4;1;1;0.12226%;0.055259;1.182544
US4642887602;iShares Dow Jones US Aerospace & Defense Index Fund;ITA.P;ITA UP EQUITY;B14MG44;464288760;UNITED STATES;;65.03;USD;1;19533;1270230.99;1270230.99;1;1;0.13217%;0.019659;1.278399
US4642887529;iShares Dow Jones US Home Construction Index Fund;ITB.P;ITB UP EQUITY;B14MG88;464288752;UNITED STATES;;19.74;USD;1;63236;1248278.64;1248278.64;1;1;0.129886%;0.063643;1.256306
US78464A6727;SPDR Barclays Capital Intermediate Term Treasury ETF;ITE.P;ITE UP EQUITY;B1Y9HX1;78464A672;UNITED STATES;;61.35;USD;1;20951;1285343.85;1285343.85;1;1;0.133743%;0.021086;1.293609
US4642873826;iShares S&P/TOPIX 150 Index Fund;ITF.P;ITF UP EQUITY;2812968;464287382;UNITED STATES;;38.29;USD;1;32059;1227539.11;1227539.11;1;1;0.127728%;0.032265;1.235433
US46429B7709;iShares BofA Merrill Lynch Global ex-US Diversified Inflation-Linked Index;ITIP.P;ITIP UP EQUITY;B55QRF1;46429B770;UNITED STATES;;49.7;USD;1;26424;1313272.8;1313272.8;1;1;0.136649%;0.026594;1.321718
US57060U8457;Market Vectors Intermediate Municipal ETF;ITM.P;ITM UP EQUITY;B29VF24;57060U845;UNITED STATES;;23.9;USD;1;54486;1302215.4;1302215.4;1;1;0.135498%;0.054836;1.310589
US4642871507;ISHARES CORE S&P TOTAL US STOCK MARKET ETF;ITOT.P;ITOT UP EQUITY;2342164;464287150;UNITED STATES;;62.57;USD;1;19347;1210541.79;1210541.79;1;1;0.125959%;0.019471;1.218326
US78464A3757;SPDR Barclays Capital Intermediate Term Corporate Bond ETF;ITR.P;ITR UP EQUITY;B3L3K42;78464A375;UNITED STATES;;35.01;USD;1;36994;1295159.94;1295159.94;1;1;0.134764%;0.037232;1.303488
US4642874089;iShares S&P 500 Value Index Fund;IVE.P;IVE UP EQUITY;2670520;464287408;UNITED STATES;;63.57;USD;1;19177;1219081.89;1219081.89;1;1;0.126848%;0.0193;1.226921
US9219328690;Vanguard S&P Mid-Cap 400 Growth ETF;IVOG.P;IVOG UP EQUITY;B3SFWN4;921932869;UNITED STATES;;67.25;USD;1;18505;1244461.25;1244461.25;1;1;0.129489%;0.018624;1.252464
US9219328856;Vanguard S&P Mid-Cap 400 ETF;IVOO.P;IVOO UP EQUITY;B3WMBG7;921932885;UNITED STATES;;65.0935;USD;1;19049;1239966.0815;1239966.0815;1;1;0.129021%;0.019171;1.24794
US9219328443;Vanguard S&P Mid-Cap 400 Value ETF;IVOV.P;IVOV UP EQUITY;B6707Z8;921932844;UNITED STATES;;62.96;USD;1;19661;1237856.56;1237856.56;1;1;0.128802%;0.019787;1.245817
US4642872000;iShares S&P 500 Index Fund/US;IVV.P;IVV UP EQUITY;2593025;464287200;UNITED STATES;;138.32;USD;1;8731;1207671.92;1207671.92;1;1;0.125661%;0.008787;1.215438
US4642873099;iShares S&P 500 Growth Index Fund;IVW.P;IVW UP EQUITY;2615082;464287309;UNITED STATES;;73.87;USD;1;16237;1199427.19;1199427.19;1;1;0.124803%;0.016341;1.20714
US4642876225;ISHARES RUSSELL 1000 INDEX;IWB.P;IWB UP Equity;2605641;464287622;UNITED STATES;;76.3;USD;1;15968;1218358.4;1218358.4;1;1;0.126773%;0.016071;1.226193
US4642888691;iShares Russell Microcap Index Fund;IWC.P;IWC UP EQUITY;B0GX336;464288869;UNITED STATES;;48.78;USD;1;23945;1168037.1;1168037.1;1;1;0.121537%;0.024099;1.175548
US4642875987;iShares Russell 1000 Value Index Fund;IWD.P;IWD UP EQUITY;2713210;464287598;UNITED STATES;;69.81;USD;1;17595;1228306.95;1228306.95;1;1;0.127808%;0.017708;1.236205
US4642876142;iShares Russell 1000 Growth Index Fund;IWF.P;IWF UP EQUITY;2679839;464287614;UNITED STATES;;63.59;USD;1;19006;1208591.54;1208591.54;1;1;0.125756%;0.019128;1.216363
US4642894467;iShares Russell Top 200 Index Fund;IWL.P;IWL UP EQUITY;B4QWBH1;464289446;UNITED STATES;;32.05;USD;1;38081;1220496.05;1220496.05;1;1;0.126995%;0.038326;1.228344
US4642876555;ISHARES RUSSELL 2000;IWM.P;IWM UP Equity;2622059;464287655;UNITED STATES;;78.73;USD;1;15122;1190555.06;1190555.06;1;1;0.12388%;0.015219;1.198211
US4642876308;iShares Russell 2000 Value Index Fund;IWN.P;IWN UP EQUITY;2689719;464287630;UNITED STATES;;70.12;USD;1;17003;1192250.36;1192250.36;1;1;0.124056%;0.017112;1.199917
US4642876480;iShares Russell 2000 Growth Index Fund;IWO.P;IWO UP EQUITY;2713276;464287648;UNITED STATES;;89.88;USD;1;13242;1190190.96;1190190.96;1;1;0.123842%;0.013327;1.197844
US4642874816;iShares Russell Midcap Growth Index Fund;IWP.P;IWP UP EQUITY;2810478;464287481;UNITED STATES;;60.2;USD;1;20444;1230728.8;1230728.8;1;1;0.12806%;0.020575;1.238643
US4642874998;iShares Russell Midcap Index Fund;IWR.P;IWR UP EQUITY;B4ZD2Y9;464287499;UNITED STATES;;108.03;USD;1;11442;1236079.26;1236079.26;1;1;0.128617%;0.011516;1.244028
US4642874733;iShares Russell Midcap Value Index Fund;IWS.P;IWS UP EQUITY;2810490;464287473;UNITED STATES;;47.8;USD;1;25965;1241127;1241127;1;1;0.129142%;0.026132;1.249108
US4642876894;iShares Russell 3000 Index Fund;IWV.P;IWV UP EQUITY;2675183;464287689;UNITED STATES;;81.42;USD;1;14941;1216496.22;1216496.22;1;1;0.126579%;0.015037;1.224319
US4642876639;iShares Russell 3000 Value Index Fund;IWW.P;IWW UP EQUITY;2720953;464287663;UNITED STATES;;91.32;USD;1;13435;1226884.2;1226884.2;1;1;0.12766%;0.013521;1.234774
US4642894202;iShares Russell Top 200 Value Index Fund;IWX.P;IWX UP EQUITY;B4Q4QT4;464289420;UNITED STATES;;30.06;USD;1;40585;1219985.1;1219985.1;1;1;0.126942%;0.040846;1.22783
US4642894384;iShares Russell Top 200 Growth Index Fund;IWY.P;IWY UP EQUITY;B4QZLK3;464289438;UNITED STATES;;33.9499;USD;1;35385;1201317.2115;1201317.2115;1;1;0.125%;0.035613;1.209042
US4642876712;iShares Russell 3000 Growth Index Fund;IWZ.P;IWZ UP EQUITY;2810069;464287671;UNITED STATES;;51.76;USD;1;23331;1207612.56;1207612.56;1;1;0.125655%;0.023481;1.215378
US4642873412;ISHARES S&P GLBL ENERGY SECT;IXC.P;IXC UP EQUITY;2819237;464287341;UNITED STATES;;37.36;USD;1;32092;1198957.12;1198957.12;1;1;0.124754%;0.032298;1.206667
US4642873339;iShares S&P Global Financials Sector Index Fund;IXG.P;IXG UP EQUITY;2819226;464287333;UNITED STATES;;42.09;USD;1;30035;1264173.15;1264173.15;1;1;0.13154%;0.030228;1.272302
US4642873255;iShares S&P Global Healthcare Sector Index Fund;IXJ.P;IXJ UP EQUITY;2819215;464287325;UNITED STATES;;62.75;USD;1;19818;1243579.5;1243579.5;1;1;0.129397%;0.019945;1.251576
US4642872919;iShares S&P Global Technology Sector Index Fund;IXN.P;IXN UP EQUITY;2819204;464287291;UNITED STATES;;63.98;USD;1;18278;1169426.44;1169426.44;1;1;0.121681%;0.018396;1.176946
US4642872752;iShares S&P Global Telecommunications Sector Index Fund;IXP.P;IXP UP EQUITY;2819196;464287275;UNITED STATES;;56.68;USD;1;20839;1181154.52;1181154.52;1;1;0.122902%;0.020973;1.18875
US4642875805;iShares Dow Jones US Consumer Services Sector Index Fund;IYC.P;IYC UP EQUITY;2741147;464287580;UNITED STATES;;84.21;USD;1;14656;1234181.76;1234181.76;1;1;0.128419%;0.01475;1.242118
US4642877967;iShares Dow Jones US Energy Sector Index Fund;IYE.P;IYE UP EQUITY;2605083;464287796;UNITED STATES;;39.62;USD;1;29958;1186935.96;1186935.96;1;1;0.123503%;0.030151;1.194568
US4642877884;iShares Dow Jones US Financial Sector Index Fund;IYF.P;IYF UP EQUITY;2646145;464287788;UNITED STATES;;57.51;USD;1;21593;1241813.43;1241813.43;1;1;0.129213%;0.021732;1.249799
US4642877702;iShares Dow Jones US Financial Services Index Fund;IYG.P;IYG UP EQUITY;2605663;464287770;UNITED STATES;;55.25;USD;1;22572;1247103;1247103;1;1;0.129764%;0.022717;1.255122
US4642877629;iShares Dow Jones US Healthcare Sector Index Fund;IYH.P;IYH UP EQUITY;2614227;464287762;UNITED STATES;;81.94;USD;1;15049;1233115.06;1233115.06;1;1;0.128308%;0.015146;1.241045
US4642877546;iShares Dow Jones US Industrial Sector Index Fund;IYJ.P;IYJ UP EQUITY;2605179;464287754;UNITED STATES;;69.88;USD;1;17909;1251480.92;1251480.92;1;1;0.130219%;0.018024;1.259528
US4642878122;iShares Dow Jones US Consumer Goods Sector Index Fund;IYK.P;IYK UP EQUITY;2741170;464287812;UNITED STATES;;72.92;USD;1;16933;1234754.36;1234754.36;1;1;0.128479%;0.017042;1.242694
US4642878387;iShares Dow Jones US Basic Materials Sector Index Fund;IYM.P;IYM UP EQUITY;2741158;464287838;UNITED STATES;;65.54;USD;1;18559;1216356.86;1216356.86;1;1;0.126564%;0.018678;1.224179
US4642877397;ISHARES DJ US REAL ESTATE;IYR.P;IYR UP Equity;2605652;464287739;UNITED STATES;;62.73;USD;1;19533;1225305.09;1225305.09;1;1;0.127496%;0.019659;1.233184
US4642871929;iShares Dow Jones Transportation Average Index Fund;IYT.P;IYT UP EQUITY;2012423;464287192;UNITED STATES;;89.74;USD;1;14497;1300960.78;1300960.78;1;1;0.135368%;0.01459;1.309327
US4642877215;iShares Dow Jones US Technology Sector Index Fund;IYW.P;IYW UP EQUITY;2687003;464287721;UNITED STATES;;67.95;USD;1;16611;1128717.45;1128717.45;1;1;0.117445%;0.016718;1.135976
US4642878460;iShares Dow Jones US Index Fund;IYY.P;IYY UP EQUITY;2695705;464287846;UNITED STATES;;69.1315;USD;1;17520;1211183.88;1211183.88;1;1;0.126026%;0.017633;1.218972
US4642877132;iShares Dow Jones US Telecommunications Sector Index Fund;IYZ.P;IYZ UP EQUITY;2618274;464287713;UNITED STATES;;23.33;USD;1;49335;1150985.55;1150985.55;1;1;0.119762%;0.049652;1.158387
US4642871275;iShares Morningstar Large Core Index Fund;JKD.P;JKD UP EQUITY;B01RGN4;464287127;UNITED STATES;;79.5;USD;1;15431;1226764.5;1226764.5;1;1;0.127647%;0.01553;1.234653
US4642871192;iShares Morningstar Large Growth Index Fund;JKE.P;JKE UP EQUITY;B01RGM3;464287119;UNITED STATES;;74.11;USD;1;15984;1184574.24;1184574.24;1;1;0.123257%;0.016087;1.192192
US4642881092;iShares Morningstar Large Value Index Fund;JKF.P;JKF UP EQUITY;B01RGK1;464288109;UNITED STATES;;62.44;USD;1;19321;1206403.24;1206403.24;1;1;0.125529%;0.019445;1.214161
US4642882082;iShares Morningstar Mid Core Index Fund;JKG.P;JKG UP EQUITY;B01RGW3;464288208;UNITED STATES;;93.95;USD;1;13222;1242206.9;1242206.9;1;1;0.129254%;0.013307;1.250195
US4642883072;iShares Morningstar Mid Growth Index Fund;JKH.P;JKH UP EQUITY;B01RGV2;464288307;UNITED STATES;;102.345;USD;1;11888;1216677.36;1216677.36;1;1;0.126598%;0.011964;1.224501
US4642884062;iShares Morningstar Mid Value Index Fund;JKI.P;JKI UP EQUITY;B01RGT0;464288406;UNITED STATES;;78.3488;USD;1;15754;1234306.9952;1234306.9952;1;1;0.128432%;0.015855;1.242244
US4642885051;iShares Morningstar Small Core Index Fund;JKJ.P;JKJ UP EQUITY;B01RGS9;464288505;UNITED STATES;;90;USD;1;13452;1210680;1210680;1;1;0.125974%;0.013539;1.218465
US4642886042;iShares Morningstar Small Growth Index Fund;JKK.P;JKK UP EQUITY;B01RGQ7;464288604;UNITED STATES;;89.06;USD;1;13403;1193671.18;1193671.18;1;1;0.124204%;0.013489;1.201347
US4642887032;iShares Morningstar Small Value Index Fund;JKL.P;JKL UP EQUITY;B01RGP6;464288703;UNITED STATES;;85.43;USD;1;14200;1213106;1213106;1;1;0.126226%;0.014291;1.220907
US78464A4177;SPDR BARCLAYS CAPITAL HIGH YIELD BOND ETF;JNK.P;JNK UP Equity;B29T012;78464A417;UNITED STATES;;39.77;USD;1;31712;1261186.24;1261186.24;1;1;0.131229%;0.031916;1.269296
US78463X8305;SPDR Russell/Nomura PRIME Japan ETF;JPP.P;JPP UP EQUITY;B1HHBN0;78463X830;UNITED STATES;;33.94;USD;1;36059;1223842.46;1223842.46;1;1;0.127343%;0.036291;1.231712
US78463X8222;SPDR Russell/Nomura Small Cap Japan ETF;JSC.P;JSC UP EQUITY;B1HHBQ3;78463X822;UNITED STATES;;39.6635;USD;1;31256;1239722.356;1239722.356;1;1;0.128996%;0.031457;1.247694
US4642887115;iShares S&P Global Utilities Sector Index Fund;JXI.P;JXI UP EQUITY;B1FGVP1;464288711;UNITED STATES;;39.81;USD;1;30049;1196250.69;1196250.69;1;1;0.124472%;0.030242;1.203943
US97717W2246;WisdomTree Dreyfus Japanese Yen Fund;JYF.P;JYF UP EQUITY;B39GHV9;97717W224;UNITED STATES;;32.03;USD;1;39365;1260860.95;1260860.95;1;1;0.131195%;0.039618;1.268969
US78464A7972;SPDR S&P Bank ETF;KBE.P;KBE UP EQUITY;B0Q4PD3;78464A797;UNITED STATES;;22.67;USD;1;53756;1218648.52;1218648.52;1;1;0.126803%;0.054102;1.226485
US73936Q7934;PowerShares KBW High Dividend Yield Financial Portfolio;KBWD.P;KBWD UP EQUITY;B4MC5Z1;73936Q793;UNITED STATES;;22.23;USD;1;51993;1155804.39;1155804.39;1;1;0.120264%;0.052327;1.163237
US73936Q8197;PowerShares KBW Premium Yield Equity REIT Portfolio;KBWY.P;KBWY UP EQUITY;B4R3QD4;73936Q819;UNITED STATES;;26.74;USD;1;46714;1249132.36;1249132.36;1;1;0.129975%;0.047014;1.257165
US78464A7717;SPDR S&P Capital Markets ETF;KCE.P;KCE UP EQUITY;B0PZML4;78464A771;UNITED STATES;;32.12;USD;1;38924;1250238.88;1250238.88;1;1;0.13009%;0.039174;1.258278
US78464A7899;SPDR S&P Insurance ETF;KIE.P;KIE UP EQUITY;B0Q4PJ9;78464A789;UNITED STATES;;42.2;USD;1;29937;1263341.4;1263341.4;1;1;0.131453%;0.03013;1.271465
US4642888022;iShares MSCI USA ESG Select Social Index Fund;KLD.P;KLD UP EQUITY;B053F20;464288802;UNITED STATES;;57.98;USD;1;21126;1224885.48;1224885.48;1;1;0.127452%;0.021262;1.232762
US57060U8374;Market Vectors Coal ETF;KOL.P;KOL UP EQUITY;B2NNZG0;57060U837;UNITED STATES;;23.78;USD;1;53960;1283168.8;1283168.8;1;1;0.133516%;0.054307;1.29142
US78464A6982;SPDR S&P Regional Banking ETF;KRE.P;KRE UP EQUITY;B17N7T6;78464A698;UNITED STATES;;26.7;USD;1;43992;1174586.4;1174586.4;1;1;0.122218%;0.044275;1.18214
US45409B8265;IQ Australia Small Cap ETF;KROO.P;KROO UP EQUITY;B4WFTZ8;45409B826;UNITED STATES;;20.7108;USD;1;61333;1270255.4964;1270255.4964;1;1;0.132173%;0.061727;1.278424
US57061R7834;Market Vectors Solar Energy ETF;KWT.P;KWT UP EQUITY;B7HK4D2;57061R783;UNITED STATES;;30.27;USD;1;33343;1009292.61;1009292.61;1;1;0.105019%;0.033557;1.015783
US4642887370;iShares S&P Global Consumer Staples Sector Index Fund;KXI.P;KXI UP EQUITY;B1FGVM8;464288737;UNITED STATES;;72.2899;USD;1;17201;1243458.5699;1243458.5699;1;1;0.129384%;0.017312;1.251455
US78464A6495;SPDR BARCLAYS CAPITAL AGGREGATE BOND ETF;LAG.P;LAG UP Equity;B1Y9J13;78464A649;UNITED STATES;;59.21;USD;1;21765;1288705.65;1288705.65;1;1;0.134092%;0.021905;1.296993
US57060U5305;Market Vectors Latin America Small-Cap Index ETF;LATM.P;LATM UP EQUITY;B5B6QZ8;57060U530;UNITED STATES;;24.5;USD;1;51103;1252023.5;1252023.5;1;1;0.130276%;0.051432;1.260075
US37950E7629;Global X Lithium ETF;LIT.P;LIT UP EQUITY;B4VNP77;37950E762;UNITED STATES;;14.18;USD;1;80634;1143390.12;1143390.12;1;1;0.118972%;0.081153;1.150743
US4642872422;ISHARES IBOXX INV GR CORP BD;LQD.P;LQD UP Equity;2971502;464287242;UNITED STATES;;121.67;USD;1;10611;1291040.37;1291040.37;1;1;0.134335%;0.010679;1.299342
US72201R3049;PIMCO 15+ Year US TIPS Index Fund;LTPZ.P;LTPZ UP EQUITY;B4299S3;72201R304;UNITED STATES;;73.58;USD;1;18111;1332607.38;1332607.38;1;1;0.138661%;0.018227;1.341177
US18383M8608;Guggenheim S&P Global Dividend Opportunities Index ETF;LVL.P;LVL UP EQUITY;B1Z6RY2;18383M860;UNITED STATES;;12.25;USD;1;98142;1202239.5;1202239.5;1;1;0.125096%;0.098773;1.20997
US78464A3674;SPDR Barclays Capital Long Term Corporate BondETF;LWC.P;LWC UP EQUITY;B3L3K64;78464A367;UNITED STATES;;42.49;USD;1;30866;1311496.34;1311496.34;1;1;0.136464%;0.031064;1.31993
US4642885887;iShares Barclays MBS Bond Fund;MBB.P;MBB UP EQUITY;B1VKHR1;464288588;UNITED STATES;;108.19;USD;1;11741;1270258.79;1270258.79;1;1;0.132173%;0.011816;1.278427
US78464A3831;SPDR Barclays Capital Mortgage Backed Bond ETF;MBG.P;MBG UP EQUITY;B3L3K86;78464A383;UNITED STATES;;27.68;USD;1;45928;1271287.04;1271287.04;1;1;0.13228%;0.046223;1.279462
US46429B6719;iShares MSCI China Index Fund;MCHI.P;MCHI UP EQUITY;B5LX1Z4;46429B671;UNITED STATES;;44.05;USD;1;30564;1346344.2;1346344.2;1;1;0.14009%;0.030761;1.355002
US78463X7646;SPDR S&P International Mid Cap ETF;MDD.P;MDD UP EQUITY;B2RJ1Z5;78463X764;UNITED STATES;;26.92;USD;1;45930;1236435.6;1236435.6;1;1;0.128654%;0.046225;1.244386
US78467Y1073;SPDR S&P MidCap 400 ETF Trust;MDY.P;MDY UP EQUITY;2550688;78467Y107;UNITED STATES;;176.11;USD;1;7025;1237172.75;1237172.75;1;1;0.12873%;0.00707;1.245128
US78464A8210;SPDR S&P 400 Mid CapGrowth ETF;MDYG.P;MDYG UP EQUITY;B0Q4PB1;78464A821;UNITED STATES;;81.8799;USD;1;15277;1250879.2323;1250879.2323;1;1;0.130157%;0.015375;1.258923
US78464A8392;SPDR S&P 400 Mid Cap Value ETF;MDYV.P;MDYV UP EQUITY;B0PZMN6;78464A839;UNITED STATES;;56.72;USD;1;21724;1232185.28;1232185.28;1;1;0.128211%;0.021864;1.240109
US57060U7798;Market Vectors Gulf States Index ETF;MES.P;MES UP EQUITY;B3BXRN0;57060U779;UNITED STATES;;20.54;USD;1;62165;1276869.1;1276869.1;1;1;0.132861%;0.062565;1.28508
US9219108738;Vanguard Mega Cap 300 ETF;MGC.P;MGC UP EQUITY;B2N8598;921910873;UNITED STATES;;47.25;USD;1;25623;1210686.75;1210686.75;1;1;0.125974%;0.025788;1.218472
US9219108167;Vanguard Mega Cap 300 Growth ETF;MGK.P;MGK UP EQUITY;B2N85C1;921910816;UNITED STATES;;53.84;USD;1;22310;1201170.4;1201170.4;1;1;0.124984%;0.022453;1.208894
US9219108407;Vanguard Mega Cap 300 Value ETF;MGV.P;MGV UP EQUITY;B2N85B0;921910840;UNITED STATES;;41.26;USD;1;29667;1224060.42;1224060.42;1;1;0.127366%;0.029858;1.231932
US72201R8337;PIMCO Enhanced Short Maturity Strategy Fund;MINT.P;MINT UP EQUITY;B3Q9777;72201R833;UNITED STATES;;101.57;USD;1;12642;1284047.94;1284047.94;1;1;0.133608%;0.012723;1.292305
US57060U8861;Market Vectors Long Municipal Index ETF;MLN.P;MLN UP EQUITY;B2NG8M6;57060U886;UNITED STATES;;20.54;USD;1;63739;1309199.06;1309199.06;1;1;0.136225%;0.064149;1.317618
US57060U6055;MARKET VECTORS AGRIBUSINESS;MOO.P;MOO UP Equity;B24C6D0;57060U605;UNITED STATES;;50.34;USD;1;24649;1240830.66;1240830.66;1;1;0.129111%;0.024808;1.24881
US78464A1025;SPDR Morgan Stanley Technology ETF;MTK.P;MTK UP EQUITY;2724223;78464A102;UNITED STATES;;63.5501;USD;1;18596;1181777.6596;1181777.6596;1;1;0.122966%;0.018716;1.189377
US4642893881;iShares 2013 S&P AMT-Free Municipal Series;MUAB.P;MUAB UP EQUITY;B5WC495;464289388;UNITED STATES;;50.63;USD;1;25304;1281141.52;1281141.52;1;1;0.133305%;0.025467;1.28938
US4642893626;iShares 2014 S&P AMT-Free Municipal Series;MUAC.P;MUAC UP EQUITY;B5WLJ42;464289362;UNITED STATES;;51.52;USD;1;24788;1277077.76;1277077.76;1;1;0.132883%;0.024947;1.28529
US4642893394;iShares 2015 S&P AMT-Free Municipal Series;MUAD.P;MUAD UP EQUITY;B5KVZC4;464289339;UNITED STATES;;53.37;USD;1;23997;1280719.89;1280719.89;1;1;0.133262%;0.024151;1.288955
US4642893139;iShares 2016 S&P AMT-Free Municipal Series;MUAE.P;MUAE UP EQUITY;B5KLV48;464289313;UNITED STATES;;53.761;USD;1;23821;1280640.781;1280640.781;1;1;0.133253%;0.023974;1.288876
US4642892719;iShares 2017 S&P AMT-Free Municipal Series;MUAF.P;MUAF UP EQUITY;B5SS044;464289271;UNITED STATES;;55.71;USD;1;22997;1281162.87;1281162.87;1;1;0.133308%;0.023145;1.289401
US4642884146;iShares S&P National Municipal Bond Fund;MUB.P;MUB UP EQUITY;B24DX21;464288414;UNITED STATES;;113.39;USD;1;11533;1307726.87;1307726.87;1;1;0.136072%;0.011607;1.316136
US72201R8667;PIMCO Intermediate Municipal Bond Strategy Fund;MUNI.P;MUNI UP EQUITY;B4X5M58;72201R866;UNITED STATES;;54.96;USD;1;23632;1298814.72;1298814.72;1;1;0.135144%;0.023784;1.307167
US4642886950;iShares S&P Global Materials Sector Index Fund;MXI.P;MXI UP EQUITY;B1FGTB3;464288695;UNITED STATES;;57.9;USD;1;21243;1229969.7;1229969.7;1;1;0.127981%;0.02138;1.237879
US18383M2098;Guggenheim Insider Sentiment ETF;NFO.P;NFO UP EQUITY;B1FJR30;18383M209;UNITED STATES;;33.578;USD;1;36273;1217974.794;1217974.794;1;1;0.126733%;0.036506;1.225807
US57060U7046;Market Vectors Uranium+Nuclear Energy ETF;NLR.P;NLR UP EQUITY;B23ZHH1;57060U704;UNITED STATES;;13.5;USD;1;85182;1149957;1149957;1;1;0.119655%;0.08573;1.157352
US37950E7470;Global X Norway 30 ETF;NORW.P;NORW UP EQUITY;B5TQ8L0;37950E747;UNITED STATES;;14.5784;USD;1;83574;1218375.2016;1218375.2016;1;1;0.126774%;0.084111;1.22621
US4642882322;iShares S&P Global Nuclear Energy Index Fund;NUCL.OQ;NUCL UQ EQUITY;B3B8VF5;464288232;UNITED STATES;;30.36;USD;1;38666;1173899.76;1173899.76;1;1;0.122147%;0.038915;1.181448
US4642871358;iShares NYSE 100 Index Fund;NY.P;NY UP EQUITY;B00M1W4;464287135;UNITED STATES;;65.002;USD;1;18872;1226717.744;1226717.744;1;1;0.127643%;0.018993;1.234606
US4642871432;iShares NYSE Composite Index Fund;NYC.P;NYC UP EQUITY;B00M1T1;464287143;UNITED STATES;;73.5652;USD;1;16813;1236851.7076;1236851.7076;1;1;0.128697%;0.016921;1.244805
US4642883239;iShares S&P AMT-Free Municipal Bond Fund;NYF.P;NYF UP EQUITY;B28BPG9;464288323;UNITED STATES;;113.48;USD;1;11462;1300707.76;1300707.76;1;1;0.135341%;0.011536;1.309072
US4642871010;iShares S&P 100 Index Fund;OEF.P;OEF UP EQUITY;2741578;464287101;UNITED STATES;;63.03;USD;1;19004;1197822.12;1197822.12;1;1;0.124636%;0.019126;1.205525
US2684618604;EGShares Energy GEMS ETF;OGEM.P;OGEM UP EQUITY;B4X61D2;268461860;UNITED STATES;;22.76;USD;1;53711;1222462.36;1222462.36;1;1;0.1272%;0.054056;1.230323
US3159128087;Fidelity NASDAQ Composite Index Tracking Stock ETF;ONEQ.OQ;ONEQ UQ EQUITY;2927152;315912808;UNITED STATES;;113.8;USD;1;10327;1175212.6;1175212.6;1;1;0.122283%;0.010393;1.18277
US73936T8541;PowerShares FTSE RAFI Asia Pacific ex-Japan Portfolio;PAF.P;PAF UP EQUITY;B1Z6NM2;73936T854;UNITED STATES;;53.9;USD;1;24011;1294192.9;1294192.9;1;1;0.134663%;0.024165;1.302515
US73936Q7025;PowerShares Global Agriculture Portfolio;PAGG.OQ;PAGG UQ EQUITY;B3D5W95;73936Q702;UNITED STATES;;28.83;USD;1;42947;1238162.01;1238162.01;1;1;0.128833%;0.043223;1.246124
US26923A1060;ETFS Physical Palladium Shares;PALL.P;PALL UP EQUITY;B5L0GN8;26923A106;UNITED STATES;;62.56;USD;1;20203;1263899.68;1263899.68;1;1;0.131511%;0.020333;1.272027
US73936Q4055;PowerShares RiverFront Tactical Balanced Growth Portfolio;PAO.P;PAO UP EQUITY;B39GHL9;73936Q405;UNITED STATES;;12.18;USD;1;102450;1247841;1247841;1;1;0.12984%;0.103109;1.255865
US73936T6156;Powershares Global Clean Energy Portfolio;PBD.P;PBD UP EQUITY;B1YX205;73936T615;UNITED STATES;;7.1;USD;1;163733;1162504.3;1162504.3;1;1;0.120961%;0.164786;1.16998
US73935X8561;Powershares Dynamic Biotechnology & Genome Portfolio;PBE.P;PBE UP EQUITY;B0C0X19;73935X856;UNITED STATES;;22.37;USD;1;52524;1174961.88;1174961.88;1;1;0.122257%;0.052862;1.182517
US73935X8496;Powershares Dynamic Food & Beverage Portfolio;PBJ.P;PBJ UP EQUITY;B0C0GT8;73935X849;UNITED STATES;;19.69;USD;1;63143;1243285.67;1243285.67;1;1;0.129366%;0.063549;1.251281
US73935X8231;Powershares Dynamic Media Portfolio;PBS.P;PBS UP EQUITY;B0C0GW1;73935X823;UNITED STATES;;15.9;USD;1;76547;1217097.3;1217097.3;1;1;0.126641%;0.077039;1.224924
US73935X5005;Powershares WilderHill Clean Energy Portfolio;PBW.P;PBW UP EQUITY;B064WM1;73935X500;UNITED STATES;;3.67;USD;1;299929;1100739.43;1100739.43;1;1;0.114534%;0.301858;1.107818
US73936Q5045;PowerShares RiverFront Tactical Growth & Income Portfolio;PCA.P;PCA UP EQUITY;B39GHM0;73936Q504;UNITED STATES;;13.03;USD;1;96956;1263336.68;1263336.68;1;1;0.131453%;0.097579;1.27146
US73936Q8437;PowerShares CEF Income Composite Portfolio;PCEF.P;PCEF UP EQUITY;B62Z1M3;73936Q843;UNITED STATES;;25.2;USD;1;49756;1253851.2;1253851.2;1;1;0.130466%;0.050076;1.261914
US73936T5737;POWERSHARES EM MAR SOV DE PT;PCY.P;PCY UP Equity;B28HL70;73936T573;UNITED STATES;;31.27;USD;1;41965;1312245.55;1312245.55;1;1;0.136542%;0.042235;1.320684
US73936T7717;PowerShares FTSE RAFI Developed Markets ex-US Small-Mid Portfolio;PDN.P;PDN UP EQUITY;B2833M7;73936T771;UNITED STATES;;21.72;USD;1;57955;1258782.6;1258782.6;1;1;0.130979%;0.058328;1.266877
US73935X1533;Powershares DWA Technical Leaders Portfolio;PDP.P;PDP UP EQUITY;B1T8669;73935X153;UNITED STATES;;27.12;USD;1;46243;1254110.16;1254110.16;1;1;0.130493%;0.04654;1.262175
US73935X7571;Powershares Dynamic Leisure & Entertainment Portfolio;PEJ.P;PEJ UP EQUITY;B0C0HV7;73935X757;UNITED STATES;;21.92;USD;1;55926;1225897.92;1225897.92;1;1;0.127557%;0.056286;1.233781
US57060U5974;Market Vectors China ETF;PEK.P;PEK UP EQUITY;B653JG4;57060U597;UNITED STATES;;31.67;USD;1;41171;1303885.57;1303885.57;1;1;0.135672%;0.041436;1.31227
US73935X3026;PowerShares High Yield Equity Dividend Achievers Portfolio;PEY.P;PEY UP EQUITY;B04K9Y2;73935X302;UNITED STATES;;9.26;USD;1;130989;1212958.14;1212958.14;1;1;0.126211%;0.131831;1.220758
US73935X4198;PowerShares Dynamic Consumer Discretionary Sector Portfolio;PEZ.P;PEZ UP EQUITY;B1FYXQ0;73935X419;UNITED STATES;;28.9817;USD;1;42324;1226621.4708;1226621.4708;1;1;0.127633%;0.042596;1.234509
US4642886877;iShares S&P US Preferred Stock Index Fund;PFF.P;PFF UP EQUITY;B1FLNF0;464288687;UNITED STATES;;39.74;USD;1;32278;1282727.72;1282727.72;1;1;0.13347%;0.032486;1.290976
US73935X3778;PowerShares Dynamic Financial Sector Portfolio;PFI.P;PFI UP EQUITY;B1FYXV5;73935X377;UNITED STATES;;20.09;USD;1;60892;1223320.28;1223320.28;1;1;0.127289%;0.061284;1.231187
US73935X7324;PowerShares Dividend Achievers Portfolio;PFM.P;PFM UP EQUITY;B0L4N34;73935X732;UNITED STATES;;15.86;USD;1;77145;1223519.7;1223519.7;1;1;0.12731%;0.077641;1.231387
US73935X2291;PowerShares Financial Preferred Portfolio;PGF.P;PGF UP EQUITY;B1KKVN6;73935X229;UNITED STATES;;18.44;USD;1;69918;1289287.92;1289287.92;1;1;0.134153%;0.070368;1.297579
US73935X4016;Powershares Golden Dragon China Portfolio;PGJ.P;PGJ UP EQUITY;B04KFP5;73935X401;UNITED STATES;;18.57;USD;1;68500;1272045;1272045;1;1;0.132359%;0.06894;1.280225
US73936T5653;PowerShares Preferred Portfolio;PGX.P;PGX UP EQUITY;B298WQ8;73936T565;UNITED STATES;;14.8;USD;1;87326;1292424.8;1292424.8;1;1;0.134479%;0.087888;1.300736
US73936T5570;PowerShares Fundamental High Yield Corporate Bond Portfolio;PHB.P;PHB UP EQUITY;B298PH0;73936T557;UNITED STATES;;19.03;USD;1;66755;1270347.65;1270347.65;1;1;0.132182%;0.067184;1.278517
US73935X5757;PowerShares Water Resources Portfolio;PHO.P;PHO UP EQUITY;B0QRNK5;73935X575;UNITED STATES;;19.19;USD;1;65361;1254277.59;1254277.59;1;1;0.13051%;0.065781;1.262343
US73935X6417;PowerShares Dynamic Insurance Portfolio;PIC.P;PIC UP EQUITY;B0N7F91;73935X641;UNITED STATES;;16.86;USD;1;75601;1274632.86;1274632.86;1;1;0.132628%;0.076087;1.282829
US73936Q8353;PowerShares International Corporate Bond Portfolio;PICB.P;PICB UP EQUITY;B5W04P5;73936Q835;UNITED STATES;;28.92;USD;1;44449;1285465.08;1285465.08;1;1;0.133755%;0.044735;1.293731
US73935X7167;PowerShares International Dividend Achievers Portfolio;PID.P;PID UP EQUITY;B0L4N45;73935X716;UNITED STATES;;14.9;USD;1;82980;1236402;1236402;1;1;0.12865%;0.083514;1.244353
US73936Q2075;PowerShares DWA Emerging Markets Technical Leaders Portfolio;PIE.P;PIE UP EQUITY;B2NB6J4;73936Q207;UNITED STATES;;17.53;USD;1;73988;1297009.64;1297009.64;1;1;0.134957%;0.074464;1.30535
US73935L1008;PowerShares India Portfolio;PIN.P;PIN UP EQUITY;B2Q51K9;73935L100;UNITED STATES;;17.6;USD;1;69165;1217304;1217304;1;1;0.126663%;0.06961;1.225132
US73936T6230;POWERSHARES GLOBAL WATER PORTFOLIO;PIO.P;PIO UP EQUITY;B1YX216;73936T623;UNITED STATES;;16.51;USD;1;72958;1204536.58;1204536.58;1;1;0.125335%;0.073427;1.212282
US73935X4685;PowerShares Dynamic MagniQuant Portfolio;PIQ.P;PIQ UP EQUITY;B1FYXZ9;73935X468;UNITED STATES;;26.19;USD;1;47404;1241510.76;1241510.76;1;1;0.129182%;0.047709;1.249494
US73936Q1085;PowerShares DWA Developed Markets Technical Leaders Portfolio;PIZ.P;PIZ UP EQUITY;B2NB6F0;73936Q108;UNITED STATES;;19.11;USD;1;66341;1267776.51;1267776.51;1;1;0.131915%;0.066768;1.275929
US73935X3364;PowerShares Dynamic Banking Portfolio;PJB.P;PJB UP EQUITY;B1FYY12;73935X336;UNITED STATES;;12.88;USD;1;90485;1165446.8;1165446.8;1;1;0.121267%;0.091067;1.172941
US73935X7993;Powershares Dynamic Pharmaceuticals Portfolio;PJP.P;PJP UP EQUITY;B0C0HJ5;73935X799;UNITED STATES;;33.62;USD;1;37069;1246259.78;1246259.78;1;1;0.129676%;0.037307;1.254274
US73935X6664;PowerShares Dynamic Building & Construction Portfolio;PKB.P;PKB UP EQUITY;B0N7FB3;73935X666;UNITED STATES;;15.99;USD;1;78997;1263162.03;1263162.03;1;1;0.131435%;0.079505;1.271285
US73937B1008;PowerShares Global Nuclear Energy Portfolio;PKN.P;PKN UP EQUITY;B2QQPD3;73937B100;UNITED STATES;;14.71;USD;1;79045;1162751.95;1162751.95;1;1;0.120987%;0.079553;1.170229
US73936Q8841;PowerShares Global Coal Portfolio;PKOL.OQ;PKOL UQ EQUITY;B3D6NC8;73936Q884;UNITED STATES;;18.76;USD;1;66894;1254931.44;1254931.44;1;1;0.130578%;0.067324;1.263001
US73935X2861;PowerShares Buyback Achievers Portfolio;PKW.P;PKW UP EQUITY;B1LBFP8;73935X286;UNITED STATES;;28.89;USD;1;42591;1230453.99;1230453.99;1;1;0.128031%;0.042865;1.238366
US73935B4095;PowerShares Active Low Duration Portfolio;PLK.P;PLK UP EQUITY;B2QX2B1;73935B409;UNITED STATES;;25.35;USD;1;50569;1281924.15;1281924.15;1;1;0.133387%;0.050894;1.290167
US57060U5719;Market Vectors Poland ETF;PLND.P;PLND UP EQUITY;B4LKN52;57060U571;UNITED STATES;;19.633;USD;1;62285;1222841.405;1222841.405;1;1;0.127239%;0.062686;1.230705
US33737C1045;First Trust ISE Global Platinum Index Fund;PLTM.OQ;PLTM UQ EQUITY;B3PVMG8;33737C104;UNITED STATES;;13.33;USD;1;87924;1172026.92;1172026.92;1;1;0.121952%;0.088489;1.179564
US73936T5240;PowerShares 1-30 Laddered Treasury Portfolio;PLW.P;PLW UP EQUITY;B28HL47;73936T524;UNITED STATES;;33.43;USD;1;39113;1307547.59;1307547.59;1;1;0.136053%;0.039365;1.315956
US73935B3006;PowerShares Active Mega-Cap Portfolio;PMA.P;PMA UP EQUITY;B2QX222;73935B300;UNITED STATES;;28.6899;USD;1;42904;1230911.4696;1230911.4696;1;1;0.128079%;0.04318;1.238827
US73936Q6035;PowerShares MENA Frontier Countries Portfolio;PMNA.OQ;PMNA UQ EQUITY;B3BNFN6;73936Q603;UNITED STATES;;10.67;USD;1;116806;1246320.02;1246320.02;1;1;0.129682%;0.117557;1.254334
US73935X6177;PowerShares Dynamic Retail Portfolio;PMR.P;PMR UP EQUITY;B0N7F79;73935X617;UNITED STATES;;24.86;USD;1;50420;1253441.2;1253441.2;1;1;0.130423%;0.050744;1.261501
US73935X1467;PowerShares NASDAQ Internet Portfolio;PNQI.OQ;PNQI UQ EQUITY;B39XXY5;73935X146;UNITED STATES;;38.68;USD;1;30535;1181093.8;1181093.8;1;1;0.122895%;0.030731;1.188689
US73935X6904;PowerShares Aerospace & Defense Portfolio;PPA.P;PPA UP EQUITY;B0N7FC4;73935X690;UNITED STATES;;19.99;USD;1;64185;1283058.15;1283058.15;1;1;0.133505%;0.064598;1.291309
US26922V1017;ETFS Platinum Trust;PPLT.P;PPLT UP EQUITY;B5T6MR4;26922V101;UNITED STATES;;155.69;USD;1;8041;1251903.29;1251903.29;1;1;0.130263%;0.008093;1.259954
US57060U7384;Market Vectors Pre-Refunded Municipal Index ETF;PRB.P;PRB UP EQUITY;B4SYWK5;57060U738;UNITED STATES;;25.59;USD;1;50557;1293753.63;1293753.63;1;1;0.134618%;0.050882;1.302073
US73935X5831;Powershares FTSE RAFI US 1000 Portfolio;PRF.P;PRF UP EQUITY;B0V3SW5;73935X583;UNITED STATES;;59.78;USD;1;20592;1230989.76;1230989.76;1;1;0.128087%;0.020724;1.238906
US73935X5674;PowerShares FTSE RAFI US 1500 Small-Mid Portfolio;PRFZ.OQ;PRFZ UQ EQUITY;B1FJ5R0;73935X567;UNITED STATES;;65.2;USD;1;18591;1212133.2;1212133.2;1;1;0.126125%;0.018711;1.219928
US73935X3695;PowerShares Dynamic Industrials Sector Portfolio;PRN.P;PRN UP EQUITY;B1FYXX7;73935X369;UNITED STATES;;30.1792;USD;1;43392;1309535.8464;1309535.8464;1;1;0.13626%;0.043671;1.317957
US73936Q8767;PowerShares Global Gold and Precious Metals Portfolio;PSAU.OQ;PSAU UQ EQUITY;B3D6NL7;73936Q876;UNITED STATES;;38.94;USD;1;31356;1221002.64;1221002.64;1;1;0.127048%;0.031558;1.228854
US73937B6056;PowerShares S&P SmallCap Consumer Staples Portfolio;PSCC.OQ;PSCC UQ EQUITY;B59ZJ36;73937B605;UNITED STATES;;34.13;USD;1;35678;1217690.14;1217690.14;1;1;0.126703%;0.035907;1.22552
US73937B5066;PowerShares S&P SmallCap Consumer Discretionary Portfolio;PSCD.OQ;PSCD UQ EQUITY;B59N0S2;73937B506;UNITED STATES;;31.43;USD;1;38538;1211249.34;1211249.34;1;1;0.126033%;0.038786;1.219038
US73937B7047;PowerShares S&P SmallCap Energy Portfolio;PSCE.OQ;PSCE UQ EQUITY;B5TMVL9;73937B704;UNITED STATES;;31.4;USD;1;36625;1150025;1150025;1;1;0.119662%;0.036861;1.15742
US73937B8037;PowerShares S&P SmallCap Financials Portfolio;PSCF.OQ;PSCF UQ EQUITY;B5KYLJ2;73937B803;UNITED STATES;;29.4;USD;1;40934;1203459.6;1203459.6;1;1;0.125222%;0.041197;1.211198
US73937B8862;PowerShares S&P SmallCap Health Care Portfolio;PSCH.OQ;PSCH UQ EQUITY;B5NL9C9;73937B886;UNITED STATES;;33.79;USD;1;34741;1173898.39;1173898.39;1;1;0.122147%;0.034964;1.181447
US73937B8789;PowerShares S&P SmallCap Industrials Portfolio;PSCI.OQ;PSCI UQ EQUITY;B5W8XH4;73937B878;UNITED STATES;;29.88;USD;1;41665;1244950.2;1244950.2;1;1;0.12954%;0.041933;1.252956
US73937B8607;PowerShares S&P SmallCap Information Technology Portfolio;PSCT.OQ;PSCT UQ EQUITY;B5SY4F1;73937B860;UNITED STATES;;28.44;USD;1;41597;1183018.68;1183018.68;1;1;0.123096%;0.041864;1.190626
US73937B8375;PowerShares S&P SmallCap Utilities Portfolio;PSCU.OQ;PSCU UQ EQUITY;B5WJXZ5;73937B837;UNITED STATES;;29.37;USD;1;39669;1165078.53;1165078.53;1;1;0.121229%;0.039924;1.17257
US73935X7811;Powershares Dynamic Semiconductors Portfolio;PSI.P;PSI UP EQUITY;B0C0HT5;73935X781;UNITED STATES;;13.5538;USD;1;90147;1221834.4086;1221834.4086;1;1;0.127134%;0.090727;1.229691
US73935X7738;Powershares Dynamic Software Portfolio;PSJ.P;PSJ UP EQUITY;B0C0ZM4;73935X773;UNITED STATES;;26.22;USD;1;45978;1205543.16;1205543.16;1;1;0.125439%;0.046274;1.213295
US78464A2924;SPDR Wells Fargo Preferred Stock ETF;PSK.P;PSK UP EQUITY;B4MTQL5;78464A292;UNITED STATES;;45.86;USD;1;28294;1297562.84;1297562.84;1;1;0.135014%;0.028476;1.305907
US73935X3935;PowerShares Dynamic Consumer Staples Sector Portfolio;PSL.P;PSL UP EQUITY;B1FYXS2;73935X393;UNITED STATES;;33.186;USD;1;37811;1254795.846;1254795.846;1;1;0.130564%;0.038054;1.262865
US73935X1954;PowerShares Global Listed Private Equity Portfolio;PSP.P;PSP UP EQUITY;B1G7XK2;73935X195;UNITED STATES;;9.33;USD;1;133165;1242429.45;1242429.45;1;1;0.129277%;0.134021;1.250419
US73935B5084;PowerShares Active US Real Estate Fund;PSR.P;PSR UP EQUITY;B3FMQV4;73935B508;UNITED STATES;;55.3232;USD;1;22580;1249197.856;1249197.856;1;1;0.129982%;0.022725;1.257231
US73935X3448;PowerShares Dynamic Technology Sector Portfolio;PTF.P;PTF UP EQUITY;B1FYXY8;73935X344;UNITED STATES;;25.041;USD;1;47456;1188345.696;1188345.696;1;1;0.12365%;0.047761;1.195987
US73935X3513;PowerShares Dynamic Healthcare Sector Portfolio;PTH.P;PTH UP EQUITY;B1FYXW6;73935X351;UNITED STATES;;32.378;USD;1;37723;1221395.294;1221395.294;1;1;0.127089%;0.037966;1.229249
US73935X5914;PowerShares Dynamic Utilities Portfolio;PUI.P;PUI UP EQUITY;B0N7F68;73935X591;UNITED STATES;;16.8401;USD;1;71675;1207014.1675;1207014.1675;1;1;0.125592%;0.072136;1.214776
US73935X1616;PowerShares WilderHill Progressive Energy Portfolio;PUW.P;PUW UP EQUITY;B1G7XG8;73935X161;UNITED STATES;;23.89;USD;1;50361;1203124.29;1203124.29;1;1;0.125188%;0.050685;1.210861
US73936T4334;PowerShares VRDO Tax Free Weekly Portfolio;PVI.P;PVI UP EQUITY;B298PN6;73936T433;UNITED STATES;;24.98;USD;1;51389;1283697.22;1283697.22;1;1;0.133571%;0.051719;1.291952
US73935X6094;PowerShares Dynamic Large Cap Growth Portfolio;PWB.P;PWB UP EQUITY;B06FR96;73935X609;UNITED STATES;;18.4;USD;1;67034;1233425.6;1233425.6;1;1;0.12834%;0.067465;1.241357
US73935X1046;PowerShares Dynamic Market Portfolio;PWC.P;PWC UP EQUITY;2630148;73935X104;UNITED STATES;;46.51;USD;1;26430;1229259.3;1229259.3;1;1;0.127907%;0.0266;1.237164
US73937B3087;PowerShares NASDAQ OMX Clean Edge Global Wind Energy Index Fund;PWND.OQ;PWND UQ EQUITY;B3BD8F9;73937B308;UNITED STATES;;5.16;USD;1;222864;1149978.24;1149978.24;1;1;0.119658%;0.224297;1.157373
US73935X2036;PowerShares Dynamic OTC Portfolio;PWO.P;PWO UP EQUITY;2630201;73935X203;UNITED STATES;;46.79;USD;1;25688;1201941.52;1201941.52;1;1;0.125065%;0.025853;1.209671
US73935X7084;PowerShares Dynamic Large Cap Value Portfolio;PWV.P;PWV UP EQUITY;B06FR52;73935X708;UNITED STATES;;21.01;USD;1;58249;1223811.49;1223811.49;1;1;0.12734%;0.058624;1.231681
US73936T4417;PowerShares Insured California Municipal Bond Portfolio;PWZ.P;PWZ UP EQUITY;B28HKV7;73936T441;UNITED STATES;;25.63;USD;1;50963;1306181.69;1306181.69;1;1;0.135911%;0.051291;1.314581
US73935X6581;PowerShares Dynamic Energy Exploration & Production Portfolio;PXE.P;PXE UP EQUITY;B0N7F46;73935X658;UNITED STATES;;25.4;USD;1;47308;1201623.2;1201623.2;1;1;0.125031%;0.047612;1.20935
US73936T7899;PowerShares FTSE RAFI Developed Markets ex-U.S. Portfolio;PXF.P;PXF UP EQUITY;B1Z6NJ9;73936T789;UNITED STATES;;33.36;USD;1;37058;1236254.88;1236254.88;1;1;0.128635%;0.037296;1.244205
US73936T7634;PowerShares FTSE RAFI Emerging Markets Portfolio;PXH.P;PXH UP EQUITY;B2833P0;73936T763;UNITED STATES;;20.88;USD;1;59266;1237474.08;1237474.08;1;1;0.128762%;0.059647;1.245432
US73935X3851;PowerShares Dynamic Energy Sector Portfolio;PXI.P;PXI UP EQUITY;B1FYXT3;73935X385;UNITED STATES;;40.16;USD;1;29558;1187049.28;1187049.28;1;1;0.123515%;0.029748;1.194683
US73935X6250;PowerShares Dynamic Oil & Gas Services Portfolio;PXJ.P;PXJ UP EQUITY;B0N7F57;73935X625;UNITED STATES;;18.44;USD;1;61450;1133138;1133138;1;1;0.117905%;0.061845;1.140425
US73935X4503;PowerShares Fundamental Pure Large Core Portfolio;PXLC.P;PXLC UP EQUITY;B1KKVD6;73935X450;UNITED STATES;;26.4;USD;1;46578;1229659.2;1229659.2;1;1;0.127949%;0.046878;1.237566
US7393712010;PowerShares Fundamental Pure Large Value Portfolio;PXLV.P;PXLV UP EQUITY;B62SSC1;739371201;UNITED STATES;;20.98;USD;1;59654;1251540.92;1251540.92;1;1;0.130225%;0.060038;1.259589
US73935X4438;PowerShares Fundamental Pure Mid Core Portfolio;PXMC.P;PXMC UP EQUITY;B1KKV81;73935X443;UNITED STATES;;25.9699;USD;1;48016;1246970.7184;1246970.7184;1;1;0.12975%;0.048325;1.254989
US73935X8074;PowerShares Fundamental Pure Mid Growth Portfolio;PXMG.P;PXMG UP EQUITY;B06FR41;73935X807;UNITED STATES;;21.88;USD;1;56876;1244446.88;1244446.88;1;1;0.129487%;0.057242;1.252449
US73935X8801;PowerShares Fundamental Pure Mid Value Portfolio;PXMV.P;PXMV UP EQUITY;B06FR63;73935X880;UNITED STATES;;17.13;USD;1;72607;1243757.91;1243757.91;1;1;0.129416%;0.073074;1.251756
US73935X6334;PowerShares Lux Nanotech Portfolio;PXN.P;PXN UP EQUITY;B0N7F80;73935X633;UNITED STATES;;5.62;USD;1;197188;1108196.56;1108196.56;1;1;0.11531%;0.198456;1.115323
US73935X8157;Powershares Dynamic Networking Portfolio;PXQ.P;PXQ UP EQUITY;B0C0GP4;73935X815;UNITED STATES;;23.13;USD;1;50125;1159391.25;1159391.25;1;1;0.120637%;0.050447;1.166847
US73937B2097;PowerShares Emerging Markets Infrastructure Portfolio;PXR.P;PXR UP EQUITY;B3DXDG3;73937B209;UNITED STATES;;39.48;USD;1;32302;1275282.96;1275282.96;1;1;0.132696%;0.03251;1.283484
US73935X4354;PowerShares Fundamental Pure Small Core Portfolio;PXSC.P;PXSC UP EQUITY;B1KKVT2;73935X435;UNITED STATES;;23.4201;USD;1;52567;1231124.3967;1231124.3967;1;1;0.128101%;0.052905;1.239041
US73935X8728;PowerShares Fundamental Pure Small Growth Portfolio;PXSG.P;PXSG UP EQUITY;B06FR85;73935X872;UNITED STATES;;17.023;USD;1;71475;1216718.925;1216718.925;1;1;0.126602%;0.071935;1.224543
US73935X8645;PowerShares Fundamental Pure Small Value Portfolio;PXSV.P;PXSV UP EQUITY;B06FRB8;73935X864;UNITED STATES;;16.09;USD;1;74483;1198431.47;1198431.47;1;1;0.124699%;0.074962;1.206138
US73935X1798;PowerShares Morningstar StockInvestor Core Portfolio;PYH.P;PYH UP EQUITY;B1KKVJ2;73935X179;UNITED STATES;;22.4;USD;1;55094;1234105.6;1234105.6;1;1;0.128411%;0.055448;1.242041
US73935X4271;PowerShares Dynamic Basic Materials Sector Portfolio;PYZ.P;PYZ UP EQUITY;B1FYXR1;73935X427;UNITED STATES;;37.53;USD;1;33128;1243293.84;1243293.84;1;1;0.129367%;0.033341;1.251289
US73936T4748;PowerShares Insured National Municipal Bond Portfolio;PZA.P;PZA UP EQUITY;B28HQ97;73936T474;UNITED STATES;;26.14;USD;1;50164;1311286.96;1311286.96;1;1;0.136442%;0.050487;1.319719
US73935X2788;PowerShares Cleantech Portfolio;PZD.P;PZD UP EQUITY;B1G7XJ1;73935X278;UNITED STATES;;20.92;USD;1;57955;1212418.6;1212418.6;1;1;0.126155%;0.058328;1.220215
US73935X7407;Powershares Zacks Micro Cap Portfolio;PZI.P;PZI UP EQUITY;B0HF4W7;73935X740;UNITED STATES;;11.1;USD;1;108238;1201441.8;1201441.8;1;1;0.125013%;0.108934;1.209168
US73936T4581;PowerShares Insured New York Municipal Bond Portfolio;PZT.P;PZT UP EQUITY;B28HKZ1;73936T458;UNITED STATES;;25.14;USD;1;51908;1304967.12;1304967.12;1;1;0.135785%;0.052242;1.313359
US33736Q1040;First Trust NASDAQ ABA Community Bank Index Fund;QABA.OQ;QABA UQ EQUITY;B3LW867;33736Q104;UNITED STATES;;24.73;USD;1;49118;1214688.14;1214688.14;1;1;0.126391%;0.049434;1.222499
US33733E5006;First Trust NASDAQ Clean Edge Green Energy Index Fund;QCLN.OQ;QCLN UQ EQUITY;B1RMJP3;33733E500;UNITED STATES;;8.52;USD;1;138778;1182388.56;1182388.56;1;1;0.12303%;0.13967;1.189992
US3373441050;First Trust NASDAQ-100 Equal Weighted Index Fund;QQEW.OQ;QQEW UQ EQUITY;B13HML9;337344105;UNITED STATES;;24.77;USD;1;48977;1213160.29;1213160.29;1;1;0.126232%;0.049292;1.220961
US73935A1043;Powershares QQQ Trust Series 1;QQQ.OQ;QQQ UQ EQUITY;2402433;73935A104;UNITED STATES;;63;USD;1;18423;1160649;1160649;1;1;0.120768%;0.018541;1.168112
US33733E4017;First Trust NASDAQ-100 Ex-Technology Sector IndexSM Fund;QQXT.OQ;QQXT UQ EQUITY;B1RMJQ4;33733E401;UNITED STATES;;23.8;USD;1;51825;1233435;1233435;1;1;0.128341%;0.052158;1.241367
US3373451026;First Trust NASDAQ-100 Technology Index Fund;QTEC.OQ;QTEC UQ EQUITY;B13HMB9;337345102;UNITED STATES;;24.16;USD;1;49354;1192392.64;1192392.64;1;1;0.124071%;0.049671;1.20006
US78463X5582;SPDR S&P Russia ETF;RBL.P;RBL UP EQUITY;B623YH3;78463X558;UNITED STATES;;26.31;USD;1;43486;1144116.66;1144116.66;1;1;0.119048%;0.043766;1.151474
US78355W8828;Guggenheim S&P 500 Equal Weight Consumer Discretionary ETF;RCD.P;RCD UP EQUITY;B1GN2B4;78355W882;UNITED STATES;;54.24;USD;1;22732;1232983.68;1232983.68;1;1;0.128295%;0.022878;1.240912
US4642885390;iShares FTSE NAREIT Mortgage Plus Capped Index Fund;REM.P;REM UP EQUITY;B1WY6V9;464288539;UNITED STATES;;13.57;USD;1;82236;1115942.52;1115942.52;1;1;0.116116%;0.082765;1.123119
US57060U4720;Market Vectors Rare Earth/Strategic Metals ETF;REMX.P;REMX UP EQUITY;B5N9CC4;57060U472;UNITED STATES;;12.24;USD;1;95089;1163889.36;1163889.36;1;1;0.121105%;0.0957;1.171374
US4642885622;iShares FTSE NAREIT Residential Plus Capped Index Fund;REZ.P;REZ UP EQUITY;B1WYNC9;464288562;UNITED STATES;;47.36;USD;1;26772;1267921.92;1267921.92;1;1;0.13193%;0.026944;1.276075
US78355W6012;Guggenheim S&P Midcap 400 Pure Growth ETF;RFG.P;RFG UP EQUITY;B10R4K5;78355W601;UNITED STATES;;87.43;USD;1;14213;1242642.59;1242642.59;1;1;0.1293%;0.014304;1.250633
US78355W5022;Guggenheim S&P Midcap 400 Pure Value ETF;RFV.P;RFV UP EQUITY;B10R4J4;78355W502;UNITED STATES;;34.77;USD;1;36159;1257248.43;1257248.43;1;1;0.130819%;0.036392;1.265333
US78355W8331;Guggenheim S&P 500 Equal Weight Industrials ETF;RGI.P;RGI UP EQUITY;B1GN2L4;78355W833;UNITED STATES;;56.5956;USD;1;22640;1281324.384;1281324.384;1;1;0.133324%;0.022786;1.289564
US78355W8745;Guggenheim S&P 500 Equal Weight Consumer Staples ETF;RHS.P;RHS UP EQUITY;B1GN2D6;78355W874;UNITED STATES;;67.85;USD;1;18534;1257531.9;1257531.9;1;1;0.130849%;0.018653;1.265618
US97717X1072;WisdomTree LargeCap Growth Fund;ROI.P;ROI UP EQUITY;B3KBYW3;97717X107;UNITED STATES;;38.8199;USD;1;31165;1209822.1835;1209822.1835;1;1;0.125885%;0.031365;1.217602
US45409B6285;IQ US Real Estate Small Cap ETF;ROOF.P;ROOF UP EQUITY;B41YJF6;45409B628;UNITED STATES;;21.1034;USD;1;58218;1228597.7412;1228597.7412;1;1;0.127838%;0.058592;1.236498
US78355W4033;Guggenheim S&P 500 Pure Growth ETF;RPG.P;RPG UP EQUITY;B10R4H2;78355W403;UNITED STATES;;47.24;USD;1;25965;1226586.6;1226586.6;1;1;0.127629%;0.026132;1.234474
US78355W3043;Guggenheim S&P 500 Pure Value ETF;RPV.P;RPV UP EQUITY;B10R4G1;78355W304;UNITED STATES;;31.56;USD;1;39511;1246967.16;1246967.16;1;1;0.12975%;0.039765;1.254986
US78355W1062;Guggenheim S&P 500 Equal Weight ETF;RSP.P;RSP UP EQUITY;2630212;78355W106;UNITED STATES;;50.79;USD;1;24271;1232724.09;1232724.09;1;1;0.128267%;0.024427;1.240651
US57060U5065;MARKET VECTORS RUSSIA ETF;RSX.P;RSX UP Equity;B1WLRB7;57060U506;UNITED STATES;;26.6;USD;1;43005;1143933;1143933;1;1;0.119029%;0.043282;1.151289
US4642885473;iShares FTSE NAREIT Retail Capped Index Fund;RTL.P;RTL UP EQUITY;B1WYJW1;464288547;UNITED STATES;;34.366;USD;1;36170;1243018.22;1243018.22;1;1;0.129339%;0.036403;1.251011
US78355W8257;Guggenheim S&P 500 Equal Weight Materials ETF;RTM.P;RTM UP EQUITY;B1GN2R0;78355W825;UNITED STATES;;61.0999;USD;1;20605;1258963.4395;1258963.4395;1;1;0.130998%;0.020737;1.267059
US7613966057;RevenueShares ADR Fund;RTR.P;RTR UP EQUITY;B3FMQM5;761396605;UNITED STATES;;32.8477;USD;1;37426;1229358.0202;1229358.0202;1;1;0.127917%;0.037667;1.237263
US19761R4065;Columbia Large-Cap Growth Equity Strategy Fund;RWG.P;RWG UP EQUITY;B4W34M4;19761R406;UNITED STATES;;28.24;USD;1;42130;1189751.2;1189751.2;1;1;0.123796%;0.042401;1.197402
US7613963088;RevenueShares Small Cap ETF;RWJ.P;RWJ UP EQUITY;B2PXT44;761396308;UNITED STATES;;35.07;USD;1;34489;1209529.23;1209529.23;1;1;0.125854%;0.034711;1.217307
US7613962098;RevenueShares Mid Cap ETF;RWK.P;RWK UP EQUITY;B2PXT33;761396209;UNITED STATES;;30.6265;USD;1;41410;1268243.365;1268243.365;1;1;0.131963%;0.041676;1.276399
US7613961009;RevenueShares Large Cap ETF;RWL.P;RWL UP EQUITY;B2PXT22;761396100;UNITED STATES;;25.77;USD;1;47492;1223868.84;1223868.84;1;1;0.127346%;0.047797;1.231739
US78463X7497;SPDR Dow Jones Global Real Estate ETF;RWO.P;RWO UP EQUITY;B2RJ218;78463X749;UNITED STATES;;40.41;USD;1;31310;1265237.1;1265237.1;1;1;0.131651%;0.031511;1.273373
US78464A6073;SPDR Dow Jones REIT ETF;RWR.P;RWR UP EQUITY;2792093;78464A607;UNITED STATES;;70.43;USD;1;17614;1240554.02;1240554.02;1;1;0.129082%;0.017727;1.248531
US7613967048;RevenueShares Navellier Overall A-100 Fund;RWV.P;RWV UP EQUITY;B3LB068;761396704;UNITED STATES;;39.53;USD;1;31333;1238593.49;1238593.49;1;1;0.128878%;0.031534;1.246558
US7613965067;RevenueShares Financials Sector Fund;RWW.P;RWW UP EQUITY;B3FHZW3;761396506;UNITED STATES;;29.92;USD;1;41978;1255981.76;1255981.76;1;1;0.130688%;0.042248;1.264058
US78463X8636;SPDR Dow Jones International Real Estate ETF;RWX.P;RWX UP EQUITY;B1L9R56;78463X863;UNITED STATES;;39.98;USD;1;32466;1297990.68;1297990.68;1;1;0.135059%;0.032675;1.306337
US4642887453;iShares S&P Global Consumer Discretionary Sector Index Fund;RXI.P;RXI UP EQUITY;B1FGVK6;464288745;UNITED STATES;;57.2399;USD;1;21597;1236210.1203;1236210.1203;1;1;0.12863%;0.021736;1.244159
US78355W8661;Guggenheim S&P 500 Equal Weight Energy ETF;RYE.P;RYE UP EQUITY;B1GN2F8;78355W866;UNITED STATES;;62.41;USD;1;19613;1224047.33;1224047.33;1;1;0.127365%;0.019739;1.231918
US78355W8588;Guggenheim S&P 500 Equal Weight Financials ETF;RYF.P;RYF UP EQUITY;B1GN2H0;78355W858;UNITED STATES;;27.77;USD;1;44650;1239930.5;1239930.5;1;1;0.129017%;0.044937;1.247904
US78355W8414;Guggenheim S&P 500 Equal Weight Healthcare ETF;RYH.P;RYH UP EQUITY;B1GN2K3;78355W841;UNITED STATES;;75.97;USD;1;16411;1246743.67;1246743.67;1;1;0.129726%;0.016517;1.254761
US18383M6131;Guggenheim Raymond James SB-1 Equity ETF;RYJ.P;RYJ UP EQUITY;B3CVJP9;18383M613;UNITED STATES;;22.17;USD;1;55237;1224604.29;1224604.29;1;1;0.127423%;0.055592;1.232479
US78355W8174;Guggenheim S&P 500 Equal Weight Technology ETF;RYT.P;RYT UP EQUITY;B1GN2M5;78355W817;UNITED STATES;;51.65;USD;1;22976;1186710.4;1186710.4;1;1;0.12348%;0.023124;1.194341
US78355W7911;Guggenheim S&P 500 Equal Weight Utilities ETF;RYU.P;RYU UP EQUITY;B1GN2Q9;78355W791;UNITED STATES;;57.3;USD;1;21232;1216593.6;1216593.6;1;1;0.126589%;0.021369;1.224417
US78355W8091;Guggenheim S&P Smallcap 600 Pure Growth ETF;RZG.P;RZG UP EQUITY;B10R4M7;78355W809;UNITED STATES;;52.45;USD;1;22668;1188936.6;1188936.6;1;1;0.123711%;0.022814;1.196582
US78355W7002;Guggenheim S&P Smallcap 600 Pure Value ETF;RZV.P;RZV UP EQUITY;B10R4L6;78355W700;UNITED STATES;;39.3702;USD;1;30276;1191972.1752;1191972.1752;1;1;0.124027%;0.030471;1.199637
US25459Y3062;Direxion Daily Total Bond Market Bear 1x Shares;SAGG.P;SAGG UP EQUITY;B3Z9NY7;25459Y306;UNITED STATES;;35.44;USD;1;36059;1277930.96;1277930.96;1;1;0.132971%;0.036291;1.286149
US8085246077;Schwab US Small-Cap ETF;SCHA.P;SCHA UP EQUITY;B59L3H6;808524607;UNITED STATES;;35.82;USD;1;33755;1209104.1;1209104.1;1;1;0.12581%;0.033972;1.216879
US8085241029;Schwab US Broad Market ETF;SCHB.P;SCHB UP EQUITY;B5BQNM4;808524102;UNITED STATES;;33.14;USD;1;36719;1216867.66;1216867.66;1;1;0.126618%;0.036955;1.224693
US8085248883;Schwab International Small-Cap Equity ETF;SCHC.P;SCHC UP EQUITY;B5LC430;808524888;UNITED STATES;;25.83;USD;1;48357;1249061.31;1249061.31;1;1;0.129967%;0.048668;1.257093
US8085247067;Schwab Emerging Markets Equity ETF;SCHE.P;SCHE UP EQUITY;B5VB6X1;808524706;UNITED STATES;;24.66;USD;1;50799;1252703.34;1252703.34;1;1;0.130346%;0.051126;1.260759
US8085248057;Schwab International Equity ETF;SCHF.P;SCHF UP EQUITY;B5BQR88;808524805;UNITED STATES;;25.58;USD;1;48699;1245720.42;1245720.42;1;1;0.12962%;0.049012;1.253731
US8085243009;Schwab U.S. Large-Cap Growth ETF;SCHG.P;SCHG UP EQUITY;B4ZGNX4;808524300;UNITED STATES;;32.98;USD;1;36562;1205814.76;1205814.76;1;1;0.125468%;0.036797;1.213569
US8085248479;Schwab U.S. REIT ETF;SCHH.P;SCHH UP EQUITY;B3R0QY9;808524847;UNITED STATES;;29.6;USD;1;41910;1240536;1240536;1;1;0.12908%;0.042179;1.248513
US8085245087;Schwab U.S. Mid-Cap ETF;SCHM.P;SCHM UP EQUITY;B3SHGV6;808524508;UNITED STATES;;26.51;USD;1;46816;1241092.16;1241092.16;1;1;0.129138%;0.047117;1.249073
US8085248628;SCHWAB SHORT-TERM US TREASURY ETF;SCHO.P;SCHO UP Equity;B53Y8C1;808524862;UNITED STATES;;50.52;USD;1;25405;1283460.6;1283460.6;1;1;0.133547%;0.025568;1.291714
US8085248701;Schwab U.S. TIPs ETF;SCHP.P;SCHP UP EQUITY;B520XQ9;808524870;UNITED STATES;;58.98;USD;1;22049;1300450.02;1300450.02;1;1;0.135315%;0.022191;1.308812
US8085248545;Schwab Intermediate-Term U.S. Treasury ETF;SCHR.P;SCHR UP EQUITY;B53TL94;808524854;UNITED STATES;;54.456;USD;1;23689;1290008.184;1290008.184;1;1;0.134228%;0.023841;1.298303
US8085244098;Schwab U.S. Large-Cap Value ETF;SCHV.P;SCHV UP EQUITY;B4YWPP9;808524409;UNITED STATES;;30.87;USD;1;39780;1228008.6;1228008.6;1;1;0.127777%;0.040036;1.235905
US8085242019;Schwab US Large-Cap ETF;SCHX.P;SCHX UP EQUITY;B59L0B9;808524201;UNITED STATES;;32.75;USD;1;37144;1216466;1216466;1;1;0.126576%;0.037383;1.224288
US57060U5636;Market Vectors India Small-Cap Index ETF;SCIF.P;SCIF UP EQUITY;B510K92;57060U563;UNITED STATES;;10.51;USD;1;121562;1277616.62;1277616.62;1;1;0.132939%;0.122344;1.285832
US2684618117;EGShares India Small Cap ETF;SCIN.P;SCIN UP EQUITY;B3YB6K1;268461811;UNITED STATES;;14.02;USD;1;91824;1287372.48;1287372.48;1;1;0.133954%;0.092414;1.295651
US4642865822;iShares MSCI Japan Small Cap Index Fund;SCJ.P;SCJ UP EQUITY;B2N7BR5;464286582;UNITED STATES;;42.2105;USD;1;29422;1241917.331;1241917.331;1;1;0.129224%;0.029611;1.249903
US78464A4748;SPDR Barclays Capital Short Term Corporate Bond ETF;SCPB.P;SCPB UP EQUITY;B578KN4;78464A474;UNITED STATES;;30.72;USD;1;41678;1280348.16;1280348.16;1;1;0.133223%;0.041946;1.288581
US4642882736;iShares MSCI EAFE Small Cap Index Fund;SCZ.P;SCZ UP EQUITY;B29YQH5;464288273;UNITED STATES;;37.89;USD;1;32848;1244610.72;1244610.72;1;1;0.129504%;0.033059;1.252614
US37950E5490;Global X SuperDividend ETF;SDIV.P;SDIV UP EQUITY;B52C1C7;37950E549;UNITED STATES;;21.09;USD;1;57231;1207001.79;1207001.79;1;1;0.125591%;0.057599;1.214763
US78464A7634;SPDR S&P Dividend ETF;SDY.P;SDY UP EQUITY;B0Q4PL1;78464A763;UNITED STATES;;56.64;USD;1;21944;1242908.16;1242908.16;1;1;0.129327%;0.022085;1.250901
US18383Q7960;Guggenheim Shipping ETF;SEA.P;SEA UP EQUITY;B3MG1X6;18383Q796;UNITED STATES;;14.72;USD;1;80939;1191422.08;1191422.08;1;1;0.12397%;0.081459;1.199083
US26922Y1055;ETFS Gold Trust;SGOL.P;SGOL UP EQUITY;B41KP56;26922Y105;UNITED STATES;;170.39;USD;1;7362;1254411.18;1254411.18;1;1;0.130524%;0.007409;1.262478
US78464A4250;SPDR Nuveen Barclays Capital Short Term Municipal Bond ETF;SHM.P;SHM UP EQUITY;B28LXF4;78464A425;UNITED STATES;;24.37;USD;1;52481;1278961.97;1278961.97;1;1;0.133079%;0.052818;1.287186
US4642886794;ISHARES BARCLAYS SHORT TREAS;SHV.P;SHV UP Equity;B1MYR49;464288679;UNITED STATES;;110.205;USD;1;11647;1283557.635;1283557.635;1;1;0.133557%;0.011722;1.291811
US4642874576;ISHARES BARCLAYS 1-3 YR TRS BD;SHY.P;SHY UP Equity;2971524;464287457;UNITED STATES;;84.44;USD;1;15202;1283656.88;1283656.88;1;1;0.133567%;0.0153;1.291911
US37950E8536;Global X Silver Miners ETF;SIL.P;SIL UP EQUITY;B6185X2;37950E853;UNITED STATES;;23.61;USD;1;52481;1239076.41;1239076.41;1;1;0.128928%;0.052818;1.247044
US26922X1072;ETFS Physical Silver Shares;SIVR.P;SIVR UP EQUITY;B3NQ9M0;26922X107;UNITED STATES;;32.11;USD;1;38149;1224964.39;1224964.39;1;1;0.12746%;0.038394;1.232841
US46428Q1094;ISHARES SILVER TRUST;SLV.P;SLV UP EQUITY;B13YTD1;46428Q109;UNITED STATES;;31.4;USD;1;38983;1224066.2;1224066.2;1;1;0.127367%;0.039234;1.231937
US57060U3086;Market Vectors Steel Index Fund;SLX.P;SLX UP EQUITY;B1G2MW2;57060U308;UNITED STATES;;43.75;USD;1;28127;1230556.25;1230556.25;1;1;0.128042%;0.028308;1.238469
US78464A8137;SPDR S&P 600 Small CapETF;SLY.P;SLY UP EQUITY;B0PZMK3;78464A813;UNITED STATES;;70.59;USD;1;17032;1202288.88;1202288.88;1;1;0.125101%;0.017142;1.21002
US78464A2015;SPDR S&P 600 Small Cap Growth ETF;SLYG.P;SLYG UP EQUITY;2718260;78464A201;UNITED STATES;;119.28;USD;1;10080;1202342.4;1202342.4;1;1;0.125106%;0.010145;1.210074
US78464A3005;SPDR S&P 600 Small CapValue ETF;SLYV.P;SLYV UP EQUITY;2792071;78464A300;UNITED STATES;;72.4839;USD;1;16594;1202797.8366;1202797.8366;1;1;0.125154%;0.016701;1.210532
US72201R8741;Pimco Short Term Municipal Bond Strategy Fund;SMMU.P;SMMU UP EQUITY;B628HL3;72201R874;UNITED STATES;;50.64;USD;1;25339;1283166.96;1283166.96;1;1;0.133516%;0.025502;1.291418
US37950E4998;Global X Fertilizers/Potash ETF;SOIL.P;SOIL UP EQUITY;B66LQQ6;37950E499;UNITED STATES;;13.25;USD;1;91042;1206306.5;1206306.5;1;1;0.125519%;0.091627;1.214064
US4642875235;iShares PHLX SOX Semiconductor Sector Index Fund;SOXX.OQ;SOXX UQ EQUITY;2810252;464287523;UNITED STATES;;49.83;USD;1;24193;1205537.19;1205537.19;1;1;0.125439%;0.024349;1.213289
US73937B8292;PowerShares S&P 500 High Beta Port ETF;SPHB.P;SPHB UP EQUITY;B67FDN3;73937B829;UNITED STATES;;20.04;USD;1;60381;1210035.24;1210035.24;1;1;0.125907%;0.060769;1.217816
US73937B7799;PowerShares S&P 500 Low Volatility Portfolio;SPLV.P;SPLV UP EQUITY;B62X8G0;73937B779;UNITED STATES;;27.27;USD;1;45296;1235221.92;1235221.92;1;1;0.128527%;0.045587;1.243165
US78462F1030;SPDR S&P 500 ETF TRUST;SPY.P;SPY UP Equity;2840215;78462F103;UNITED STATES;;137.8;USD;1;8817;1214982.6;1214982.6;1;1;0.126421%;0.008874;1.222795
US78464A4094;SPDR S&P 500 Growth ETF;SPYG.P;SPYG UP EQUITY;2792048;78464A409;UNITED STATES;;64.034;USD;1;18859;1207617.206;1207617.206;1;1;0.125655%;0.01898;1.215383
US78464A5083;SPDR S&P 500 Value ETF;SPYV.P;SPYV UP EQUITY;2792059;78464A508;UNITED STATES;;69.02;USD;1;17778;1227037.56;1227037.56;1;1;0.127676%;0.017892;1.234928
US46429B7477;iShares Barclays 0-5 Year TIPS Bond Fund;STIP.P;STIP UP EQUITY;B4N6VX2;46429B747;UNITED STATES;;102.95;USD;1;12439;1280595.05;1280595.05;1;1;0.133249%;0.012519;1.28883
US72201R2058;PIMCO 1-5 Year US TIPS Index Fund;STPZ.P;STPZ UP EQUITY;B3YVML4;72201R205;UNITED STATES;;54;USD;1;23755;1282770;1282770;1;1;0.133475%;0.023908;1.291019
US4642881589;iShares S&P Short Term National AMT-Free Municipal Bond Fund;SUB.P;SUB UP EQUITY;B3FFS06;464288158;UNITED STATES;;106.76;USD;1;12010;1282187.6;1282187.6;1;1;0.133414%;0.012087;1.290433
US18383Q7390;Guggenheim Solar ETF;TAN.P;TAN UP EQUITY;B607035;18383Q739;UNITED STATES;;14.17;USD;1;73270;1038235.9;1038235.9;1;1;0.108031%;0.073741;1.044912
US18383Q8612;Guggenheim China Real Estate ETF;TAO.P;TAO UP EQUITY;B2B1MC1;18383Q861;UNITED STATES;;20.8;USD;1;64350;1338480;1338480;1;1;0.139272%;0.064764;1.347087
US2330521095;db-X 2010 Target Date Fund;TDD.P;TDD UP EQUITY;B285CL5;233052109;UNITED STATES;;21;USD;1;59679;1253259;1253259;1;1;0.130404%;0.060063;1.261318
US2330522085;db-X 2020 Target Date Fund;TDH.P;TDH UP EQUITY;B285CN7;233052208;UNITED STATES;;21.9001;USD;1;56057;1227653.9057;1227653.9057;1;1;0.12774%;0.056417;1.235548
US2330523075;db-X 2030 Target Date Fund;TDN.P;TDN UP EQUITY;B285CP9;233052307;UNITED STATES;;21.84;USD;1;58350;1274364;1274364;1;1;0.1326%;0.058725;1.282559
US2330524065;db-X 2040 Target Date Fund;TDV.P;TDV UP EQUITY;B285CR1;233052406;UNITED STATES;;20.82;USD;1;55813;1162026.66;1162026.66;1;1;0.120911%;0.056172;1.169499
US2330525054;db-X In-Target Date Fund;TDX.P;TDX UP EQUITY;B285CS2;233052505;UNITED STATES;;24.5;USD;1;52503;1286323.5;1286323.5;1;1;0.133845%;0.052841;1.294595
US72201R7008;PIMCO 7-15 Year US Treasury Index Fund;TENZ.P;TENZ UP EQUITY;B418044;72201R700;UNITED STATES;;88.6;USD;1;14651;1298078.6;1298078.6;1;1;0.135068%;0.014745;1.306426
US78464A4581;SPDR Nuveen Barclays Capital Municipal Bond ETF;TFI.P;TFI UP EQUITY;B24GR06;78464A458;UNITED STATES;;24.8;USD;1;52503;1302074.4;1302074.4;1;1;0.135484%;0.052841;1.310447
US4642891075;iShares S&P Target Date Retirement Income Index Fund;TGR.P;TGR UP EQUITY;B3FFS84;464289107;UNITED STATES;;31.39;USD;1;40460;1270039.4;1270039.4;1;1;0.13215%;0.04072;1.278206
US4642866242;ISHARES MSCI THAILAND INVSTB;THD.P;THD UP Equity;B2QMWV8;464286624;UNITED STATES;;75.08;USD;1;16978;1274708.24;1274708.24;1;1;0.132636%;0.017087;1.282905
US4642871762;ISHARES BARCLAYS TIPS BOND;TIP.P;TIP UP Equity;2215352;464287176;UNITED STATES;;122.96;USD;1;10572;1299933.12;1299933.12;1;1;0.135261%;0.01064;1.308292
US72201R4039;PIMCO Broad US TIPS Index Fund;TIPZ.P;TIPZ UP EQUITY;B40JBW3;72201R403;UNITED STATES;;61.979;USD;1;21020;1302798.58;1302798.58;1;1;0.135559%;0.021155;1.311176
US4642886539;iShares Barclays 10-20 Year Treasury Bond Fund;TLH.P;TLH UP EQUITY;B1MYR61;464288653;UNITED STATES;;138.19;USD;1;9488;1311146.72;1311146.72;1;1;0.136428%;0.009549;1.319578
US78464A6644;SPDR Barclays Capital Long Term Treasury ETF;TLO.P;TLO UP EQUITY;B1Y9HY2;78464A664;UNITED STATES;;73.047;USD;1;18136;1324780.392;1324780.392;1;1;0.137846%;0.018253;1.333299
US4642874329;ISHARES BARCLAYS 20+ YEAR TR;TLT.P;TLT UP Equity;2971546;464287432;UNITED STATES;;126.61;USD;1;10479;1326746.19;1326746.19;1;1;0.138051%;0.010546;1.335278
US78464A8053;SPDR Dow Jones Total Market ETF;TMW.P;TMW UP EQUITY;2790086;78464A805;UNITED STATES;;102.7803;USD;1;11854;1218357.6762;1218357.6762;1;1;0.126773%;0.01193;1.226192
US4642882652;iShares MSCI Kokusai Index Fund;TOK.P;TOK UP EQUITY;B29YQB9;464288265;UNITED STATES;;41.05;USD;1;30098;1235522.9;1235522.9;1;1;0.128559%;0.030292;1.243468
US72201R8097;PIMCO Broad U.S. Treasury Index Funds;TRSY.P;TRSY UP EQUITY;B59MXJ1;72201R809;UNITED STATES;;108.44;USD;1;11895;1289893.8;1289893.8;1;1;0.134216%;0.011971;1.298188
US4642867158;ISHARES MSCI TURKEY INVSTBLE;TUR.P;TUR UP Equity;B2QMWT6;464286715;UNITED STATES;;60.3;USD;1;22652;1365915.6;1365915.6;1;1;0.142126%;0.022798;1.374699
US72201R1068;PIMCO 1-3 Year U.S. Treasury Index Fund;TUZ.P;TUZ UP EQUITY;B51G1B9;72201R106;UNITED STATES;;51.046;USD;1;25156;1284113.176;1284113.176;1;1;0.133615%;0.025318;1.292371
US4642892065;iShares S&P Target Date 2010 Index Fund;TZD.P;TZD UP EQUITY;B3FFSB7;464289206;UNITED STATES;;32.4;USD;1;38748;1255435.2;1255435.2;1;1;0.130631%;0.038997;1.263508
US4642893055;iShares S&P Target Date 2015 Index Fund;TZE.P;TZE UP EQUITY;B3FFSC8;464289305;UNITED STATES;;33.59;USD;1;37295;1252739.05;1252739.05;1;1;0.13035%;0.037535;1.260795
US4642894046;iShares S&P Target Date 2020 Index Fund;TZG.P;TZG UP EQUITY;B3FFSD9;464289404;UNITED STATES;;34.09;USD;1;36709;1251409.81;1251409.81;1;1;0.130212%;0.036945;1.259457
US4642895035;iShares S&P Target Date 2025 Index Fund;TZI.P;TZI UP EQUITY;B3FFSF1;464289503;UNITED STATES;;34.44;USD;1;36069;1242216.36;1242216.36;1;1;0.129255%;0.036301;1.250204
US4642896025;iShares S&P Target Date 2030 Index Fund;TZL.P;TZL UP EQUITY;B3FFSN9;464289602;UNITED STATES;;34.52;USD;1;35898;1239198.96;1239198.96;1;1;0.128941%;0.036129;1.247168
US4642897015;iShares S&P Target Date 2035 Index Fund;TZO.P;TZO UP EQUITY;B3FFSP1;464289701;UNITED STATES;;34.6;USD;1;35688;1234804.8;1234804.8;1;1;0.128484%;0.035917;1.242745
US4642898005;iShares S&P Target Date 2040 Index Fund;TZV.P;TZV UP EQUITY;B3FFSL7;464289800;UNITED STATES;;34.76;USD;1;35559;1236030.84;1236030.84;1;1;0.128612%;0.035788;1.243979
US73936D2062;PowerShares DB US Dollar Index Bearish Fund;UDN.P;UDN UP EQUITY;B1RT5G7;73936D206;UNITED STATES;;26.745;USD;1;46987;1256667.315;1256667.315;1;1;0.130759%;0.047289;1.264748
US91201T1025;United States Gasoline Fund LP;UGA.P;UGA UP EQUITY;B2PZH68;91201T102;UNITED STATES;;55.51;USD;1;22148;1229435.48;1229435.48;1;1;0.127925%;0.02229;1.237341
US9117831084;United States Diesel-Heating Oil Fund LP;UHN.P;UHN UP EQUITY;B8K9SY2;911783108;UNITED STATES;;33.19;USD;1;37231;1235696.89;1235696.89;1;1;0.128577%;0.03747;1.243643
US9123182019;United States Natural Gas Fund LP;UNG.P;UNG UP EQUITY;B79RKW2;912318201;UNITED STATES;;22.02;USD;1;65562;1443675.24;1443675.24;1;1;0.150217%;0.065984;1.452959
US91288X1090;United States 12 Month Natural Gas Fund LP;UNL.P;UNL UP EQUITY;B3NFSK8;91288X109;UNITED STATES;;19.16;USD;1;73062;1399867.92;1399867.92;1;1;0.145659%;0.073532;1.40887
US37950E7546;Global X Uranium ETF;URA.P;URA UP EQUITY;B5MJCG9;37950E754;UNITED STATES;;6.32;USD;1;162493;1026955.76;1026955.76;1;1;0.106857%;0.163538;1.03356
US9117171069;United States Commodity Index Fund;USCI.P;USCI UP EQUITY;B4XR9C0;911717106;UNITED STATES;;58.13;USD;1;21041;1223113.33;1223113.33;1;1;0.127267%;0.021176;1.230978
US91288V1035;United States 12 Month Oil Fund LP;USL.P;USL UP EQUITY;B29VF35;91288V103;UNITED STATES;;37.82;USD;1;31965;1208916.3;1208916.3;1;1;0.12579%;0.032171;1.21669
US91232N1081;United States Oil Fund LP;USO.P;USO UP EQUITY;B12P151;91232N108;UNITED STATES;;31.41;USD;1;37656;1182774.96;1182774.96;1;1;0.12307%;0.037898;1.190381
US73936D1072;PowerShares DB US Dollar Index Bullish Fund;UUP.P;UUP UP EQUITY;B1RT5C3;73936D107;UNITED STATES;;22.21;USD;1;58885;1307835.85;1307835.85;1;1;0.136083%;0.059264;1.316246
US92204A8018;Vanguard Materials ETF;VAW.P;VAW UP EQUITY;2354288;92204A801;UNITED STATES;;80.21;USD;1;15257;1223763.97;1223763.97;1;1;0.127335%;0.015355;1.231633
US9229087518;VANGUARD SMALL-CAP ETF;VB.P;VB UP Equity;2353649;922908751;UNITED STATES;;76.84;USD;1;15768;1211613.12;1211613.12;1;1;0.126071%;0.015869;1.219404
US9229085959;Vanguard Small-Cap Growth ETF;VBK.P;VBK UP EQUITY;2353650;922908595;UNITED STATES;;84.13;USD;1;14370;1208948.1;1208948.1;1;1;0.125794%;0.014462;1.216722
US9229086114;Vanguard Small-Cap Value ETF;VBR.P;VBR UP EQUITY;2353672;922908611;UNITED STATES;;69.33;USD;1;17537;1215840.21;1215840.21;1;1;0.126511%;0.01765;1.223659
US92206C8709;Vanguard Intermediate-Term Corporate Bond ETF;VCIT.OQ;VCIT UQ EQUITY;B4KH912;92206C870;UNITED STATES;;88.61;USD;1;14629;1296275.69;1296275.69;1;1;0.13488%;0.014723;1.304611
US92206C8139;Vanguard Long-Term Corporate Bond ETF;VCLT.OQ;VCLT UQ EQUITY;B4N95T5;92206C813;UNITED STATES;;93.85;USD;1;13858;1300573.3;1300573.3;1;1;0.135327%;0.013947;1.308937
US92204A1088;Vanguard Consumer Discretionary ETF;VCR.P;VCR UP EQUITY;2355526;92204A108;UNITED STATES;;73.29;USD;1;16929;1240726.41;1240726.41;1;1;0.1291%;0.017038;1.248705
US92206C4096;Vanguard Short-Term Corporate Bond ETF;VCSH.OQ;VCSH UQ EQUITY;B4N0G06;92206C409;UNITED STATES;;80.42;USD;1;15966;1283985.72;1283985.72;1;1;0.133601%;0.016069;1.292242
US92204A2078;Vanguard Consumer Staples ETF;VDC.P;VDC UP EQUITY;2354028;92204A207;UNITED STATES;;88.57;USD;1;13918;1232717.26;1232717.26;1;1;0.128267%;0.014007;1.240644
US92204A3068;Vanguard Energy ETF;VDE.P;VDE UP EQUITY;B031N66;92204A306;UNITED STATES;;100.4;USD;1;11858;1190543.2;1190543.2;1;1;0.123878%;0.011934;1.198199
US9219438580;VANGUARD MSCI EAFE ETF;VEA.P;VEA UP Equity;B23MX41;921943858;UNITED STATES;;32.52;USD;1;38047;1237288.44;1237288.44;1;1;0.128742%;0.038292;1.245245
US9220427754;VANGUARD FTSE ALL-WORLD EX-US INDEX FUND;VEU.P;VEU UP Equity;B1TWZH5;922042775;UNITED STATES;;42.37;USD;1;29342;1243220.54;1243220.54;1;1;0.12936%;0.029531;1.251215
US92204A4058;Vanguard Financials ETF;VFH.P;VFH UP EQUITY;2354039;92204A405;UNITED STATES;;32.22;USD;1;38631;1244690.82;1244690.82;1;1;0.129513%;0.038879;1.252695
US92206C7065;Vanguard Intermediate-Term Government Bond ETF;VGIT.OQ;VGIT UQ EQUITY;B4K0KC9;92206C706;UNITED STATES;;66.58;USD;1;19350;1288323;1288323;1;1;0.134053%;0.019474;1.296607
US9220428745;Vanguard MSCI European ETF;VGK.P;VGK UP EQUITY;B06HML9;922042874;UNITED STATES;;44.9;USD;1;27488;1234211.2;1234211.2;1;1;0.128422%;0.027665;1.242148
US92206C8477;Vanguard Long-Term Government Bond ETF;VGLT.OQ;VGLT UQ EQUITY;B4NHMR6;92206C847;UNITED STATES;;78.19;USD;1;16869;1318987.11;1318987.11;1;1;0.137243%;0.016977;1.327469
US92206C1027;VANGUARD SHORT-TERM GOV BOND ETF;VGSH.OQ;VGSH UQ Equity;B4KTR92;92206C102;UNITED STATES;;60.99;USD;1;21058;1284327.42;1284327.42;1;1;0.133637%;0.021193;1.292586
US92204A7028;Vanguard Information Technology ETF;VGT.P;VGT UP EQUITY;2354266;92204A702;UNITED STATES;;66.79;USD;1;17205;1149121.95;1149121.95;1;1;0.119569%;0.017316;1.156511
US92204A5048;Vanguard Health Care ETF;VHT.P;VHT UP EQUITY;2354200;92204A504;UNITED STATES;;70.95;USD;1;17446;1237793.7;1237793.7;1;1;0.128795%;0.017558;1.245753
US9219088443;Vanguard Dividend Appreciation ETF;VIG.P;VIG UP EQUITY;B13V1N6;921908844;UNITED STATES;;57.87;USD;1;21317;1233614.79;1233614.79;1;1;0.12836%;0.021454;1.241547
US9219327940;Vanguard S&P Small-Cap 600 Growth ETF;VIOG.P;VIOG UP EQUITY;B66S6Z6;921932794;UNITED STATES;;68.5299;USD;1;17677;1211403.0423;1211403.0423;1;1;0.126049%;0.017791;1.219193
US9219328286;Vanguard S&P Small-Cap 600 ETF;VIOO.P;VIOO UP EQUITY;B3RS137;921932828;UNITED STATES;;66.46;USD;1;18027;1198074.42;1198074.42;1;1;0.124662%;0.018143;1.205779
US9219327783;Vanguard S&P Small-Cap 600 Value ETF;VIOV.P;VIOV UP EQUITY;B3K6KZ3;921932778;UNITED STATES;;64.72;USD;1;18470;1195378.4;1195378.4;1;1;0.124382%;0.018589;1.203065
US92204A6038;Vanguard Industrials ETF;VIS.P;VIS UP EQUITY;B031N99;92204A603;UNITED STATES;;68.61;USD;1;18381;1261120.41;1261120.41;1;1;0.131222%;0.018499;1.26923
US92206C7719;Vanguard Mortgage-Backed Securities ETF;VMBS.OQ;VMBS UQ EQUITY;B4KVGF7;92206C771;UNITED STATES;;52.42;USD;1;24266;1272023.72;1272023.72;1;1;0.132357%;0.024422;1.280203
US57060U7616;Market Vectors Vietnam ETF;VNM.P;VNM UP EQUITY;B3FPZ16;57060U761;UNITED STATES;;15.83;USD;1;79241;1254385.03;1254385.03;1;1;0.130521%;0.079751;1.262451
US9229085538;Vanguard REIT ETF;VNQ.P;VNQ UP EQUITY;B031NY4;922908553;UNITED STATES;;63.54;USD;1;19518;1240173.72;1240173.72;1;1;0.129043%;0.019644;1.248149
US9220426764;Vanguard Global ex-U.S. Real Estate ETF;VNQI.OQ;VNQI UQ EQUITY;B5WK187;922042676;UNITED STATES;;52.22;USD;1;24955;1303150.1;1303150.1;1;1;0.135595%;0.025115;1.31153
US9229086296;Vanguard Mid-Cap ETF;VO.P;VO UP EQUITY;2353757;922908629;UNITED STATES;;79.05;USD;1;15615;1234365.75;1234365.75;1;1;0.128438%;0.015715;1.242303
US9229085124;Vanguard Mid-Cap Value ETF;VOE.P;VOE UP EQUITY;B1CL9N3;922908512;UNITED STATES;;56.81;USD;1;21854;1241525.74;1241525.74;1;1;0.129183%;0.021995;1.249509
US92206C7305;Vanguard Russell 1000;VONE.OQ;VONE UQ EQUITY;B444BW4;92206C730;UNITED STATES;;63.18;USD;1;19377;1224238.86;1224238.86;1;1;0.127385%;0.019502;1.232111
US92206C6802;Vanguard Russell 1000 Growth ETF;VONG.OQ;VONG UQ EQUITY;B3VYCG1;92206C680;UNITED STATES;;65.39;USD;1;18524;1211284.36;1211284.36;1;1;0.126037%;0.018643;1.219073
US92206C7149;Vanguard Russell 1000 Value;VONV.OQ;VONV UQ EQUITY;B4MX7L4;92206C714;UNITED STATES;;60.99;USD;1;20133;1227911.67;1227911.67;1;1;0.127767%;0.020262;1.235808
US9229084135;Vanguard S&P 500 ETF;VOO.P;VOO UP EQUITY;B3P18Y8;922908413;UNITED STATES;;63.09;USD;1;19252;1214608.68;1214608.68;1;1;0.126383%;0.019376;1.222419
US9219325050;Vanguard S&P 500 Growth ETF;VOOG.P;VOOG UP EQUITY;B67S0L9;921932505;UNITED STATES;;66.1;USD;1;18255;1206655.5;1206655.5;1;1;0.125555%;0.018372;1.214415
US9219327031;Vanguard S&P 500 Value ETF;VOOV.P;VOOV UP EQUITY;B63B2B6;921932703;UNITED STATES;;60.91;USD;1;20161;1228006.51;1228006.51;1;1;0.127777%;0.020291;1.235903
US9229085389;Vanguard Mid-Cap Growth ETF;VOT.P;VOT UP EQUITY;B1CL9M2;922908538;UNITED STATES;;65.39;USD;1;18768;1227239.52;1227239.52;1;1;0.127697%;0.018889;1.235131
US92204A8844;Vanguard Telecommunication Services ETF;VOX.P;VOX UP EQUITY;B031NG6;92204A884;UNITED STATES;;69.57;USD;1;16884;1174619.88;1174619.88;1;1;0.122222%;0.016993;1.182173
US9220428661;Vanguard MSCI Pacific ETF;VPL.P;VPL UP EQUITY;B06HMD1;922042866;UNITED STATES;;49.71;USD;1;25146;1250007.66;1250007.66;1;1;0.130066%;0.025308;1.258046
US92204A8760;Vanguard Utilities ETF;VPU.P;VPU UP EQUITY;2354307;92204A876;UNITED STATES;;74.1;USD;1;16439;1218129.9;1218129.9;1;1;0.126749%;0.016545;1.225963
US78464A3187;SPDR Nuveen S&P VRDO Municipal Bond ETF;VRD.P;VRD UP EQUITY;B4K4F93;78464A318;UNITED STATES;;29.9501;USD;1;42847;1283271.9347;1283271.9347;1;1;0.133527%;0.043123;1.291524
US9220427184;Vanguard FTSE All World ex-US Small-Cap ETF;VSS.P;VSS UP EQUITY;B3SYTR4;922042718;UNITED STATES;;85.69;USD;1;14586;1249874.34;1249874.34;1;1;0.130052%;0.01468;1.257912
US9220427424;Vanguard Total World Stock ETF;VT.P;VT UP EQUITY;B3B9QW0;922042742;UNITED STATES;;46.79;USD;1;26370;1233852.3;1233852.3;1;1;0.128385%;0.02654;1.241787
US92206C5994;Vanguard Russell 3000;VTHR.OQ;VTHR UQ EQUITY;B467N81;92206C599;UNITED STATES;;62.96;USD;1;19292;1214624.32;1214624.32;1;1;0.126384%;0.019416;1.222435
US9229087690;Vanguard Total Stock Market ETF;VTI.P;VTI UP EQUITY;2762568;922908769;UNITED STATES;;70.54;USD;1;17229;1215333.66;1215333.66;1;1;0.126458%;0.01734;1.223149
US9229087443;Vanguard Value ETF;VTV.P;VTV UP EQUITY;2353638;922908744;UNITED STATES;;56.71;USD;1;21618;1225956.78;1225956.78;1;1;0.127563%;0.021757;1.23384
US92206C6232;Vanguard Russell 2000 Growth;VTWG.OQ;VTWG UQ EQUITY;B40RNK9;92206C623;UNITED STATES;;65.13;USD;1;18276;1190315.88;1190315.88;1;1;0.123855%;0.018394;1.19797
US92206C6646;Vanguard Russell 2000;VTWO.OQ;VTWO UQ EQUITY;B48MJP3;92206C664;UNITED STATES;;63.08;USD;1;18759;1183317.72;1183317.72;1;1;0.123127%;0.01888;1.190927
US92206C6497;Vanguard Russell 2000 Value;VTWV.OQ;VTWV UQ EQUITY;B3ZZ5M7;92206C649;UNITED STATES;;61.1;USD;1;19628;1199270.8;1199270.8;1;1;0.124787%;0.019754;1.206983
US9229087369;Vanguard Growth ETF;VUG.P;VUG UP EQUITY;2353843;922908736;UNITED STATES;;68.85;USD;1;17520;1206252;1206252;1;1;0.125513%;0.017633;1.214009
US9229086379;Vanguard Large-Cap ETF;VV.P;VV UP EQUITY;2353661;922908637;UNITED STATES;;62.94;USD;1;19324;1216252.56;1216252.56;1;1;0.126554%;0.019448;1.224074
US9220428588;VANGUARD MSCI EMERGING MARKE;VWO.P;VWO UP Equity;B06HMH5;922042858;UNITED STATES;;41.03;USD;1;30484;1250758.52;1250758.52;1;1;0.130144%;0.03068;1.258801
US9229086528;Vanguard Extended Market ETF;VXF.P;VXF UP EQUITY;2835233;922908652;UNITED STATES;;57.454;USD;1;21250;1220897.5;1220897.5;1;1;0.127037%;0.021387;1.228748
US9219097683;Vanguard Total International Stock ETF;VXUS.OQ;VXUS UQ EQUITY;B40X9Y3;921909768;UNITED STATES;;43.76;USD;1;28571;1250266.96;1250266.96;1;1;0.130093%;0.028755;1.258307
US9219464065;Vanguard High Dividend Yield ETF;VYM.P;VYM UP EQUITY;B1HLJ94;921946406;UNITED STATES;;48.48;USD;1;25265;1224847.2;1224847.2;1;1;0.127448%;0.025427;1.232724
US18383M4987;Wilshire 5000 Total Market ETF;WFVK.P;WFVK UP EQUITY;B65JKC5;18383M498;UNITED STATES;;31.25;USD;1;39413;1231656.25;1231656.25;1;1;0.128156%;0.039666;1.239576
US78464A4904;SPDR DB International Government Inflation-Protected Bond ETF;WIP.P;WIP UP EQUITY;B2QG8B2;78464A490;UNITED STATES;;61.89;USD;1;20668;1279142.52;1279142.52;1;1;0.133097%;0.020801;1.287368
US26923B1044;ETFS White Metals Basket Trust;WITE.P;WITE UP EQUITY;B4N72M1;26923B104;UNITED STATES;;52.85;USD;1;23455;1239596.75;1239596.75;1;1;0.128983%;0.023606;1.247568
US18383M3088;Wilshire Micro-Cap ETF;WMCR.P;WMCR UP EQUITY;B1FJR52;18383M308;UNITED STATES;;17.7942;USD;1;66860;1189720.212;1189720.212;1;1;0.123793%;0.06729;1.197371
US4642881746;ISHARES S&P GLOBAL TIMBER;WOOD.OQ;WOOD UQ EQUITY;B3B8VH7;464288174;UNITED STATES;;40.86;USD;1;31045;1268498.7;1268498.7;1;1;0.13199%;0.031245;1.276656
US4642884229;iShares S&P Developed ex-U.S. Property Index Fund;WPS.P;WPS UP EQUITY;B23T9P5;464288422;UNITED STATES;;34.635;USD;1;37765;1307990.775;1307990.775;1;1;0.136099%;0.038008;1.316402
US18383M4722;Wilshire US REIT ETF;WREI.P;WREI UP EQUITY;B66W272;18383M472;UNITED STATES;;35.094;USD;1;35064;1230536.016;1230536.016;1;1;0.12804%;0.035289;1.238449
US18383M4805;Wilshire 4500 Completion ETF;WXSP.P;WXSP UP EQUITY;B65J5Q4;18383M480;UNITED STATES;;31.38;USD;1;38888;1220305.44;1220305.44;1;1;0.126975%;0.039138;1.228153
US78464A8707;SPDR S&P Biotech ETF;XBI.P;XBI UP EQUITY;B0Y90K2;78464A870;UNITED STATES;;86.14;USD;1;13543;1166594.02;1166594.02;1;1;0.121387%;0.01363;1.174096
US78464A7485;SPDR S&P Oil & Gas Equipment & Services ETF;XES.P;XES UP EQUITY;B17N7L8;78464A748;UNITED STATES;;31.61;USD;1;36376;1149845.36;1149845.36;1;1;0.119644%;0.03661;1.157239
US78464A8889;SPDR S&P Homebuilders ETF;XHB.P;XHB UP EQUITY;B0Y90L3;78464A888;UNITED STATES;;25.3;USD;1;50047;1266189.1;1266189.1;1;1;0.13175%;0.050369;1.274331
US78464A5810;SPDR S&P Health Care Equipment ETF;XHE.P;XHE UP EQUITY;B3LJG20;78464A581;UNITED STATES;;55.3163;USD;1;21278;1177020.2314;1177020.2314;1;1;0.122471%;0.021415;1.184589
US81369Y1001;Materials Select Sector SPDR Fund;XLB.P;XLB UP EQUITY;2436841;81369Y100;UNITED STATES;;35.5;USD;1;34406;1221413;1221413;1;1;0.127091%;0.034627;1.229267
US81369Y5069;Energy Select Sector SPDR Fund;XLE.P;XLE UP EQUITY;2402466;81369Y506;UNITED STATES;;69.4;USD;1;17282;1199370.8;1199370.8;1;1;0.124797%;0.017393;1.207083
US81369Y6059;FINANCIAL SELECT SECTOR SPDR FUND;XLF.P;XLF UP Equity;2364038;81369Y605;UNITED STATES;;15.42;USD;1;81041;1249652.22;1249652.22;1;1;0.130029%;0.081562;1.257688
US78355W2052;Guggenheim Russell Top 50 ETF;XLG.P;XLG UP EQUITY;B08J4W8;78355W205;UNITED STATES;;100.8;USD;1;11851;1194580.8;1194580.8;1;1;0.124299%;0.011927;1.202262
US81369Y7040;Industrial Select Sector SPDR Fund;XLI.P;XLI UP EQUITY;2502139;81369Y704;UNITED STATES;;36.27;USD;1;34732;1259729.64;1259729.64;1;1;0.131077%;0.034955;1.26783
US81369Y8030;Technology Select Sector SPDR Fund;XLK.P;XLK UP EQUITY;2369709;81369Y803;UNITED STATES;;28.06;USD;1;41000;1150460;1150460;1;1;0.119708%;0.041264;1.157858
US81369Y3080;Consumer Staples Select Sector SPDR Fund;XLP.P;XLP UP EQUITY;2369389;81369Y308;UNITED STATES;;34.58;USD;1;35579;1230321.82;1230321.82;1;1;0.128018%;0.035808;1.238233
US81369Y8865;Utilities Select Sector SPDR Fund;XLU.P;XLU UP EQUITY;2371812;81369Y886;UNITED STATES;;34.51;USD;1;35295;1218030.45;1218030.45;1;1;0.126739%;0.035522;1.225863
US81369Y2090;Health Care Select Sector SPDR Fund;XLV.P;XLV UP EQUITY;2371823;81369Y209;UNITED STATES;;39.22;USD;1;31854;1249313.88;1249313.88;1;1;0.129994%;0.032059;1.257348
US81369Y4070;Consumer Discretionary Select Sector SPDR Fund;XLY.P;XLY UP EQUITY;2424341;81369Y407;UNITED STATES;;45.63;USD;1;27094;1236299.22;1236299.22;1;1;0.128639%;0.027268;1.244249
US78464A7550;SPDR S&P Metals & Mining ETF;XME.P;XME UP EQUITY;B17N7K7;78464A755;UNITED STATES;;42.65;USD;1;28945;1234504.25;1234504.25;1;1;0.128453%;0.029131;1.242443
US78464A7303;SPDR S&P OIL & GAS EXP & PR;XOP.P;XOP UP Equity;B17N7N0;78464A730;UNITED STATES;;51.41;USD;1;22761;1170143.01;1170143.01;1;1;0.121756%;0.022907;1.177668
US78464A7220;SPDR S&P Pharmaceuticals ETF;XPH.P;XPH UP EQUITY;B17N7P2;78464A722;UNITED STATES;;54.74;USD;1;21370;1169793.8;1169793.8;1;1;0.121719%;0.021507;1.177316
US78464A7147;SPDR S&P Retail ETF;XRT.P;XRT UP EQUITY;B17N7R4;78464A714;UNITED STATES;;60.91;USD;1;20216;1231356.56;1231356.56;1;1;0.128125%;0.020346;1.239275
US78464A8624;SPDR S&P Semiconductor ETF;XSD.P;XSD UP EQUITY;B0Y90M4;78464A862;UNITED STATES;;40.96;USD;1;28419;1164042.24;1164042.24;1;1;0.121121%;0.028602;1.171528
US78464A5323;SPDR S&P Transportation ETF;XTN.P;XTN UP EQUITY;B578454;78464A532;UNITED STATES;;51.25;USD;1;26408;1353410;1353410;1;1;0.140825%;0.026578;1.362113
US18385P1012;Guggenheim China All-Cap ETF;YAO.P;YAO UP EQUITY;B54YF30;18385P101;UNITED STATES;;23.84;USD;1;56451;1345791.84;1345791.84;1;1;0.140032%;0.056814;1.354446
US72201R8824;PIMCO 25+ Year Zero Coupon US Treasury Index Fund;ZROZ.P;ZROZ UP EQUITY;B54YDP8;72201R882;UNITED STATES;;118.08;USD;1;11436;1350362.88;1350362.88;1;1;0.140508%;0.01151;1.359046
;;;;;;;;;;;;;;;;;;
;;;;;;;;;;;;;;;;;;
;;;;;;;;;;;;;;;;;;
;;;;;;;;;;;;;;;;;;
;;;;;;;;;;;;;;;;;;
RIC is provided by Reuters: The RIC or Reuters Instrument Code set has been developed and maintained by Reuters and is the intellectual property of Reuters.;;;;;;;;;;;;;;;;;;
