Fund Name	Ticker	Category	Fund Family	Intraday Return (Mkt) 	3 mo Return (Mkt)	YTD Return (Mkt)	1 yr Return (Mkt)	3 yr Return (Mkt)
iShares Diversified Alternatives Trust	ALT	Market Neutral	iShares	0.00%	2.55%	2.17%	2.09%	N/A
ALPS Equal Sector Weight ETF	EQL	Large Blend	ALPS	0.00%	5.78%	14.25%	26.49%	12.97%
Market Vectors China ETF	PEK	China Region	Van Eck	0.00%	(1.11%)	(1.23%)	(7.16%)	N/A
JPMorgan Alerian MLP Index ETN	AMJ	Equity Energy	JPMorgan	0.00%	5.70%	7.82%	25.08%	23.95%
EGShares Financials GEMS ETF	FGEM	Financial	Emerging Global Advisors	0.00%	2.64%	8.77%	16.18%	(0.80%)
EGShares Energy GEMS ETF	OGEM	Equity Energy	Emerging Global Advisors	0.00%	10.16%	10.58%	16.43%	3.59%
EGShares Emerging Markets Metals/Mining	EMT	Natural Resources	Emerging Global Advisors	0.00%	2.50%	(3.26%)	(4.83%)	(6.06%)
EGShares GEMS Composite ETF	AGEM	Diversified Emerging Mkts	Emerging Global Advisors	0.00%	7.16%	8.78%	16.23%	0.94%
IQ Merger Arbitrage ETF	MNA	Market Neutral	IndexIQ	0.00%	(0.60%)	1.02%	3.33%	N/A
IQ Global Resources ETF	GRES	Natural Resources	IndexIQ	0.00%	4.88%	1.28%	6.99%	N/A
IQ Real Return ETF	CPI	Conservative Allocation	IndexIQ	0.00%	1.43%	2.30%	3.63%	N/A
iShares MSCI ACWI ex US Energy Index	AXEN	Equity Energy	iShares	0.00%	9.53%	3.65%	15.30%	N/A
iShares MSCI ACWI ex US Utilities Index	AXUT	Utilities	iShares	0.00%	4.47%	5.65%	(0.52%)	N/A
iShares MSCI ACWI ex US Financials Index	AXFN	Financial	iShares	0.00%	9.20%	19.16%	15.73%	N/A
iShares MSCI ACWI ex US Industrials Idx	AXID	Industrials	iShares	0.00%	5.97%	10.65%	14.46%	N/A
iShares MSCI ACWI ex US Info Tech Index	AXIT	Technology	iShares	0.00%	7.34%	6.72%	10.77%	N/A
iShares MSCI ACWI ex US Materials Index	AXMT	Natural Resources	iShares	0.00%	8.06%	5.51%	4.88%	N/A
iShares MSCI ACWI ex US Telecom Svc Idx	AXTE	Communications	iShares	0.00%	6.21%	7.14%	9.16%	N/A
iShares MSCI ACWI ex US Cnsmr Dscrtn Idx	AXDI	Consumer Cyclical	iShares	0.00%	11.02%	15.60%	12.63%	N/A
iShares MSCI ACWI ex US Cnsmr Stpls Idx	AXSL	Consumer Defensive	iShares	0.00%	13.21%	14.49%	23.28%	N/A
iShares MSCI ACWI ex US Health Care Idx	AXHE	Health	iShares	0.00%	12.66%	18.23%	22.72%	N/A
SPDR Wells Fargo Preferred Stock	PSK	Miscellaneous Sector	State Street Global Advisors	0.00%	2.51%	12.98%	14.75%	10.69%
Jefferies TR/J CRB Global Commodity Eq	CRBQ	Natural Resources	ALPS	0.00%	7.81%	7.60%	17.04%	6.65%
Jefferies TR/J CRB Global Agriculture Eq	CRBA	Natural Resources	ALPS	0.00%	(11.45%)	(13.75%)	(3.48%)	N/A
Jefferies TR/J CRB Global Ind Metals Eq	CRBI	Natural Resources	ALPS	0.00%	(13.81%)	(30.48%)	(20.88%)	N/A
First Trust NASDAQ ABA Community Bank	QABA	Financial	First Trust	0.00%	4.56%	14.67%	38.31%	7.17%
JETS DJ Islamic Market Intl Index	JVS	Foreign Large Blend	JETS	0.00%	12.11%	(3.08%)	2.58%	N/A
PIMCO 1-3 Year US Treasury Index ETF	TUZ	Short Government	PIMCO	0.00%	0.24%	0.16%	0.42%	1.33%
PIMCO 3-7 Year U.S. Treasury Index ETF	FIVZ	Intermediate Government	PIMCO	0.00%	0.86%	2.50%	3.11%	N/A
PIMCO 7-15 Year U.S. Treasury Index ETF	TENZ	Long Government	PIMCO	0.00%	0.82%	4.06%	5.28%	8.47%
PIMCO Broad U.S. Treasury Index ETF	TRSY	Long Government	PIMCO	0.00%	0.75%	2.90%	4.71%	N/A
PIMCO Broad U.S. TIPS Index ETF	TIPZ	Inflation-Protected Bond	PIMCO	0.00%	2.22%	6.22%	9.11%	9.29%
PIMCO 1-5 Year US TIPS Index ETF	STPZ	Inflation-Protected Bond	PIMCO	0.00%	1.07%	1.88%	2.89%	4.09%
PIMCO 15+ Year US TIPS Index ETF	LTPZ	Inflation-Protected Bond	PIMCO	0.00%	2.85%	10.48%	15.44%	14.81%
WisdomTree Global Real Return	RRF	Conservative Allocation	WisdomTree	0.00%	2.89%	1.33%	4.61%	N/A
WisdomTree Managed Futures	WDTI	Managed Futures	WisdomTree	0.00%	1.76%	(10.57%)	(13.62%)	N/A
Columbia Growth Equity Strategy Fund	RPX	Large Growth	Columbia	0.00%	13.33%	15.36%	32.36%	N/A
Columbia Lg Cap Growth Equity Strat Fund	RWG	Large Growth	Columbia	0.00%	10.44%	16.03%	17.77%	N/A
Dent Tactical ETF	DENT	World Allocation	AdvisorShares	0.00%	(1.61%)	(5.57%)	(14.20%)	N/A
iShares Russell Top 200 Index	IWL	Large Blend	iShares	0.00%	6.89%	16.68%	28.78%	12.77%
iShares Russell Top 200 Growth Index	IWY	Large Growth	iShares	0.00%	6.21%	17.54%	29.05%	14.99%
iShares Russell Top 200 Value Index	IWX	Large Value	iShares	0.00%	7.23%	15.95%	31.22%	N/A
ProShares Credit Suisse 130/30	CSM	Long/Short Equity	ProShares	0.00%	6.99%	17.08%	29.46%	12.56%
Schwab U.S. Broad Market ETF	SCHB	Large Blend	Schwab Funds	0.00%	6.20%	15.92%	29.96%	N/A
Schwab U.S. Large-Cap Growth ETF	SCHG	Large Growth	Schwab Funds	0.00%	6.73%	17.97%	30.76%	N/A
Schwab Emerging Markets Equity ETF	SCHE	Diversified Emerging Mkts	Schwab Funds	0.00%	6.92%	9.49%	18.21%	N/A
Schwab International Equity ETF	SCHF	Foreign Large Blend	Schwab Funds	0.00%	6.83%	10.20%	15.76%	N/A
Schwab International Small-Cap Eq ETF	SCHC	Foreign Small/Mid Blend	Schwab Funds	0.00%	9.17%	12.53%	15.68%	N/A
Schwab U.S. Small-Cap ETF	SCHA	Small Blend	Schwab Funds	0.00%	5.55%	15.11%	32.13%	N/A
Schwab U.S. Large-Cap Value ETF	SCHV	Large Value	Schwab Funds	0.00%	5.77%	14.50%	28.85%	N/A
Schwab U.S. Large-Cap ETF	SCHX	Large Blend	Schwab Funds	0.00%	6.29%	16.18%	29.86%	N/A
iShares 10+ Year Credit Bond	CLY	Long-Term Bond	iShares	0.00%	5.32%	10.15%	14.64%	N/A
iShares 10+ Year Government/Credit Bond	GLJ	Long-Term Bond	iShares	0.00%	2.63%	9.07%	10.96%	N/A
FaithShares Lutheran Values	FKL	Large Blend	FaithShares	0.00%	(1.16%)	4.06%	25.10%	N/A
FaithShares Methodist Values	FMV	Large Blend	FaithShares	0.00%	(2.86%)	2.18%	23.37%	N/A
FaithShares Catholic Values	FCV	Large Blend	FaithShares	0.00%	1.04%	6.04%	27.86%	N/A
FaithShares Christian Values	FOC	Large Blend	FaithShares	0.00%	(12.09%)	(5.91%)	14.39%	N/A
FaithShares Baptist Values	FZB	Large Blend	FaithShares	0.00%	(4.17%)	1.24%	21.36%	N/A
PIMCO 25+ Yr Zero Cpn U.S. Trsy Idx ETF	ZROZ	Long Government	PIMCO	0.00%	(0.97%)	4.43%	6.72%	N/A
PIMCO Enhanced Short Maturity Strgy ETF	MINT	Ultrashort Bond	PIMCO	0.00%	0.66%	2.17%	2.24%	N/A
PIMCO Short Term Muni Bond Strgy ETF	SMMU	Muni National Short	PIMCO	0.00%	0.10%	0.92%	1.01%	N/A
PIMCO Intermediate Muni Bond Strgy ETF	MUNI	Muni National Interm	PIMCO	0.00%	1.98%	4.29%	6.47%	N/A
ETFS Physical Silver Shares	SIVR	Commodities Precious Metals	ETF Securities Ltd	0.00%	25.55%	24.27%	15.85%	27.07%
Russell Equity ETF	ONEF	World Stock	Russell	0.00%	10.24%	13.70%	21.32%	N/A
Guggenheim China All-Cap	YAO	China Region	Guggenheim Investments	0.00%	2.35%	6.90%	18.58%	N/A
Vanguard Short-Term Govt Bd Idx ETF	VGSH	Short Government	Vanguard	0.00%	0.22%	0.32%	0.44%	0.66%
Vanguard Interm-Tm Govt Bd Idx ETF	VGIT	Intermediate Government	Vanguard	0.00%	0.85%	2.47%	3.69%	N/A
Vanguard Long-Term Govt Bd Idx ETF	VGLT	Long Government	Vanguard	0.00%	0.32%	4.84%	6.05%	N/A
Vanguard Short-Term Corp Bd Idx ETF	VCSH	Short-Term Bond	Vanguard	0.00%	2.04%	4.90%	5.97%	N/A
Vanguard Interm-Tm Corp Bd Idx ETF	VCIT	Intermediate-Term Bond	Vanguard	0.00%	3.74%	9.14%	12.21%	N/A
Vanguard Long-Term Corp Bond Idx ETF	VCLT	Long-Term Bond	Vanguard	0.00%	5.23%	10.84%	15.61%	N/A
Vanguard Mortgage-Backed Sec Idx ETF	VMBS	Intermediate-Term Bond	Vanguard	0.00%	1.25%	2.96%	4.05%	N/A
ProShares Short 20+ Year Treasury	TBF	Trading-Inverse Debt	ProShares	0.00%	(0.65%)	(6.67%)	(9.52%)	(14.94%)
First Trust NASDAQ Cln Edge Smrt Grd Inf	GRID	Utilities	First Trust	0.00%	8.76%	16.28%	18.84%	N/A
WCM/BNY Mellon Focused Growth ADR ETF	AADR	Foreign Large Growth	AdvisorShares	0.00%	5.54%	7.11%	17.60%	N/A
Market Vectors Junior Gold Miners ETF	GDXJ	Equity Precious Metals	Van Eck	0.00%	28.68%	0.08%	(6.46%)	N/A
ETFS Physical Swiss Gold Shares	SGOL	Commodities Precious Metals	ETF Securities Ltd	0.00%	10.81%	13.14%	8.84%	20.27%
Market Vectors Poland ETF	PLND	Europe Stock	Van Eck	0.00%	8.87%	20.08%	15.55%	N/A
Global X China Consumer ETF	CHIQ	China Region	Global X Funds	0.00%	0.68%	(2.92%)	5.32%	N/A
Global X Norway ETF	NORW	Europe Stock	Global X Funds	0.00%	13.62%	20.41%	31.38%	N/A
Global X China Energy ETF	CHIE	China Region	Global X Funds	0.00%	3.25%	0.23%	12.75%	N/A
Global X China Financials ETF	CHIX	China Region	Global X Funds	0.00%	(1.66%)	5.82%	31.44%	N/A
Global X China Industrials ETF	CHII	China Region	Global X Funds	0.00%	(0.88%)	(1.85%)	14.26%	N/A
Global X NASDAQ China Technology ETF	QQQC	China Region	Global X Funds	0.00%	3.42%	5.28%	6.00%	N/A
Global X China Materials ETF	CHIM	China Region	Global X Funds	0.00%	1.32%	(12.06%)	(1.97%)	N/A
PowerShares Build America Bond	BAB	Long-Term Bond	PowerShares	0.00%	2.53%	8.80%	9.75%	N/A
PowerShares Convertible Securities	CVRT	Convertibles	PowerShares	0.00%	6.93%	10.48%	10.24%	N/A
Guggenheim China Technology	CQQQ	China Region	Guggenheim Investments	0.00%	1.41%	5.87%	12.09%	N/A
SPDR Nuveen S&P VRDO Municipal Bond	VRD	Muni National Short	State Street Global Advisors	0.00%	0.11%	0.05%	0.59%	0.49%
United States Short Oil	DNO	Trading-Inverse Commodities	United States Commodity Funds LLC	0.00%	(8.49%)	5.04%	(18.28%)	(8.05%)
Jefferies TR/J CRB Wildcatters Exp&Pr Eq	WCAT	Equity Energy	ALPS	0.00%	1.20%	1.20%	(28.12%)	N/A
Columbia Core Bond Strategy Fund	GMTB	Intermediate-Term Bond	Columbia	0.00%	2.47%	3.37%	6.12%	N/A
Columbia Interm Munil Bond Strat Fund	GMMB	Muni National Interm	Columbia	0.00%	2.35%	5.16%	6.78%	N/A
ProShares Ultra 7-10 Year Treasury	UST	Trading-Leveraged Debt	ProShares	0.00%	1.72%	7.99%	9.76%	N/A
ProShares Ultra 20+ Year Treasury	UBT	Trading-Leveraged Debt	ProShares	0.00%	(0.78%)	6.83%	8.46%	N/A
iShares 2017 S&P AMT-Free Municipal Ser	MUAF	Muni National Interm	iShares	0.00%	0.76%	2.48%	5.63%	N/A
iShares 2016 S&P AMT-Free Municipal Ser	MUAE	Muni National Interm	iShares	0.00%	0.22%	1.98%	5.00%	N/A
iShares 2013 S&P AMT-Free Municipal Ser	MUAB	Muni National Short	iShares	0.00%	(0.21%)	0.39%	0.82%	N/A
iShares 2012 S&P AMT-Free Municipal Ser	MUAA	Muni National Short	iShares	0.00%	(0.05%)	(0.28%)	(0.38%)	N/A
iShares 2014 S&P AMT-Free Municipal Ser	MUAC	Muni National Short	iShares	0.00%	(0.42%)	0.36%	1.81%	N/A
iShares 2015 S&P AMT-Free Municipal Ser	MUAD	Muni National Interm	iShares	0.00%	(0.17%)	1.10%	2.67%	N/A
Market Vectors India Small-Cap ETF	SCIF	India Equity	Van Eck	0.00%	5.83%	24.86%	(6.53%)	N/A
UBS E-TRACS DJ-UBS Commodity Idx TR ETN	DJCI	Commodities Broad Basket	UBS AG	0.00%	13.77%	5.25%	5.82%	N/A
iShares MSCI Emerg Mrkts Financials Idx	EMFN	Financial	iShares	0.00%	5.76%	14.55%	21.72%	N/A
iShares MSCI Europe Financials Index	EUFN	Financial	iShares	0.00%	11.95%	16.90%	16.45%	N/A
iShares MSCI Emerg Mrkts Materials Idx	EMMT	Natural Resources	iShares	0.00%	4.02%	3.41%	3.27%	N/A
iShares MSCI Far East Financials Index	FEFN	Financial	iShares	0.00%	16.62%	22.42%	16.29%	N/A
Guggenheim BulletShares 2011 Corp Bond	BSCB	Short-Term Bond	Guggenheim Funds Distributors, Inc.	0.00%	(0.85%)	(0.55%)	(0.44%)	N/A
Guggenheim BulletShares 2012 Corp Bond	BSCC	Short-Term Bond	Guggenheim Investments	0.00%	(0.28%)	(0.17%)	0.29%	N/A
Guggenheim BulletShares 2020 Corp Bond	BSCK	Intermediate-Term Bond	Guggenheim Investments	0.00%	4.30%	N/A	N/A	N/A
Guggenheim BulletShares 2013 Corp Bond	BSCD	Short-Term Bond	Guggenheim Investments	0.00%	0.32%	1.92%	2.45%	N/A
Guggenheim BulletShares 2014 Corp Bond	BSCE	Intermediate-Term Bond	Guggenheim Investments	0.00%	0.93%	3.06%	4.21%	N/A
Guggenheim BulletShares 2016 Corp Bond	BSCG	Intermediate-Term Bond	Guggenheim Investments	0.00%	2.69%	6.51%	8.77%	N/A
Guggenheim BulletShares 2017 Corp Bond	BSCH	Intermediate-Term Bond	Guggenheim Investments	0.00%	3.99%	9.34%	11.78%	N/A
Guggenheim BulletShares 2015 Corp Bond	BSCF	Intermediate-Term Bond	Guggenheim Investments	0.00%	2.12%	5.59%	6.74%	N/A
Guggenheim BulletShares 2018 Corp Bond	BSCI	Intermediate-Term Bond	Guggenheim Investments	0.00%	4.43%	N/A	N/A	N/A
Guggenheim BulletShares 2019 Corp Bond	BSCJ	Intermediate-Term Bond	Guggenheim Investments	0.00%	4.52%	N/A	N/A	N/A
EGShares India Infrastructure	INXX	India Equity	Emerging Global Advisors	0.00%	13.24%	25.34%	3.11%	N/A
EGShares China Infrastructure	CHXX	China Region	Emerging Global Advisors	0.00%	(2.14%)	4.96%	19.94%	N/A
EGShares Brazil Infrastructure	BRXX	Latin America Stock	Emerging Global Advisors	0.00%	(2.74%)	2.05%	11.93%	N/A
EGShares India Small Cap	SCIN	India Equity	Emerging Global Advisors	0.00%	12.28%	29.25%	0.09%	N/A
PowerShares CEF Income Composite	PCEF	Conservative Allocation	PowerShares	0.00%	6.95%	16.32%	23.10%	N/A
IQ Taiwan Small Cap ETF	TWON	China Region	IndexIQ	0.00%	(15.49%)	(29.33%)	(22.25%)	N/A
IQ South Korea Small Cap ETF	SKOR	Pacific/Asia ex-Japan Stk	IndexIQ	0.00%	(6.94%)	(13.78%)	(34.68%)	N/A
IQ Canada Small Cap ETF	CNDA	Foreign Small/Mid Blend	IndexIQ	0.00%	16.19%	0.04%	9.11%	N/A
IQ Hong Kong Small Cap ETF	HKK	China Region	IndexIQ	0.00%	(11.09%)	N/A	N/A	N/A
IQ Australia Small Cap ETF	KROO	Pacific/Asia ex-Japan Stk	IndexIQ	0.00%	7.53%	2.98%	12.11%	N/A
IQ Global Oil Small Cap Equity ETF	IOIL	Equity Energy	IndexIQ	0.00%	12.66%	11.57%	28.14%	N/A
United States 12 Month Natural Gas	UNL	Commodities Energy	United States Commodity Funds LLC	0.00%	7.11%	(11.55%)	(33.00%)	N/A
Barclays Long B Leveraged S&P 500 TR ETN	BXUB	Trading-Leveraged Equity	Barclays Bank PLC	0.00%	14.23%	36.59%	81.54%	N/A
Barclays Long C Leveraged S&P 500 TR ETN	BXUC	Trading-Leveraged Equity	Barclays Bank PLC	0.00%	10.42%	27.20%	56.80%	N/A
Barclays Short B Lvgd Inv S&P 500 TR ETN	BXDB	Trading-Inverse Equity	Barclays Bank PLC	0.00%	(17.23%)	(27.97%)	(37.50%)	N/A
Barclays Short C Lvgd Inv S&P 500 TR ETN	BXDC	Trading-Inverse Equity	Barclays Bank PLC	0.00%	(46.56%)	(65.34%)	(75.29%)	N/A
Barclays Short D Lvgd Inv S&P 500 TR ETN	BXDD	Trading-Inverse Equity	Barclays Bank PLC	0.00%	(53.55%)	(60.76%)	(73.26%)	N/A
Direxion Daily Healthcare Bear 3X Shares	SICK	Trading-Inverse Equity	Direxion Funds	0.00%	(21.81%)	(33.65%)	(48.61%)	N/A
Direxion Daily Basic Matls Bull 3X Shrs	MATL	Trading-Leveraged Equity	Direxion Funds	0.00%	13.00%	26.08%	71.82%	N/A
Direxion Daily Basic Matls Bear 3X Shrs	MATS	Trading-Inverse Equity	Direxion Funds	0.00%	(21.32%)	(30.48%)	(41.44%)	N/A
Direxion Daily Healthcare Bull 3X Shares	CURE	Trading-Leveraged Equity	Direxion Funds	0.00%	17.97%	53.08%	93.29%	N/A
Direxion Daily Retail Bull 3X Shares	RETL	Trading-Leveraged Equity	Direxion Funds	0.00%	23.73%	90.48%	119.71%	N/A
Direxion Daily Retail Bear 3X Shares	RETS	Trading-Inverse Equity	Direxion Funds	0.00%	(26.80%)	(53.00%)	(60.66%)	N/A
ETFS Physical Palladium Shares	PALL	Commodities Precious Metals	ETF Securities Ltd	0.00%	9.63%	(2.65%)	4.75%	N/A
ETFS Physical Platinum Shares	PPLT	Commodities Precious Metals	ETF Securities Ltd	0.00%	14.52%	18.55%	8.69%	N/A
PowerShares S&P SmallCap Cnsmr Discret	PSCD	Consumer Cyclical	PowerShares	0.00%	9.45%	22.41%	40.61%	N/A
PowerShares S&P SmallCap Utilities	PSCU	Utilities	PowerShares	0.00%	6.18%	6.49%	18.50%	N/A
PowerShares S&P SmallCap Consumer Stapl	PSCC	Consumer Defensive	PowerShares	0.00%	2.63%	14.78%	24.18%	N/A
PowerShares S&P SmallCap Energy	PSCE	Equity Energy	PowerShares	0.00%	8.33%	0.15%	27.64%	N/A
PowerShares S&P SmallCap Financials	PSCF	Financial	PowerShares	0.00%	3.90%	14.71%	35.92%	N/A
PowerShares S&P SmallCap Health Care	PSCH	Health	PowerShares	0.00%	2.63%	16.54%	32.22%	N/A
PowerShares S&P SmallCap Industrials	PSCI	Industrials	PowerShares	0.00%	6.28%	11.23%	31.80%	N/A
PowerShares S&P SmallCap Info Tech	PSCT	Technology	PowerShares	0.00%	3.85%	7.66%	28.67%	N/A
PowerShares S&P SmallCap Materials	PSCM	Natural Resources	PowerShares	0.00%	15.59%	18.40%	31.91%	N/A
WisdomTree Dreyfus Commodity Currency	CCX	Currency	WisdomTree	0.00%	3.16%	4.48%	6.77%	N/A
Wilshire 5000 Total Market ETF	WFVK	Large Blend	Guggenheim Investments	0.00%	8.35%	17.54%	30.43%	N/A
Wilshire US REIT ETF	WREI	Real Estate	Guggenheim Investments	0.00%	0.35%	14.13%	30.87%	N/A
Wilshire 4500 Completion ETF	WXSP	Mid-Cap Blend	Guggenheim Investments	0.00%	6.41%	16.75%	29.49%	N/A
Accuvest Global Long Short ETF	AGLS	Long/Short Equity	AdvisorShares	0.00%	1.18%	4.37%	6.75%	N/A
JETS Contrarian Opportunities Index	JCO	Mid-Cap Blend	JETS	0.00%	(11.09%)	(4.16%)	28.08%	N/A
UBS E-TRACS S&P 500 Gold Hedged Idx ETN	SPGH	Trading-Miscellaneous	UBS AG	0.00%	18.24%	28.87%	39.27%	N/A
iShares MSCI Indonesia Invstble Mkt Idx	EIDO	Pacific/Asia ex-Japan Stk	iShares	0.00%	4.29%	2.95%	17.49%	N/A
iShares MSCI New Zealand Invstb Mkt Idx	ENZL	Pacific/Asia ex-Japan Stk	iShares	0.00%	15.92%	24.61%	24.74%	N/A
iShares MSCI Poland Investable Mkt Index	EPOL	Europe Stock	iShares	0.00%	10.71%	23.34%	20.14%	N/A
iShares MSCI China Small Cap Index	ECNS	China Region	iShares	0.00%	(1.74%)	0.55%	4.96%	N/A
iShares MSCI Brazil Small Cap Index	EWZS	Latin America Stock	iShares	0.00%	14.96%	19.77%	28.83%	N/A
iShares MSCI Russia Capped Index	ERUS	Europe Stock	iShares	0.00%	9.09%	10.64%	22.66%	N/A
iShares MSCI Ireland Cppd Invstb Mkt Idx	EIRL	Europe Stock	iShares	0.00%	9.06%	20.01%	27.19%	N/A
iShares MSCI USA Index	EUSA	Large Blend	iShares	0.00%	6.85%	15.49%	28.88%	N/A
Global X Copper Miners ETF	COPX	Natural Resources	Global X Funds	0.00%	13.64%	(1.40%)	17.34%	N/A
Global X Silver Miners ETF	SIL	N/A	N/A	0.00%	N/A	N/A	N/A	N/A
iShares MSCI Philippines Invstb Mkt Idx	EPHE	Pacific/Asia ex-Japan Stk	iShares	0.00%	2.72%	31.03%	45.86%	N/A
EGShares Emerging Markets Consumer	ECON	Diversified Emerging Mkts	Emerging Global Advisors	0.00%	5.24%	10.65%	23.01%	N/A
Credit Suisse Long/Short Liquid Idx ETN	CSLS	Long/Short Equity	Credit Suisse AG	0.00%	3.63%	4.25%	8.04%	N/A
SPDR Nuveen Barclays Cap Build Amer Bd	BABS	Long-Term Bond	State Street Global Advisors	0.00%	1.73%	9.29%	9.94%	N/A
SPDR Nuveen S&P High Yield Municipal Bd	HYMB	High Yield Muni	State Street Global Advisors	0.00%	3.99%	13.20%	16.35%	N/A
Peritus High Yield ETF	HYLD	High Yield Bond	AdvisorShares	0.00%	4.77%	11.81%	16.86%	N/A
Market Vectors Inv Grade Floating Rt ETF	FLTR	Short-Term Bond	Van Eck	0.00%	3.32%	7.36%	4.83%	N/A
Market Vectors EM Local Curr Bond ETF	EMLC	Emerging Markets Bond	Van Eck	0.00%	4.90%	11.37%	12.94%	N/A
SPDR Barclays Capital Intl Corp Bond	IBND	World Bond	State Street Global Advisors	0.00%	5.84%	8.79%	5.80%	N/A
WisdomTree Emerging Markets Local Debt	ELD	Emerging Markets Bond	WisdomTree	0.00%	4.23%	10.17%	12.65%	N/A
Direxion Daily Semicondct Bear 3X Shares	SOXS	Trading-Inverse Equity	Direxion Funds	0.00%	(7.22%)	(36.78%)	(58.99%)	N/A
Direxion Daily Semicondct Bull 3X Shares	SOXL	Trading-Leveraged Equity	Direxion Funds	0.00%	(4.40%)	3.85%	17.17%	N/A
ProShares UltraShort Nasdaq Biotech	BIS	Trading-Inverse Equity	ProShares	0.00%	(19.65%)	(51.20%)	(63.52%)	N/A
ProShares Short FTSE China 25	YXI	Trading-Inverse Equity	ProShares	0.00%	(4.93%)	(7.66%)	(22.63%)	N/A
ProShares Ultra Nasdaq Biotechnology	BIB	Trading-Leveraged Equity	ProShares	0.00%	20.39%	81.40%	122.77%	N/A
First Trust ISE Global Copper Index	CU	Natural Resources	First Trust	0.00%	12.60%	(1.74%)	13.63%	N/A
First Trust ISE Global Platinum Index	PLTM	Equity Precious Metals	First Trust	0.00%	(0.79%)	(19.30%)	(23.34%)	(19.37%)
ETFS Physical PM Basket Shares	GLTR	Commodities Precious Metals	ETF Securities Ltd	0.00%	15.85%	16.39%	10.87%	N/A
ProShares Short 7-10 Year Treasury	TBX	Trading-Inverse Debt	ProShares	0.00%	(1.75%)	(5.85%)	(6.82%)	N/A
ProShares Short KBW Regional Banking	KRS	Trading-Inverse Equity	ProShares	0.00%	(4.46%)	(16.74%)	(39.54%)	N/A
ProShares Ultra KBW Regional Banking	KRU	Trading-Leveraged Equity	ProShares	0.00%	8.78%	29.92%	101.28%	N/A
United States Brent Oil	BNO	Commodities Energy	United States Commodity Funds LLC	0.00%	17.08%	8.53%	19.77%	N/A
United States Commodity Index	USCI	Commodities Broad Basket	United States Commodity Funds LLC	0.00%	6.44%	5.11%	5.50%	N/A
First Trust BICK Index	BICK	Diversified Emerging Mkts	First Trust	0.00%	6.56%	6.25%	10.24%	N/A
PIMCO Build America Bond Strategy ETF	BABZ	Long-Term Bond	PIMCO	0.00%	2.44%	10.00%	9.74%	N/A
PIMCO Investment Grade Corp Bd Index ETF	CORP	Intermediate-Term Bond	PIMCO	0.00%	3.55%	10.24%	10.66%	N/A
PIMCO 0-5 Year Hi Yld Corp Bond Idx ETF	HYS	High Yield Bond	PIMCO	0.00%	3.13%	8.04%	14.71%	N/A
ProShares Ultra MSCI Mexico	UMX	Trading-Leveraged Equity	ProShares	0.00%	13.07%	44.45%	76.39%	N/A
ProShares Ultra MSCI Europe	UPV	Trading-Leveraged Equity	ProShares	0.00%	16.77%	20.49%	30.73%	N/A
ProShares Ultra MSCI Pacific ex-Japan	UXJ	Trading-Leveraged Equity	ProShares	0.00%	19.78%	30.66%	48.57%	N/A
ProShares Ultra MSCI Brazil	UBR	Trading-Leveraged Equity	ProShares	0.00%	7.12%	(12.97%)	3.31%	N/A
Teucrium Corn	CORN	Commodities Agriculture	Teucrium	0.00%	15.01%	15.34%	21.41%	N/A
PowerShares International Corporate Bond	PICB	World Bond	PowerShares	0.00%	7.36%	11.53%	13.02%	N/A
UBS E-TRACS Alerian MLP Infrastrctr ETN	MLPI	Equity Energy	UBS AG	0.00%	8.47%	6.81%	24.38%	N/A
Global X Brazil Mid Cap ETF	BRAZ	Latin America Stock	Global X Funds	0.00%	2.11%	8.64%	21.80%	N/A
Global X Brazil Financials ETF	BRAF	Latin America Stock	Global X Funds	0.00%	15.94%	2.15%	13.64%	N/A
Global X Brazil Consumer ETF	BRAQ	Latin America Stock	Global X Funds	0.00%	15.41%	25.13%	37.97%	N/A
Credit Suisse Cushing 30 MLP Index ETN	MLPN	Equity Energy	Credit Suisse AG	0.00%	9.68%	4.24%	20.40%	N/A
Direxion Daily Russia Bull 3X Shares	RUSL	Trading-Leveraged Equity	Direxion Funds	0.00%	25.80%	0.84%	1.43%	N/A
Direxion Daily Nat Gas Rltd Bear 3X Shrs	GASX	Trading-Inverse Equity	Direxion Funds	0.00%	(26.34%)	(27.59%)	(51.01%)	N/A
Direxion Daily Agribusiness Bear 3X Shrs	COWS	Trading-Inverse Equity	Direxion Funds	0.00%	(22.34%)	(30.21%)	(29.23%)	N/A
Direxion Daily Nat Gas Rltd Bull 3X Shrs	GASL	Trading-Leveraged Equity	Direxion Funds	0.00%	13.16%	(28.23%)	(17.58%)	N/A
Direxion Daily Gold Miners Bull 3X Shrs	NUGT	Trading-Leveraged Equity	Direxion Funds	0.00%	62.27%	(9.45%)	(36.44%)	N/A
Direxion Daily Agribusiness Bull 3X Shrs	COWL	Trading-Leveraged Equity	Direxion Funds	0.00%	18.88%	10.64%	(26.62%)	N/A
Direxion Daily Russia Bear 3X Shares	RUSS	Trading-Inverse Equity	Direxion Funds	0.00%	(38.92%)	(53.69%)	(75.71%)	N/A
Schwab Intermediate-Term U.S. Trsy ETF	SCHR	Intermediate Government	Schwab Funds	0.00%	0.76%	2.36%	3.45%	N/A
Schwab Short-Term U.S. Treasury ETF	SCHO	Short Government	Schwab Funds	0.00%	0.21%	0.18%	0.33%	N/A
Schwab U.S. TIPS ETF	SCHP	Inflation-Protected Bond	Schwab Funds	0.00%	2.05%	5.95%	8.77%	N/A
Claymore/Delta Global Shipping	SEA	Industrials	Claymore Securities	0.00%	13.16%	13.16%	77.62%	N/A
Global X Waste Management ETF	WSTE	Industrials	Global X Funds	0.00%	(1.31%)	9.34%	N/A	N/A
Global X Uranium ETF	URA	Natural Resources	Global X Funds	0.00%	2.55%	(6.13%)	(3.29%)	N/A
Global X Lithium ETF	LIT	Natural Resources	Global X Funds	0.00%	3.76%	7.82%	14.76%	N/A
Global X Food ETF	EATX	Consumer Defensive	Global X Funds	0.00%	(1.01%)	1.16%	N/A	N/A
Global X Fishing ETF	FISN	Natural Resources	Global X Funds	0.00%	3.70%	9.81%	N/A	N/A
Global X Aluminum ETF	ALUM	Natural Resources	Global X Funds	0.00%	1.98%	(0.96%)	(4.05%)	N/A
ProShares UltraShort 3-7 Year Treasury	TBZ	Trading-Inverse Debt	ProShares	0.00%	(1.75%)	(4.92%)	(8.30%)	N/A
ALPS Alerian MLP ETF	AMLP	Equity Energy	ALPS	0.00%	5.30%	4.25%	15.53%	N/A
PowerShares DB 3x Sht 25+ Yr Trsy Bd ETN	SBND	Trading-Inverse Debt	Deutsche Bank	0.00%	(1.84%)	(20.51%)	(26.04%)	N/A
PowerShares DB 3x Lng 25+ Yr Trsy Bd ETN	LBND	Trading-Leveraged Debt	Deutsche Bank	0.00%	(0.84%)	9.06%	12.83%	N/A
Teucrium Sugar	CANE	Commodities Agriculture	Teucrium	0.00%	(4.01%)	(19.71%)	(24.44%)	N/A
Teucrium Soybean	SOYB	Commodities Agriculture	Teucrium	0.00%	9.02%	20.49%	20.11%	N/A
Teucrium Wheat	WEAT	Commodities Agriculture	Teucrium	0.00%	10.72%	9.29%	7.84%	N/A
Teucrium WTI Crude Oil	CRUD	Commodities Energy	Teucrium	0.00%	4.89%	(9.79%)	5.61%	N/A
Vanguard Global ex-US Real Estate ETF	VNQI	Global Real Estate	Vanguard	0.00%	9.13%	28.17%	31.44%	N/A
Vanguard S&P 500 ETF	VOO	Large Blend	Vanguard	0.00%	6.39%	16.46%	30.03%	N/A
Vanguard S&P 500 Growth Index ETF	VOOG	Large Growth	Vanguard	0.00%	6.29%	16.67%	28.38%	N/A
Vanguard S&P Mid-Cap 400 Value Index ETF	IVOV	Mid-Cap Value	Vanguard	0.00%	4.82%	12.65%	30.99%	N/A
Vanguard S&P 500 Value Index ETF	VOOV	Large Value	Vanguard	0.00%	6.27%	15.22%	30.34%	N/A
Vanguard S&P Mid-Cap 400 Growth Idx ETF	IVOG	Mid-Cap Growth	Vanguard	0.00%	6.08%	13.93%	25.55%	N/A
Vanguard S&P Mid-Cap 400 Index ETF	IVOO	Mid-Cap Blend	Vanguard	0.00%	5.38%	13.68%	26.75%	N/A
Vanguard S&P Small-Cap 600 Value Idx ETF	VIOV	Small Value	Vanguard	0.00%	7.13%	14.47%	36.05%	N/A
Vanguard S&P Small-Cap 600 Gr Idx ETF	VIOG	Small Growth	Vanguard	0.00%	3.94%	12.38%	30.31%	N/A
Vanguard S&P Small-Cap 600 Index ETF	VIOO	Small Blend	Vanguard	0.00%	5.84%	13.16%	33.36%	N/A
Vanguard Russell 1000 Growth Index ETF	VONG	Large Growth	Vanguard	0.00%	6.15%	16.47%	28.44%	N/A
Vanguard Russell 1000 Index ETF	VONE	Large Blend	Vanguard	0.00%	6.79%	16.22%	29.72%	N/A
Vanguard Russell 1000 Value Index ETF	VONV	Large Value	Vanguard	0.00%	7.05%	15.31%	30.60%	N/A
Vanguard Russell 2000 Growth Index ETF	VTWG	Small Growth	Vanguard	0.00%	5.03%	14.15%	31.37%	N/A
Vanguard Russell 2000 Index ETF	VTWO	Small Blend	Vanguard	0.00%	5.11%	14.23%	31.78%	N/A
Vanguard Russell 2000 Value Index ETF	VTWV	Small Value	Vanguard	0.00%	6.15%	13.87%	32.93%	N/A
Vanguard Russell 3000 Index ETF	VTHR	Large Blend	Vanguard	0.00%	6.46%	15.89%	30.06%	N/A
UBS E-TRACS 2x Long Alerian MLP Infr ETN	MLPL	Trading-Leveraged Equity	UBS AG	0.00%	17.16%	12.67%	51.08%	N/A
Cambria Global Tactical ETF	GTAA	Moderate Allocation	AdvisorShares	0.00%	3.85%	4.43%	3.37%	N/A
UBS E-TRACS Alerian Natural Gas MLP ETN	MLPG	Equity Energy	UBS AG	0.00%	9.08%	7.58%	19.54%	N/A
Active Bear ETF	HDGE	Bear Market	AdvisorShares	0.00%	(9.95%)	(16.07%)	(27.18%)	N/A
SPDR S&P Global Natural Resources	GNR	Natural Resources	State Street Global Advisors	0.00%	6.71%	4.69%	13.72%	N/A
iPath Inverse S&P 500 VIX ST Fut ETN	XXV	Volatility	Barclays Bank PLC	0.00%	3.03%	14.27%	26.71%	N/A
Russell Aggressive Growth ETF	AGRG	Large Growth	Russell	0.00%	8.88%	18.60%	29.76%	N/A
Russell Consistent Growth ETF	CONG	Large Growth	Russell	0.00%	10.47%	18.09%	30.57%	N/A
Russell Growth at a Reasonable Price ETF	GRPC	Large Growth	Russell	0.00%	8.73%	12.41%	21.18%	N/A
Russell Contrarian ETF	CNTR	Large Value	Russell	0.00%	10.14%	14.91%	24.94%	N/A
Russell Equity Income ETF	EQIN	Large Value	Russell	0.00%	5.79%	13.50%	25.97%	N/A
Russell Low P/E ETF	LWPE	Large Value	Russell	0.00%	12.34%	13.62%	26.33%	N/A
First Trust NASDAQ CEA Smartphone Idx	FONE	Communications	First Trust	0.00%	4.29%	(0.84%)	3.91%	N/A
iPath US Treasury 10-year Bear ETN	DTYS	Trading-Inverse Debt	Barclays Bank PLC	0.00%	(5.34%)	(19.16%)	(24.03%)	N/A
iPath US Treasury 10-year Bull ETN	DTYL	Trading-Leveraged Debt	Barclays Bank PLC	0.00%	2.00%	8.34%	12.09%	N/A
iPath US Treasury 2-year Bear ETN	DTUS	Trading-Inverse Debt	Barclays Bank PLC	0.00%	(2.18%)	(2.91%)	(3.70%)	N/A
iPath US Treasury 2-year Bull ETN	DTUL	Trading-Leveraged Debt	Barclays Bank PLC	0.00%	(0.33%)	0.12%	0.65%	N/A
iPath US Treasury Flattener ETN	FLAT	Trading-Miscellaneous	Barclays Bank PLC	0.00%	0.82%	8.33%	10.76%	N/A
iPath US Treasury Long Bond Bear ETN	DLBS	Trading-Inverse Debt	Barclays Bank PLC	0.00%	(1.30%)	(12.87%)	(17.00%)	N/A
iPath US Treasury Long Bond Bull ETN	DLBL	Trading-Leveraged Debt	Barclays Bank PLC	0.00%	0.38%	5.58%	8.09%	N/A
iPath US Treasury Steepener ETN	STPP	Trading-Miscellaneous	Barclays Bank PLC	0.00%	(2.15%)	(13.38%)	(17.03%)	N/A
Barclays S&P 500 Dynamic VEQTOR ETN	VQT	Multialternative	Barclays Bank PLC	0.00%	0.09%	3.61%	5.48%	N/A
iShares Barclays 0-5 Year TIPS Bond	STIP	Inflation-Protected Bond	iShares	0.00%	0.99%	1.80%	2.57%	N/A
UBS E-TRACS 1x Shrt Alerian MLP Infr ETN	MLPS	Trading-Inverse Equity	UBS AG	0.00%	(9.74%)	(10.96%)	(24.79%)	N/A
ProShares RAFI Long/Short	RALS	Market Neutral	ProShares	0.00%	0.89%	(3.39%)	(2.75%)	N/A
JPMorgan 2X Short US Long Trsy Fut ETN	DSTJ	Trading-Inverse Debt	JPMorgan	0.00%	3.39%	(7.46%)	(12.04%)	N/A
JPMorgan 2X Short US 10 Yr Trsy Fut ETN	DSXJ	Trading-Inverse Debt	JPMorgan	0.00%	(2.19%)	(7.65%)	(10.92%)	N/A
Credit Suisse Merger Arbi Liquid Idx ETN	CSMA	Market Neutral	Credit Suisse AG	0.00%	(0.71%)	(6.62%)	(3.16%)	N/A
Global X Gold Explorers ETF	GLDX	Equity Precious Metals	Global X Funds	0.00%	23.23%	(12.65%)	(16.03%)	N/A
iShares Intnl Inflation-Linked Bond Fund	ITIP	World Bond	iShares	0.00%	5.88%	8.14%	8.28%	N/A
iShares Glob Inflation-Linked Bond Fund	GTIP	World Bond	iShares	0.00%	3.24%	4.34%	6.49%	N/A
PowerShares KBW International Financial	KBWX	Financial	PowerShares	0.00%	13.37%	12.00%	22.31%	N/A
PowerShares KBW Hi Div Yield Financial	KBWD	Financial	PowerShares	0.00%	4.67%	19.97%	30.36%	N/A
PowerShares KBW Prem Yield Equity REIT	KBWY	Real Estate	PowerShares	0.00%	4.97%	22.04%	32.82%	N/A
PowerShares KBW Prop & Casuality Insur	KBWP	Miscellaneous Sector	PowerShares	0.00%	4.84%	21.64%	38.24%	N/A
Guggenheim Russell MidCap Equal Weight	EWRM	Mid-Cap Blend	Guggenheim Investments	0.00%	5.84%	12.37%	26.55%	N/A
Guggenheim Russell 1000 Equal Weight	EWRI	Mid-Cap Blend	Guggenheim Investments	0.00%	6.12%	12.85%	27.01%	N/A
Guggenheim Russell 2000 Equal Weight	EWRS	Small Blend	Guggenheim Investments	0.00%	5.81%	13.16%	28.51%	N/A
Guggenheim MSCI EAFE Equal Weight	EWEF	Foreign Large Blend	Guggenheim Investments	0.00%	5.70%	8.84%	7.99%	N/A
Guggenheim MSCI Emerging Markets Eq Wt	EWEM	Diversified Emerging Mkts	Guggenheim Investments	0.00%	6.18%	9.68%	19.18%	N/A
Market Vectors LatAm Aggregate Bond ETF	BONO	Emerging Markets Bond	Van Eck	0.00%	4.16%	11.44%	15.24%	N/A
Market Vectors Rare Earth/Str Metals ETF	REMX	Natural Resources	Van Eck	0.00%	(5.04%)	(12.80%)	(10.07%)	N/A
UBS E-TRACS MLP Wells Fargo ETN	MLPW	Equity Energy	UBS AG	0.00%	8.82%	10.65%	25.63%	N/A
ProShares Hedge Replication ETF	HDG	Multialternative	ProShares	0.00%	1.30%	1.59%	5.00%	N/A
DBX MSCI Japan Hedged Equity ETF	DBJP	Japan Stock	Deutsche Bank	0.00%	(5.91%)	0.47%	(2.97%)	N/A
DBX MSCI Canada Hedged Equity ETF	DBCN	Foreign Large Blend	Deutsche Bank	0.00%	3.28%	6.34%	4.24%	N/A
DBX MSCI Brazil Hedged Equity ETF	DBBR	Latin America Stock	Deutsche Bank	0.00%	(0.14%)	(6.32%)	(0.57%)	N/A
DBX MSCI EAFE Hedged Equity ETF	DBEF	Foreign Large Blend	Deutsche Bank	0.00%	2.35%	10.39%	12.42%	N/A
DBX MSCI Emerging Mkts Hdgd Equity ETF	DBEM	Diversified Emerging Mkts	Deutsche Bank	0.00%	0.49%	3.02%	7.63%	N/A
PowerShares S&P 500 Low Volatility	SPLV	Large Value	PowerShares	0.00%	2.87%	11.06%	22.60%	N/A
PowerShares S&P 500 High Beta	SPHB	Mid-Cap Value	PowerShares	0.00%	8.53%	10.79%	26.56%	N/A
ProShares VIX Mid-Term Futures ETF	VIXM	Volatility	ProShares	0.00%	(24.36%)	(43.80%)	(53.43%)	N/A
ProShares VIX Short-Term Futures ETF	VIXY	Volatility	ProShares	0.00%	(40.53%)	(74.62%)	(83.22%)	N/A
C-Tracks Citi Volatility Index TR ETN	CVOL	Volatility	Citigroup	0.00%	(56.65%)	(84.97%)	(94.28%)	N/A
Huntington US Equity Rotation Strat ETF	HUSE	Large Blend	Huntington Strategy Shares	0.00%	N/A	N/A	N/A	N/A
SPDR Barclays Capital EM Local Bond ETF	EBND	Emerging Markets Bond	State Street Global Advisors	0.00%	4.22%	9.93%	10.14%	N/A
SPDR S&P Emerging Markets Dividend	EDIV	Diversified Emerging Mkts	State Street Global Advisors	0.00%	(0.87%)	(2.43%)	6.75%	N/A
Global X Junior Miners ETF	JUNR	Foreign Small/Mid Growth	Global X Funds	0.00%	31.46%	15.16%	31.71%	N/A
Global X FTSE ASEAN 40 ETF	ASEA	Pacific/Asia ex-Japan Stk	Global X Funds	0.00%	6.12%	15.57%	25.20%	N/A
PIMCO Global Adv Inf-Linked Bond Str	ILB	World Bond	PIMCO	0.00%	5.62%	N/A	N/A	N/A
VelocityShares Daily Inverse VIX ST ETN	XIV	Volatility	Credit Suisse AG	0.00%	51.29%	161.44%	210.58%	N/A
VelocityShares Daily Inverse VIX MT ETN	ZIV	Volatility	Credit Suisse AG	0.00%	29.98%	62.11%	84.63%	N/A
VelocityShares Long VIX ST ETN	VIIX	Volatility	Credit Suisse AG	0.00%	(40.79%)	(74.65%)	(83.18%)	N/A
VelocityShares Long VIX MT ETN	VIIZ	Volatility	Credit Suisse AG	0.00%	(27.72%)	(43.66%)	(52.81%)	N/A
VelocityShares Daily 2x VIX ST ETN	TVIX	Volatility	Credit Suisse AG	0.00%	(69.03%)	(95.24%)	(98.30%)	N/A
VelocityShares Daily 2x VIX MT ETN	TVIZ	Volatility	Credit Suisse AG	0.00%	(43.82%)	(70.92%)	(80.79%)	N/A
iPath Long Enhanced MSCI Emerg Mkts ETN	EMLB	Trading-Leveraged Equity	Barclays Bank PLC	0.00%	17.38%	19.03%	43.50%	N/A
iPath Short Enhanced MSCI Emerg Mkts ETN	EMSA	Trading-Inverse Equity	Barclays Bank PLC	0.00%	0.00%	(9.43%)	(17.69%)	N/A
iPath Long Enhanced MSCI EAFE ETN	MFLA	Trading-Leveraged Equity	Barclays Bank PLC	0.00%	0.00%	29.55%	8.20%	N/A
iPath Short Enhanced MSCI EAFE ETN	MFSA	Trading-Inverse Equity	Barclays Bank PLC	0.00%	(29.73%)	(26.29%)	(30.27%)	N/A
iPath Long Extended Russell 1000 TR ETN	ROLA	Trading-Leveraged Equity	Barclays Bank PLC	0.00%	(14.28%)	0.40%	28.84%	N/A
iPath Short Extended Russell 1000 TR ETN	ROSA	Trading-Inverse Equity	Barclays Bank PLC	0.00%	(41.24%)	(46.79%)	(65.03%)	N/A
iPath Long Extended Russell 2000 TR ETN	RTLA	Trading-Leveraged Equity	Barclays Bank PLC	0.00%	13.23%	37.36%	127.17%	N/A
iPath Short Extended Russell 2000 TR ETN	RTSA	Trading-Inverse Equity	Barclays Bank PLC	0.00%	(33.33%)	(42.72%)	(49.20%)	N/A
iPath Long Extended S&P 500 TR ETN	SFLA	Trading-Leveraged Equity	Barclays Bank PLC	0.00%	14.80%	39.64%	91.92%	N/A
iPath Short Extended S&P 500 TR ETN	SFSA	Trading-Inverse Equity	Barclays Bank PLC	0.00%	(47.08%)	(59.25%)	(65.83%)	N/A
iPath Long Enhan S&P 500 VIX MT Fut ETN	VZZ	Volatility	iPath	0.00%	(24.36%)	(52.42%)	N/A	N/A
UBS E-TRACS Daily Long-Short VIX ETN	XVIX	Volatility	UBS AG	0.00%	(3.64%)	4.02%	2.43%	N/A
ETFS Physical White Metals Basket Shares	WITE	Commodities Precious Metals	ETF Securities Ltd	0.00%	19.95%	18.64%	11.91%	N/A
Direxion Daily Total Mkt Bear 1X Shares	TOTS	Trading-Inverse Debt	Direxion Funds	0.00%	(6.55%)	(14.94%)	(23.95%)	N/A
Direxion NASDAQ-100 Equal Wtd Idx Shrs	QQQE	Large Growth	Direxion Funds	0.00%	4.95%	N/A	N/A	N/A
Madrona Global Bond ETF	FWDB	World Bond	AdvisorShares	0.00%	3.21%	6.94%	8.90%	N/A
Madrona International ETF	FWDI	Foreign Large Blend	AdvisorShares	0.00%	7.78%	10.74%	15.39%	N/A
Madrona Domestic ETF	FWDD	Large Growth	AdvisorShares	0.00%	6.25%	14.00%	23.89%	N/A
RBS US Large Cap Trendpilot ETN	TRND	Large Blend	Royal Bank of Scotland NV	0.00%	6.70%	15.79%	15.61%	N/A
Focus Morningstar Energy ETF	FEG	Equity Energy	FocusShares	0.00%	(2.35%)	0.94%	(7.26%)	N/A
Focus Morningstar Consumer Defensive ETF	FCD	Consumer Defensive	FocusShares	0.00%	3.73%	10.58%	16.46%	N/A
Focus Morningstar Consumer Cyclical ETF	FCL	Consumer Cyclical	FocusShares	0.00%	(5.57%)	11.08%	6.81%	N/A
Focus Morningstar Communications Srv ETF	FCQ	Communications	FocusShares	0.00%	11.06%	24.24%	18.58%	N/A
Focus Morningstar Basic Materials ETF	FBM	Industrials	FocusShares	0.00%	(4.44%)	5.06%	(11.74%)	N/A
Focus Morningstar Small Cap ETF	FOS	Small Blend	FocusShares	0.00%	(4.12%)	7.01%	1.38%	N/A
Focus Morningstar Mid Cap ETF	FMM	Mid-Cap Blend	FocusShares	0.00%	(4.19%)	7.44%	1.21%	N/A
Focus Morningstar Large Cap ETF	FLG	Large Blend	FocusShares	0.00%	(0.30%)	11.57%	10.11%	N/A
Focus Morningstar Utilities ETF	FUI	Utilities	FocusShares	0.00%	7.56%	6.77%	17.47%	N/A
Focus Morningstar Technology ETF	FTQ	Technology	FocusShares	0.00%	(5.18%)	11.99%	8.29%	N/A
Focus Morningstar Real Estate ETF	FRL	Real Estate	FocusShares	0.00%	3.39%	17.96%	13.42%	N/A
Focus Morningstar Industrials ETF	FIL	Industrials	FocusShares	0.00%	(3.01%)	6.64%	4.52%	N/A
Focus Morningstar Health Care ETF	FHC	Health	FocusShares	0.00%	3.61%	13.46%	16.07%	N/A
Focus Morningstar Financial Services ETF	FFL	Financial	FocusShares	0.00%	(5.48%)	12.29%	0.94%	N/A
Focus Morningstar US Market ETF	FMU	Large Blend	FocusShares	0.00%	(0.97%)	10.86%	8.05%	N/A
Vanguard Total Intl Stock Idx ETF	VXUS	Foreign Large Blend	Vanguard	0.00%	6.43%	9.91%	15.09%	N/A
RBS US Mid Cap Trendpilot ETN	TRNM	Mid-Cap Blend	Royal Bank of Scotland NV	0.00%	5.40%	7.53%	7.33%	N/A
RBS Gold Trendpilot ETN	TBAR	Commodities Precious Metals	Royal Bank of Scotland NV	0.00%	7.39%	10.37%	6.22%	N/A
FactorShares 2X: S&P500 Bull/TBond Bear	FSE	Long/Short Equity	Factor Capital Management, LLC	0.00%	9.14%	(0.79%)	8.52%	N/A
FactorShares 2X: TBond Bull/S&P500 Bear	FSA	Long/Short Equity	Factor Capital Management, LLC	0.00%	(26.08%)	(37.03%)	(53.14%)	N/A
FactorShares 2X: S&P500 Bull/USD Bear	FSU	Long/Short Equity	Factor Capital Management, LLC	0.00%	22.18%	24.37%	30.42%	N/A
FactorShares 2X: Oil Bull/S&P500 Bear	FOL	Long/Short Equity	Factor Capital Management, LLC	0.00%	(6.00%)	(51.15%)	(43.33%)	N/A
FactorShares 2X: Gold Bull/S&P500 Bear	FSG	Long/Short Equity	Factor Capital Management, LLC	0.00%	4.28%	(13.40%)	(38.15%)	N/A
PowerShares Senior Loan Port	BKLN	Bank Loan	PowerShares	0.00%	3.53%	8.70%	14.13%	N/A
Credit Suisse 2X Merger Arbi Lqd Idx ETN	CSMB	Long/Short Equity	Credit Suisse AG	0.00%	(1.46%)	(7.72%)	(7.06%)	N/A
ProShares Ultra High Yield	UJB	Trading-Leveraged Debt	ProShares	0.00%	8.85%	17.81%	38.58%	N/A
ProShares Ultra Investment Grade Corp	IGU	Trading-Leveraged Debt	ProShares	0.00%	8.87%	23.29%	25.43%	N/A
Market Vectors Germany Small-Cap ETF	GERJ	Europe Stock	Van Eck	0.00%	11.25%	21.74%	18.78%	N/A
Market Vectors Russia Small-Cap ETF	RSXJ	Europe Stock	Van Eck	0.00%	8.20%	(4.05%)	(2.68%)	N/A
Guggenheim ABC High Dividend	ABCS	Foreign Large Value	Guggenheim Investments	0.00%	(1.81%)	(1.21%)	9.84%	N/A
Guggenheim Yuan Bond	RMB	Emerging Markets Bond	Guggenheim Investments	0.00%	1.12%	2.14%	2.42%	N/A
SPDR Barclays Cap Issuer Scd Corp Bond	CBND	Long-Term Bond	State Street Global Advisors	0.00%	2.01%	7.88%	8.20%	N/A
TrimTabs Float Shrink ETF	TTFS	Mid-Cap Blend	AdvisorShares	0.00%	9.84%	16.36%	N/A	N/A
Direxion Daily 7-10 Yr Treasury Bear 1X	TYNS	Trading-Inverse Debt	Direxion Funds	0.00%	(0.25%)	(3.81%)	(5.81%)	N/A
Direxion Daily 20+ Year Treasury Bear 1X	TYBS	Trading-Inverse Debt	Direxion Funds	0.00%	(0.67%)	(6.28%)	(11.13%)	N/A
Direxion Daily Tot Bd Mkt Bear 1X Shares	SAGG	Trading-Inverse Debt	Direxion Funds	0.00%	(1.52%)	(3.52%)	(5.52%)	N/A
WisdomTree Asia Local Debt ETF	ALD	Emerging Markets Bond	WisdomTree	0.00%	2.82%	5.24%	7.20%	N/A
Morgan Stanley Cushing MLP Hi Income ETN	MLPY	Equity Energy	Morgan Stanley	0.00%	10.85%	10.14%	24.36%	N/A
Global X Canada Preferred ETF	CNPF	Miscellaneous Sector	Global X Funds	0.00%	4.77%	5.63%	14.18%	N/A
Global X Fertilizers/Potash ETF	SOIL	Natural Resources	Global X Funds	0.00%	9.59%	14.88%	18.44%	N/A
Global X Mexico Small-Cap ETF	MEXS	Latin America Stock	Global X Funds	0.00%	5.79%	14.07%	N/A	N/A
Global X SuperDividend ETF	SDIV	World Stock	Global X Funds	0.00%	5.92%	12.93%	21.61%	N/A
IQ Emerging Markets Mid Cap ETF	EMER	Diversified Emerging Mkts	IndexIQ	0.00%	5.97%	12.85%	18.92%	N/A
IQ Japan Mid Cap ETF	RSUN	Japan Stock	IndexIQ	0.00%	(7.16%)	N/A	N/A	N/A
IQ U.S. Real Estate Small Cap ETF	ROOF	Real Estate	IndexIQ	0.00%	8.63%	28.29%	44.80%	N/A
iShares S&P Intl Preferred Stock Index	IPFF	Miscellaneous Sector	iShares	0.00%	7.07%	9.53%	N/A	N/A
EGShares India Consumer	INCO	N/A	N/A	0.00%	N/A	N/A	N/A	N/A
EGShares Low Volatility EM Dividend ETF	HILO	Diversified Emerging Mkts	Emerging Global Advisors	0.00%	2.63%	5.83%	14.34%	N/A
Global X Auto ETF	VROM	Industrials	Global X Funds	0.00%	0.83%	7.66%	8.23%	N/A
Market Vectors CEF Municipal Income ETF	XMPT	Muni National Long	Van Eck	0.00%	6.07%	14.75%	22.24%	N/A
SPDR SSgA Multi-Asset Real Return ETF	RLY	Aggressive Allocation	State Street Global Advisors	0.00%	6.77%	N/A	N/A	N/A
SPDR SSgA Income Allocation ETF	INKM	Moderate Allocation	State Street Global Advisors	0.00%	3.66%	N/A	N/A	N/A
SPDR SSgA Global Allocation ETF	GAL	Moderate Allocation	State Street Global Advisors	0.00%	7.97%	N/A	N/A	N/A
QuantShares US Market Neutral Size ETF	SIZ	Market Neutral	FQF TRUST	0.00%	(0.06%)	(1.66%)	1.53%	N/A
QuantShares US Mkt Neut Anti-Momen ETF	NOMO	Market Neutral	FQF TRUST	0.00%	1.87%	(2.74%)	(11.29%)	N/A
iPath Pure Beta Broad Commodity ETN	BCM	Commodities Broad Basket	Barclays Bank PLC	0.00%	15.37%	7.77%	12.46%	N/A
iPath Pure Beta S&P GSCI-Weighted ETN	SBV	Commodities Broad Basket	Barclays Bank PLC	0.00%	10.75%	0.83%	8.58%	N/A
iPath Pure Beta Cocoa ETN	CHOC	Commodities Agriculture	Barclays Bank PLC	0.00%	21.74%	12.84%	(7.71%)	N/A
iPath Pure Beta Coffee ETN	CAFE	Commodities Agriculture	Barclays Bank PLC	0.00%	(0.34%)	(26.72%)	(29.62%)	N/A
iPath Pure Beta Cotton ETN	CTNN	Commodities Agriculture	Barclays Bank PLC	0.00%	3.54%	(21.26%)	(27.76%)	N/A
iPath Pure Beta Sugar ETN	SGAR	Commodities Agriculture	Barclays Bank PLC	0.00%	(4.01%)	(11.55%)	(17.87%)	N/A
iPath Pure Beta Aluminum ETN	FOIL	Commodities Industrial Metals	Barclays Bank PLC	0.00%	9.00%	(3.39%)	(9.11%)	N/A
iPath Pure Beta Copper ETN	CUPM	Commodities Industrial Metals	Barclays Bank PLC	0.00%	13.74%	7.57%	14.08%	N/A
iPath Pure Beta Lead ETN	LEDD	Commodities Industrial Metals	Barclays Bank PLC	0.00%	21.99%	2.88%	3.65%	N/A
iPath Pure Beta Nickel ETN	NINI	Commodities Industrial Metals	Barclays Bank PLC	0.00%	8.18%	(1.09%)	(3.86%)	N/A
iPath Pure Beta Crude Oil ETN	OLEM	Commodities Energy	Barclays Bank PLC	0.00%	7.08%	(10.26%)	9.46%	N/A
iPath Seasonal Natural Gas ETN	DCNG	Commodities Energy	Barclays Bank PLC	0.00%	5.07%	(11.02%)	(29.10%)	N/A
iPath Pure Beta Agriculture ETN	DIRT	Commodities Agriculture	Barclays Bank PLC	0.00%	9.39%	18.12%	18.93%	N/A
iPath Pure Beta Grains ETN	WEET	Commodities Agriculture	Barclays Bank PLC	0.00%	16.96%	28.22%	30.80%	N/A
iPath Pure Beta Softs ETN	GRWN	Commodities Agriculture	Barclays Bank PLC	0.00%	5.17%	(16.67%)	(22.75%)	N/A
iPath Pure Beta Industrial Metals ETN	HEVY	Commodities Industrial Metals	Barclays Bank PLC	0.00%	10.84%	4.66%	3.34%	N/A
iPath Pure Beta Energy ETN	ONG	Commodities Energy	Barclays Bank PLC	0.00%	9.97%	(7.91%)	4.04%	N/A
iPath Pure Beta Livestock ETN	LSTK	Commodities Agriculture	Barclays Bank PLC	0.00%	0.56%	(9.21%)	(9.79%)	N/A
iPath Pure Beta Precious Metals ETN	BLNG	Commodities Precious Metals	Barclays Bank PLC	0.00%	15.86%	12.46%	9.13%	N/A
Global X Farming ETF	BARN	Natural Resources	Global X Funds	0.00%	4.58%	7.19%	N/A	N/A
Schwab U.S. Aggregate Bond ETF	SCHZ	Intermediate-Term Bond	Schwab Funds	0.00%	1.39%	3.54%	4.77%	N/A
Rockledge SectorSAM ETF	SSAM	Market Neutral	AdvisorShares	0.00%	0.44%	N/A	N/A	N/A
iShares Floating Rate Note	FLOT	Short-Term Bond	iShares	0.00%	1.21%	3.70%	3.55%	N/A
UBS E-TRACS Wells Fargo Bus Dev Comp ETN	BDCS	Small Value	UBS AG	0.00%	8.84%	30.00%	38.35%	N/A
First Trust NASDAQ Global Auto Index	CARZ	Industrials	First Trust	0.00%	0.59%	7.03%	9.00%	N/A
First Trust Mega Cap Alphadex	FMK	Large Blend	First Trust	0.00%	5.98%	6.44%	17.91%	N/A
Guggenheim S&P SmallCap 600 Eq Wt	EWSM	Small Blend	Guggenheim Investments	0.00%	9.89%	14.50%	32.90%	N/A
Guggenheim S&P MidCap 400 Equal Weight	EWMD	Mid-Cap Blend	Guggenheim Investments	0.00%	4.98%	12.49%	28.65%	N/A
FlexShares Mstar Gbl Upstrm Nat Res ETF	GUNR	Natural Resources	Northern Trust	0.00%	7.81%	7.91%	16.80%	N/A
FlexShares Mstar Emrg Mkts Fct Tl Idx	TLTE	Diversified Emerging Mkts	Northern Trust	0.00%	N/A	N/A	N/A	N/A
FlexShares Mstar Dev Mk ex-US Fct Tl Idx	TLTD	Foreign Small/Mid Blend	Northern Trust	0.00%	N/A	N/A	N/A	N/A
Accuvest Global Opportunities ETF	ACCU	World Stock	AdvisorShares	0.00%	8.10%	N/A	N/A	N/A
UBS E-TRACS Oil Futures Contango ETN	OILZ	Trading-Miscellaneous	UBS AG	0.00%	0.61%	(0.36%)	3.03%	N/A
UBS E-TRACS Natural Gas Fut Contango ETN	GASZ	Trading-Miscellaneous	UBS AG	0.00%	(3.76%)	3.86%	9.19%	N/A
PowerShares Fundamental Pure Large Grow	PXLG	Large Growth	PowerShares	0.00%	10.79%	19.70%	31.90%	N/A
PowerShares Fundamental Pure Large Value	PXLV	Large Value	PowerShares	0.00%	12.67%	15.46%	30.32%	N/A
EGShares Basic Materials GEMS ETF	LGEM	Natural Resources	Emerging Global Advisors	0.00%	1.12%	(8.53%)	(6.08%)	N/A
EGShares Consumer Goods GEMS ETF	GGEM	Consumer Defensive	Emerging Global Advisors	0.00%	5.82%	12.86%	23.40%	N/A
EGShares Health Care GEMS ETF	HGEM	Health	Emerging Global Advisors	0.00%	18.29%	30.45%	27.59%	N/A
EGShares Industrials GEMS ETF	IGEM	N/A	N/A	0.00%	N/A	N/A	N/A	N/A
EGShares Technology GEMS ETF	QGEM	Technology	Emerging Global Advisors	0.00%	5.58%	12.52%	9.24%	N/A
EGShares Telecom GEMS ETF	TGEM	Communications	Emerging Global Advisors	0.00%	9.37%	14.93%	13.63%	N/A
EGShares Utilities GEMS ETF	UGEM	Utilities	Emerging Global Advisors	0.00%	3.04%	8.46%	16.85%	N/A
EGShares Consumer Services GEMS ETF	VGEM	Consumer Cyclical	Emerging Global Advisors	0.00%	5.26%	13.51%	24.18%	N/A
Meidell Tactical Advantage ETF	MATH	Moderate Allocation	AdvisorShares	0.00%	0.20%	3.39%	3.99%	N/A
First Trust ISE Cloud Computing Index	SKYY	Technology	First Trust	0.00%	6.37%	15.58%	24.82%	N/A
PIMCO Total Return ETF	BOND	Intermediate-Term Bond	PIMCO	0.00%	3.66%	N/A	N/A	N/A
QuantShares US Market Neut Anti-Beta ETF	BTAL	Market Neutral	FQF TRUST	0.00%	(2.83%)	(2.80%)	(9.79%)	N/A
QuantShares US Market Neut Quality ETF	QLT	Market Neutral	FQF TRUST	0.00%	(2.85%)	(6.06%)	(9.63%)	N/A
QuantShares US Mrkt Neut High Beta ETF	BTAH	Market Neutral	FQF TRUST	0.00%	2.56%	(2.89%)	1.92%	N/A
QuantShares US Market Neutral Value ETF	CHEP	Market Neutral	FQF TRUST	0.00%	0.08%	(5.08%)	(2.05%)	N/A
QuantShares US Market Neut Momentum ETF	MOM	Market Neutral	FQF TRUST	0.00%	0.12%	15.42%	7.10%	N/A
Market Vectors Intl High Yield Bond ETF	IHY	World Bond	Van Eck	0.00%	10.34%	N/A	N/A	N/A
iPath Long Enh S&P 500 VIX MT Fut ETN II	VZZB	Volatility	Barclays Bank PLC	0.00%	(53.18%)	(72.89%)	(79.51%)	N/A
iPath US Treasury 5-year Bull ETN	DFVL	Trading-Leveraged Debt	Barclays Bank PLC	0.00%	1.91%	8.41%	8.41%	N/A
iPath US Treasury 5-year Bear ETN	DFVS	Trading-Inverse Debt	Barclays Bank PLC	0.00%	(4.56%)	(10.06%)	(14.30%)	N/A
MAXIS Nikkei 225 Index ETF	NKY	Japan Stock	Precidian Funds LLC	0.00%	0.29%	5.28%	3.69%	N/A
SPDR S&P Small Cap Em Asia Pacific ETF	GMFS	Pacific/Asia ex-Japan Stk	State Street Global Advisors	0.00%	5.61%	N/A	N/A	N/A
iPath S&P 500 Dynamic VIX ETN	XVZ	Volatility	Barclays Bank PLC	0.00%	(7.32%)	(6.70%)	(16.35%)	N/A
UBS E-TRACS Dly Sh 1Mo S&P500 VIX Fu ETN	AAVX	Volatility	UBS AG	0.00%	49.43%	105.87%	N/A	N/A
UBS E-TRACS Dly Sh 2Mo S&P500 VIX Fu ETN	BBVX	N/A	N/A	0.00%	N/A	N/A	N/A	N/A
UBS E-TRACS Dly Sh 3Mo S&P500 VIX Fu ETN	CCVX	Volatility	UBS AG	0.00%	29.60%	45.09%	N/A	N/A
UBS E-TRACS Dly Sh 4Mo S&P500 VIX Fu ETN	DDVX	Volatility	UBS AG	0.00%	22.10%	42.88%	N/A	N/A
UBS E-TRACS Dly Sh 5Mo S&P500 VIX Fu ETN	EEVX	Volatility	UBS AG	0.00%	17.06%	30.19%	N/A	N/A
UBS E-TRACS Dly Sh 6Mo S&P500 VIX Fu ETN	FFVX	Volatility	UBS AG	0.00%	10.41%	23.49%	N/A	N/A
UBS E-TRACS 1Mo S&P 500 VIX Futures ETN	VXAA	Volatility	UBS AG	0.00%	(44.06%)	(68.21%)	N/A	N/A
UBS E-TRACS 2Mo S&P 500 VIX Futures ETN	VXBB	Volatility	UBS AG	0.00%	(32.44%)	(53.44%)	N/A	N/A
UBS E-TRACS 3Mo S&P 500 VIX Futures ETN	VXCC	Volatility	UBS AG	0.00%	(27.76%)	(42.03%)	N/A	N/A
UBS E-TRACS 4Mo S&P 500 VIX Futures ETN	VXDD	Volatility	UBS AG	0.00%	(23.33%)	(37.53%)	N/A	N/A
UBS E-TRACS 5Mo S&P 500 VIX Futures ETN	VXEE	Volatility	UBS AG	0.00%	(20.09%)	(30.91%)	N/A	N/A
UBS E-TRACS 6Mo S&P 500 VIX Futures ETN	VXFF	Volatility	UBS AG	0.00%	(13.66%)	(23.24%)	N/A	N/A
Global X Social Media Index ETF	SOCL	N/A	N/A	0.00%	N/A	N/A	N/A	N/A
PIMCO Australia Bond Index ETF	AUD	World Bond	PIMCO	0.00%	4.73%	8.79%	N/A	N/A
PIMCO Canada Bond Index ETF	CAD	World Bond	PIMCO	0.00%	5.62%	6.43%	N/A	N/A
PIMCO Germany Bond Index ETF	BUND	World Bond	PIMCO	0.00%	4.03%	4.06%	N/A	N/A
PowerShares KBW Bank	KBWB	Financial	PowerShares	0.00%	8.66%	27.52%	N/A	N/A
PowerShares KBW Capital Markets	KBWC	Financial	PowerShares	0.00%	9.21%	14.39%	N/A	N/A
PowerShares KBW Insurance	KBWI	Financial	PowerShares	0.00%	5.89%	10.48%	N/A	N/A
PowerShares KBW Regional Banking	KBWR	Financial	PowerShares	0.00%	3.53%	15.89%	N/A	N/A
FlexShares iBoxx 5Yr Target Dur TIPS ETF	TDTF	Inflation-Protected Bond	Northern Trust	0.00%	1.76%	4.74%	6.14%	N/A
Market Vectors Oil Services ETF	OIH	Equity Energy	Van Eck	0.00%	12.89%	5.07%	N/A	N/A
Market Vectors Pharmaceutical ETF	PPH	Health	Van Eck	0.00%	5.75%	12.78%	N/A	N/A
Market Vectors Retail ETF	RTH	Consumer Cyclical	Van Eck	0.00%	6.25%	20.58%	N/A	N/A
Market Vectors Semiconductor ETF	SMH	Technology	Van Eck	0.00%	(1.83%)	3.98%	N/A	N/A
Global X FTSE Greece 20 ETF	GREK	Europe Stock	Global X Funds	0.00%	20.99%	4.41%	N/A	N/A
Russell Small Cap Low P/E ETF	SCLP	Small Value	Russell	0.00%	8.25%	13.43%	N/A	N/A
Russell Small Cap Contrarian ETF	SCTR	Small Value	Russell	0.00%	6.04%	12.94%	N/A	N/A
Russell Developed ex-U.S. Low Beta ETF	XLBT	Foreign Large Value	Russell	0.00%	11.30%	5.54%	N/A	N/A
Russell Dev ex-U.S. Low Volatility ETF	XLVO	Foreign Large Value	Russell	0.00%	7.33%	11.11%	N/A	N/A
Russell Dev ex-U.S. High Momentum ETF	XHMO	Foreign Large Growth	Russell	0.00%	6.54%	10.93%	N/A	N/A
AdvisorShares Global Echo ETF	GIVE	Moderate Allocation	AdvisorShares	0.00%	2.17%	N/A	N/A	N/A
RBS Oil Trendpilot ETN	TWTI	Commodities Energy	Royal Bank of Scotland NV	0.00%	(4.83%)	(6.60%)	(2.48%)	N/A
Powershares Fundamental Inv Gr Corp Bond	PFIG	Intermediate-Term Bond	PowerShares	0.00%	2.08%	4.69%	6.90%	N/A
UBS E-TRACS ISE Solid State Drive ETN	SSDD	Technology	UBS AG	0.00%	11.19%	6.52%	24.93%	N/A
UBS E-TRACS 2x ISE Solid State Drive ETN	SSDL	Trading-Leveraged Equity	UBS AG	0.00%	21.15%	(1.60%)	28.37%	N/A
iPath Inverse S&P 500 VIX ST Fut ETN II	IVOP	Volatility	Barclays Bank PLC	0.00%	10.11%	56.07%	152.96%	N/A
Credit Suisse Market Neut Global Eq ETN	CSMN	Market Neutral	Credit Suisse AG	0.00%	3.53%	(1.95%)	(0.46%)	N/A
FlexShares Mstar US Mkt Factors Tilt ETF	TILT	Mid-Cap Blend	Northern Trust	0.00%	5.98%	15.03%	29.88%	N/A
FlexShares iBoxx 3Yr Target Dur TIPS ETF	TDTT	Inflation-Protected Bond	Northern Trust	0.00%	1.13%	2.56%	2.68%	N/A
PowerShares Chinese Yuan Dim Sum Bond	DSUM	Emerging Markets Bond	PowerShares	0.00%	2.31%	4.97%	4.15%	N/A
CurrencyShares Chinese Renminbi Trust	FXCH	Currency	Guggenheim Investments	0.00%	(0.44%)	(1.38%)	1.86%	N/A
ProShares Ultra VIX Short-Term Fut ETF	UVXY	Volatility	ProShares	0.00%	(68.58%)	(95.76%)	N/A	N/A
ProShares Short VIX Short-Term Fut ETF	SVXY	Volatility	ProShares	0.00%	49.99%	157.73%	N/A	N/A
UBS E-TRACS Mnthly 2x ISE Cloud Comp ETN	LSKY	Trading-Leveraged Equity	UBS AG	0.00%	13.06%	22.37%	N/A	N/A
ProShares Ultra DJ-UBS Natural Gas	BOIL	Trading-Leveraged Commodities	ProShares	0.00%	11.66%	(49.59%)	N/A	N/A
ProShares UltraShort DJ-UBS Natural Gas	KOLD	Trading-Inverse Commodities	ProShares	0.00%	(26.52%)	(7.60%)	N/A	N/A
Market Vectors Renminbi Bond ETF	CHLC	Emerging Markets Bond	Van Eck	0.00%	(2.02%)	(0.83%)	N/A	N/A
FlexShares Ready Access Variable Inc	RAVI	World Bond	Northern Trust	0.00%	N/A	N/A	N/A	N/A
RBS Global Big Pharma ETN	DRGS	Health	Royal Bank of Scotland NV	0.00%	6.59%	11.64%	N/A	N/A
Direxion All Cap Insider Sentiment Shrs	KNOW	Mid-Cap Blend	Direxion Funds	0.00%	10.24%	12.46%	N/A	N/A
Direxion Lg Cap Insider Sentiment Shares	INSD	Large Blend	Direxion Funds	0.00%	8.45%	9.40%	N/A	N/A
Direxion S&P 1500 RC Volatility Res Shrs	VSPR	Large Blend	Direxion Funds	0.00%	8.39%	N/A	N/A	N/A
Direxion S&P 500 RC Volatility Res Shrs	VSPY	Large Blend	Direxion Funds	0.00%	6.69%	N/A	N/A	N/A
Direxion S&P Lat Am 40 RC Volat Res Shrs	VLAT	Latin America Stock	Direxion Funds	0.00%	11.05%	N/A	N/A	N/A
Market Vectors Biotech ETF	BBH	Health	Van Eck	0.00%	14.74%	48.50%	N/A	N/A
Market Vectors Indonesia Small-Cap ETF	IDXJ	Pacific/Asia ex-Japan Stk	Van Eck	0.00%	(5.89%)	N/A	N/A	N/A
Powershares DB Inverse Jap Gov Bond ETN	JGBS	Trading-Inverse Debt	Deutsche Bank	0.00%	(0.67%)	(2.71%)	N/A	N/A
Powershares DB 3x Inver Jap Gov Bond ETN	JGBD	Trading-Inverse Debt	Deutsche Bank	0.00%	(1.81%)	(6.53%)	N/A	N/A
United States Copper	CPER	Commodities Industrial Metals	United States Commodity Funds LLC	0.00%	10.02%	5.62%	N/A	N/A
First Trust CBOE S&P 500 VIX Tail Hedge	VIXH	Aggressive Allocation	First Trust	0.00%	N/A	N/A	N/A	N/A
UBS E-TRACS Fisher-Gartman Risk On ETN	ONN	Long/Short Equity	UBS AG	0.00%	13.81%	13.50%	N/A	N/A
UBS E-TRACS Fisher-Gartman Risk Off ETN	OFF	Long/Short Equity	UBS AG	0.00%	(13.74%)	(16.43%)	N/A	N/A
SPDR Barclays Cap Inv Gr Floating Rt ETF	FLRN	Short-Term Bond	State Street Global Advisors	0.00%	2.40%	2.88%	N/A	N/A
PowerShares DB US Inflation ETN	INFL	Trading-Miscellaneous	Deutsche Bank	0.00%	3.35%	4.78%	N/A	N/A
PowerShares DB US Deflation ETN	DEFL	Trading-Miscellaneous	Deutsche Bank	0.00%	(4.46%)	(9.83%)	N/A	N/A
Global X NASDAQ 500 ETF	QQQV	Large Growth	Global X Funds	0.00%	8.09%	22.65%	N/A	N/A
Global X NASDAQ 400 Mid Cap ETF	QQQM	Mid-Cap Growth	Global X Funds	0.00%	8.95%	16.41%	N/A	N/A
PowerShares S&P Intl Dev High Beta	IDHB	Foreign Large Value	PowerShares	0.00%	19.63%	N/A	N/A	N/A
PowerShares S&P Intl Dev Low Volatility	IDLV	Foreign Large Value	PowerShares	0.00%	6.87%	N/A	N/A	N/A
PowerShares S&P Emerging MktsHigh Beta	EEHB	Diversified Emerging Mkts	PowerShares	0.00%	7.37%	N/A	N/A	N/A
First Trust Australia AlphaDEX	FAUS	Pacific/Asia ex-Japan Stk	First Trust	0.00%	8.78%	N/A	N/A	N/A
First Trust Canada AlphaDEX	FCAN	Foreign Large Value	First Trust	0.00%	9.45%	N/A	N/A	N/A
First Trust Germany AlphaDEX	FGM	Europe Stock	First Trust	0.00%	6.85%	N/A	N/A	N/A
First Trust Hong Kong AlphaDEX	FHK	China Region	First Trust	0.00%	9.91%	N/A	N/A	N/A
First Trust Switzerland AlphaDEX	FSZ	Europe Stock	First Trust	0.00%	8.31%	N/A	N/A	N/A
First Trust Taiwan AlphaDEX	FTW	China Region	First Trust	0.00%	8.56%	N/A	N/A	N/A
First Trust Dev Mkts ex-US SC AlphaDEX	FDTS	Foreign Small/Mid Value	First Trust	0.00%	8.06%	N/A	N/A	N/A
ProShares UltraPro 10 Yr TIPS/TSY Sp	UINF	Trading-Miscellaneous	ProShares	0.00%	4.38%	N/A	N/A	N/A
iShares Aaa - A Rated Corporate Bond	QLTA	Long-Term Bond	iShares	0.00%	3.46%	N/A	N/A	N/A
iShares Barclays CMBS Bond	CMBS	Intermediate-Term Bond	iShares	0.00%	3.19%	N/A	N/A	N/A
iShares Barclays GNMA Bond	GNMA	Intermediate Government	iShares	0.00%	0.65%	N/A	N/A	N/A
iShares Barclays U.S. Treasury Bond	GOVT	Intermediate Government	iShares	0.00%	0.48%	N/A	N/A	N/A
iShares Financials Sector Bond	MONY	Intermediate-Term Bond	iShares	0.00%	4.47%	N/A	N/A	N/A
iShares Industrials Sector Bond	ENGN	Long-Term Bond	iShares	0.00%	3.24%	N/A	N/A	N/A
iShares MSCI AC Asia ex Japan Small Cap	AXJS	Pacific/Asia ex-Japan Stk	iShares	0.00%	8.79%	N/A	N/A	N/A
iShares MSCI AC Asia Information Tech	AAIT	Technology	iShares	0.00%	4.37%	N/A	N/A	N/A
iShares MSCI Australia Small Cap	EWAS	Pacific/Asia ex-Japan Stk	iShares	0.00%	13.07%	N/A	N/A	N/A
iShares MSCI Denmark Cppd Investable Mkt	EDEN	Europe Stock	iShares	0.00%	11.04%	N/A	N/A	N/A
iShares MSCI Emerging Markets Asia	EEMA	Pacific/Asia ex-Japan Stk	iShares	0.00%	6.67%	N/A	N/A	N/A
iShares MSCI Emerging Markets Cons Disc	EMDI	Consumer Cyclical	iShares	0.00%	10.19%	N/A	N/A	N/A
iShares MSCI Emerging Markets EMEA	EEME	Diversified Emerging Mkts	iShares	0.00%	8.74%	N/A	N/A	N/A
iShares MSCI EM Energy Sector Capped	EMEY	Equity Energy	iShares	0.00%	13.38%	N/A	N/A	N/A
iShares MSCI Emerging Markets Growth	EGRW	Diversified Emerging Mkts	iShares	0.00%	6.04%	N/A	N/A	N/A
iShares MSCI Emerging Markets Latin Amer	EEML	Latin America Stock	iShares	0.00%	4.25%	N/A	N/A	N/A
iShares MSCI Emerging Markets Value	EVAL	Diversified Emerging Mkts	iShares	0.00%	8.40%	N/A	N/A	N/A
iShares MSCI Finland Capped Inv Mkt	EFNL	Europe Stock	iShares	0.00%	9.38%	N/A	N/A	N/A
iShares MSCI Germany Small Cap	EWGS	Europe Stock	iShares	0.00%	8.07%	N/A	N/A	N/A
iShares MSCI Global Agriculture Prod	VEGI	Natural Resources	iShares	0.00%	5.70%	N/A	N/A	N/A
iShares MSCI Global Energy Producers	FILL	Equity Energy	iShares	0.00%	8.11%	N/A	N/A	N/A
iShares MSCI Global Gold Miners	RING	Equity Precious Metals	iShares	0.00%	17.65%	N/A	N/A	N/A
iShares MSCI Gbl Sel Metals & Mining Prd	PICK	Natural Resources	iShares	0.00%	3.01%	N/A	N/A	N/A
iShares MSCI Global Silver Miners	SLVP	N/A	N/A	0.00%	N/A	N/A	N/A	N/A
iShares MSCI Hong Kong Small Cap	EWHS	China Region	iShares	0.00%	9.48%	N/A	N/A	N/A
iShares MSCI India Index	INDA	India Equity	iShares	0.00%	12.59%	N/A	N/A	N/A
iShares MSCI India Small Cap	SMIN	N/A	N/A	0.00%	N/A	N/A	N/A	N/A
iShares MSCI United Kingdom Small Cap	EWUS	Europe Stock	iShares	0.00%	17.34%	N/A	N/A	N/A
iShares MSCI World	URTH	World Stock	iShares	0.00%	10.20%	N/A	N/A	N/A
iShares Utilities Sector Bond	AMPS	Long-Term Bond	iShares	0.00%	3.21%	N/A	N/A	N/A
AdvisorShares Global Alpha & Beta ETF	RRGR	World Allocation	AdvisorShares	0.00%	N/A	N/A	N/A	N/A
Arrow Dow Jones Global Yield ETF	GYLD	World Allocation	ArrowShares	0.00%	7.30%	N/A	N/A	N/A
First Trust Emerging Markets SC AlphaDEX	FEMS	Diversified Emerging Mkts	First Trust	0.00%	10.58%	N/A	N/A	N/A
First Trust United Kingdom AlphaDEX	FKU	Europe Stock	First Trust	0.00%	9.08%	N/A	N/A	N/A
Global X Permanent ETF	PERM	Moderate Allocation	Global X Funds	0.00%	4.89%	N/A	N/A	N/A
Market Vectors Unconventl Oil & Gas ETF	FRAK	Equity Energy	Van Eck	0.00%	12.22%	N/A	N/A	N/A
iShares MSCI Canada Small Cap Index Fund	EWCS	Foreign Small/Mid Value	iShares	0.00%	13.22%	N/A	N/A	N/A
PowerShares S&P Emerging Markets Low Vol	EELV	Diversified Emerging Mkts	PowerShares	0.00%	3.66%	N/A	N/A	N/A
ProShares UltraPro Shr 10 Yr TIPS/TSY Sp	SINF	Trading-Miscellaneous	ProShares	0.00%	(2.05%)	N/A	N/A	N/A
ProShares German Sov / Sub-Sov Debt ETF	GGOV	World Bond	ProShares	0.00%	4.88%	N/A	N/A	N/A
AdvisorShares QAM Equity Hedge ETF	QEH	Long/Short Equity	AdvisorShares	0.00%	N/A	N/A	N/A	N/A
AdvisorShares STAR Global Buy-Write ETF	VEGA	Large Blend	AdvisorShares	0.00%	N/A	N/A	N/A	N/A
iShares MSCI Singapore Small Cap Fund	EWSS	Pacific/Asia ex-Japan Stk	iShares	0.00%	16.59%	N/A	N/A	N/A
RBS NASDAQ 100 Trendpilot ETN	TNDQ	Large Growth	Royal Bank of Scotland NV	0.00%	2.86%	16.31%	N/A	N/A
Market Vectors Bank and Brokerage ETF	RKH	Financial	Van Eck	0.00%	9.96%	17.12%	N/A	N/A
ProShares 30 Year TIPS/TSY Spread	RINF	Trading-Miscellaneous	ProShares	0.00%	3.49%	N/A	N/A	N/A
ProShares Short 30 Year TIPS/TSY Spread	FINF	Trading-Miscellaneous	ProShares	0.00%	(7.32%)	N/A	N/A	N/A
VelocityShares 3x Inver Brent Crude ETN	DOIL	Trading-Inverse Commodities	Credit Suisse AG	0.00%	(39.95%)	N/A	N/A	N/A
VelocityShares 3x Long Brent Crude ETN	UOIL	Trading-Leveraged Commodities	Credit Suisse AG	0.00%	50.18%	N/A	N/A	N/A
VelocityShares 2x Inverse Copper ETN	SCPR	Trading-Inverse Commodities	Credit Suisse AG	0.00%	(22.13%)	N/A	N/A	N/A
VelocityShares 2x Long Copper ETN	LCPR	Trading-Leveraged Commodities	Credit Suisse AG	0.00%	17.46%	N/A	N/A	N/A
VelocityShares 3x Inv Natural Gas ETN	DGAZ	Trading-Inverse Commodities	Credit Suisse AG	0.00%	(48.44%)	N/A	N/A	N/A
VelocityShares 3x Long Natural Gas ETN	UGAZ	Trading-Leveraged Commodities	Credit Suisse AG	0.00%	17.76%	N/A	N/A	N/A
VelocityShares 3x Long Crude ETN	UWTI	Trading-Leveraged Commodities	Credit Suisse AG	0.00%	18.73%	N/A	N/A	N/A
VelocityShares 3x Inverse Crude ETN	DWTI	Trading-Inverse Commodities	Credit Suisse AG	0.00%	(27.41%)	N/A	N/A	N/A
iShares Asia/Pacific Dividend 30	DVYA	Diversified Pacific/Asia	iShares	0.00%	7.78%	N/A	N/A	N/A
iShares Emerging Markets Dividend	DVYE	Diversified Emerging Mkts	iShares	0.00%	6.63%	N/A	N/A	N/A
iShares MSCI Frontier 100 Index	FM	Diversified Emerging Mkts	iShares	0.00%	N/A	N/A	N/A	N/A
Russell High Dividend Yield ETF	HDIV	Large Value	Russell	0.00%	2.79%	N/A	N/A	N/A
Russell Small Cap High Dividend Yld ETF	DIVS	Small Value	Russell	0.00%	3.22%	N/A	N/A	N/A
SPDR MSCI ACWI IMI	ACIM	World Stock	State Street Global Advisors	0.00%	6.92%	N/A	N/A	N/A
SPDR MSCI EM 50 ETF	EMFT	Diversified Emerging Mkts	State Street Global Advisors	0.00%	3.28%	N/A	N/A	N/A
WisdomTree Emer Mkts Corporate Bond ETF	EMCB	Emerging Markets Bond	WisdomTree	0.00%	6.45%	N/A	N/A	N/A
SPDR BarCap ST High Yield Bond ETF	SJNK	High Yield Bond	State Street Global Advisors	0.00%	2.86%	N/A	N/A	N/A
UBS E-TRACS Mo Pay 2x DJ Intl Rl Est ETN	RWXL	Trading-Leveraged Equity	UBS AG	0.00%	16.21%	N/A	N/A	N/A
Teucrium Agricultural	TAGS	Commodities Agriculture	Teucrium	0.00%	9.06%	N/A	N/A	N/A
iShares Global High Yield Corporate Bond	GHYG	World Bond	iShares	0.00%	4.58%	N/A	N/A	N/A
iShares Global ex USD High Yield Corp Bd	HYXU	World Bond	iShares	0.00%	8.31%	N/A	N/A	N/A
iShares Emerging Markets High Yield Bond	EMHY	Emerging Markets Bond	iShares	0.00%	6.90%	N/A	N/A	N/A
Market Vectors Fallen Angel HY Bond ETF	ANGL	High Yield Bond	Van Eck	0.00%	5.62%	N/A	N/A	N/A
iShares Morningstar Multi-Asset Income	IYLD	Conservative Allocation	iShares	0.00%	3.91%	N/A	N/A	N/A
iShares B - Ca Rated Corporate Bond	QLTC	High Yield Bond	iShares	0.00%	0.00%	N/A	N/A	N/A
iShares Baa - Ba Rated Corporate Bd	QLTB	High Yield Bond	iShares	0.00%	5.33%	N/A	N/A	N/A
AlphaClone Alternative Alpha ETF	ALFA	Long/Short Equity	AlphaClone	0.00%	9.20%	N/A	N/A	N/A
EGShares Emerg Mkts Domestic Demand ETF	EMDD	Diversified Emerging Mkts	Emerging Global Advisors	0.00%	N/A	N/A	N/A	N/A
Sustainable North American Oil Sands ETF	SNDS	Equity Energy	Exchange Traded Concepts, LLC	0.00%	10.46%	N/A	N/A	N/A
SPDR BofA ML Crossover Corp Bond ETF	XOVR	High Yield Bond	State Street Global Advisors	0.00%	3.15%	N/A	N/A	N/A
WisdomTree China Dividend ex-Fincls	CHXF	China Region	WisdomTree	0.00%	N/A	N/A	N/A	N/A
Market Vectors Pref Secs ex Fincls ETF	PFXF	Miscellaneous Sector	Van Eck	0.00%	N/A	N/A	N/A	N/A
United States Agriculture Index	USAG	Commodities Agriculture	United States Commodity Funds LLC	0.00%	5.74%	N/A	N/A	N/A
UBS E-TRACS DJ-UBS Comm 246 BF ETN	BLND	Commodities Broad Basket	UBS AG	0.00%	9.28%	N/A	N/A	N/A
Market Vectors Emer Mkts Hi Yld Bond ETF	HYEM	Emerging Markets Bond	Van Eck	0.00%	5.96%	N/A	N/A	N/A
SPDR BofA ML EM Corp Bd ETF	EMCD	Emerging Markets Bond	State Street Global Advisors	0.00%	4.82%	N/A	N/A	N/A
UBS E-TRACS Mo Pay 2x DJ Select Div ETN	DVYL	Trading-Leveraged Equity	UBS AG	0.00%	8.12%	N/A	N/A	N/A
UBS E-TRACS Mo Pay 2x S&P Dividend ETN	SDYL	Trading-Leveraged Equity	UBS AG	0.00%	10.71%	N/A	N/A	N/A
ALPS Sector Dividend Dogs ETF	SDOG	Large Value	ALPS	0.00%	6.19%	N/A	N/A	N/A
Global X Top Guru Holdings Index ETF	GURU	Large Blend	Global X Funds	0.00%	10.19%	N/A	N/A	N/A
Stream S&P Dynamic Roll Glbl Commodities	BNPC	Commodities Broad Basket	Stream Exchange Traded Trust	0.00%	15.50%	N/A	N/A	N/A
UBS Fisher Enhanced Big Cap Growth ETN	FBG	Trading-Leveraged Equity	UBS AG	0.00%	11.86%	N/A	N/A	N/A
EGShares Beyond BRICs ETF	BBRC	Diversified Emerging Mkts	Emerging Global Advisors	0.00%	N/A	N/A	N/A	N/A
United States Metals Index	USMI	Commodities Industrial Metals	United States Commodity Funds LLC	0.00%	10.60%	N/A	N/A	N/A
First Trust North American Energy Infras	EMLP	Equity Energy	First Trust	0.00%	5.10%	N/A	N/A	N/A
UBS E-TRACS Alerian MLP Index ETN	AMU	Equity Energy	UBS AG	0.00%	N/A	N/A	N/A	N/A
First Trust Multi-Asset Div Income Index	MDIV	Moderate Allocation	First Trust Exchange-Traded Fund VI	0.00%	N/A	N/A	N/A	N/A
First Trust NASDAQ Technology Div Index	TDIV	Technology	First Trust Exchange-Traded Fund VI	0.00%	N/A	N/A	N/A	N/A
RBS US Large Cap Alternator ETN	ALTL	Large Blend	Royal Bank of Scotland NV	0.00%	N/A	N/A	N/A	N/A
SPDR S&P 500	SPY	Large Blend	State Street Global Advisors	0.00%	6.34%	16.43%	29.95%	13.14%
SPDR Dow Jones Industrial Average	DIA	Large Value	State Street Global Advisors	0.00%	5.02%	12.06%	26.23%	14.27%
PowerShares QQQ	QQQ	Large Growth	PowerShares	0.00%	7.17%	23.65%	31.91%	18.47%
SPDR S&P MidCap 400	MDY	Mid-Cap Blend	State Street Global Advisors	0.00%	5.27%	13.65%	27.97%	14.03%
Materials Select Sector SPDR	XLB	Natural Resources	State Street Global Advisors	0.00%	4.83%	11.44%	28.06%	8.66%
Health Care Select Sector SPDR	XLV	Health	State Street Global Advisors	0.00%	6.09%	17.44%	29.12%	14.11%
Consumer Staples Select Sector SPDR	XLP	Consumer Defensive	State Street Global Advisors	0.00%	3.76%	12.40%	24.24%	15.26%
Consumer Discret Select Sector SPDR	XLY	Consumer Cyclical	State Street Global Advisors	0.00%	7.25%	21.12%	36.36%	21.26%
Energy Select Sector SPDR	XLE	Equity Energy	State Street Global Advisors	0.00%	11.14%	7.62%	27.68%	12.73%
Financial Select Sector SPDR	XLF	Financial	State Street Global Advisors	0.00%	6.97%	21.38%	34.46%	2.87%
Industrial Select Sector SPDR	XLI	Industrials	State Street Global Advisors	0.00%	3.07%	9.96%	27.85%	13.85%
Technology Select Sector SPDR	XLK	Technology	State Street Global Advisors	0.00%	7.75%	22.48%	32.66%	15.57%
Utilities Select Sector SPDR	XLU	Utilities	State Street Global Advisors	0.00%	(0.58%)	4.11%	12.67%	11.96%
iShares S&P 500 Index	IVV	Large Blend	iShares	0.00%	6.18%	16.33%	29.67%	13.08%
iShares S&P 500 Growth Index	IVW	Large Growth	iShares	0.00%	6.39%	16.86%	29.33%	14.77%
iShares S&P 500 Value Index	IVE	Large Value	iShares	0.00%	6.27%	15.65%	30.54%	11.22%
iShares S&P MidCap 400 Index	IJH	Mid-Cap Blend	iShares	0.00%	5.12%	13.64%	28.18%	14.12%
iShares S&P MidCap 400 Growth Index	IJK	Mid-Cap Growth	iShares	0.00%	5.99%	14.05%	25.62%	15.75%
iShares S&P MidCap 400 Value Index	IJJ	Mid-Cap Value	iShares	0.00%	4.63%	13.28%	31.12%	12.51%
iShares S&P SmallCap 600 Index	IJR	Small Blend	iShares	0.00%	5.46%	13.89%	33.35%	15.08%
iShares S&P SmallCap 600 Growth	IJT	Small Growth	iShares	0.00%	3.78%	13.10%	30.97%	16.60%
iShares S&P SmallCap 600 Value Index	IJS	Small Value	iShares	0.00%	6.61%	14.58%	35.67%	13.65%
iShares S&P Europe 350 Index	IEV	Europe Stock	iShares	0.00%	8.37%	11.33%	19.03%	1.38%
iShares Dow Jones U.S. Index	IYY	Large Blend	iShares	0.00%	6.17%	15.91%	29.71%	13.17%
iShares Dow Jones US Basic Materials	IYM	Natural Resources	iShares	0.00%	5.08%	6.62%	22.54%	9.21%
iShares Dow Jones US Consumer Services	IYC	Consumer Cyclical	iShares	0.00%	6.83%	22.10%	36.80%	19.68%
iShares Dow Jones US Consumer Goods	IYK	Consumer Defensive	iShares	0.00%	4.37%	10.47%	21.10%	14.70%
iShares Dow Jones US Energy	IYE	Equity Energy	iShares	0.00%	10.45%	7.20%	26.45%	11.50%
iShares Dow Jones US Financial Sector	IYF	Financial	iShares	0.00%	5.91%	20.26%	34.48%	4.96%
iShares Dow Jones US Healthcare	IYH	Health	iShares	0.00%	6.85%	19.70%	31.75%	14.65%
iShares Dow Jones US Industrial	IYJ	Industrials	iShares	0.00%	4.40%	12.27%	30.62%	13.78%
iShares Dow Jones US Technology	IYW	Technology	iShares	0.00%	6.75%	19.35%	29.18%	14.10%
iShares Dow Jones US Telecom	IYZ	Communications	iShares	0.00%	14.28%	23.78%	28.77%	14.01%
iShares Dow Jones US Utilities	IDU	Utilities	iShares	0.00%	0.27%	4.05%	13.28%	12.24%
iShares Dow Jones US Financial Services	IYG	Financial	iShares	0.00%	7.52%	24.19%	37.35%	1.02%
iShares Dow Jones US Real Estate	IYR	Real Estate	iShares	0.00%	1.52%	16.24%	31.94%	19.09%
iShares Russell 3000 Index	IWV	Large Blend	iShares	0.00%	6.01%	15.87%	29.54%	13.04%
iShares Russell 3000 Growth Index	IWZ	Large Growth	iShares	0.00%	5.90%	16.32%	28.88%	14.46%
iShares Russell 3000 Value Index	IWW	Large Value	iShares	0.00%	6.68%	15.38%	30.51%	11.53%
iShares Russell 2000 Index	IWM	Small Blend	iShares	0.00%	5.29%	14.49%	31.95%	13.06%
iShares Russell 2000 Growth Index	IWO	Small Growth	iShares	0.00%	4.79%	14.25%	31.33%	14.35%
iShares Russell 2000 Value Index	IWN	Small Value	iShares	0.00%	5.56%	14.42%	32.54%	11.64%
iShares Russell 1000 Index	IWB	Large Blend	iShares	0.00%	6.21%	16.20%	29.66%	13.14%
iShares Russell 1000 Growth Index	IWF	Large Growth	iShares	0.00%	5.89%	16.62%	28.71%	14.54%
iShares Russell 1000 Value Index	IWD	Large Value	iShares	0.00%	6.41%	15.61%	30.59%	11.63%
Internet HOLDRS	HHH	Technology	Merrill Lynch	0.00%	(5.40%)	4.66%	6.84%	38.15%
Utilities HOLDRS	UTH	Utilities	Merrill Lynch	0.00%	5.21%	13.63%	16.93%	7.64%
B2B Internet HOLDRS	BHH	Technology	Merrill Lynch	0.00%	10.64%	11.83%	34.72%	60.83%
Internet Infrastructure HOLDRS	IIH	Technology	Merrill Lynch	0.00%	11.03%	(13.33%)	(14.91%)	19.53%
Internet Architecture HOLDRS	IAH	Technology	Merrill Lynch	0.00%	5.87%	7.61%	10.61%	24.98%
Broadband HOLDRS	BDH	Technology	Merrill Lynch	0.00%	0.90%	(2.23%)	6.82%	20.97%
Telecom HOLDRS	TTH	Communications	Merrill Lynch	0.00%	2.17%	2.69%	10.85%	8.99%
iShares MSCI United Kingdom Index	EWU	Europe Stock	iShares	0.00%	6.79%	10.28%	22.41%	7.23%
iShares MSCI Taiwan Index	EWT	China Region	iShares	0.00%	9.40%	14.26%	18.07%	5.46%
iShares MSCI Switzerland Index	EWL	Europe Stock	iShares	0.00%	7.33%	11.80%	16.85%	6.56%
iShares MSCI Sweden Index	EWD	Europe Stock	iShares	0.00%	9.75%	16.57%	27.47%	10.28%
iShares MSCI Spain Index	EWP	Europe Stock	iShares	0.00%	11.65%	(5.83%)	(5.63%)	(12.22%)
iShares MSCI South Korea Index	EWY	Pacific/Asia ex-Japan Stk	iShares	0.00%	7.88%	13.15%	27.89%	8.51%
iShares MSCI Singapore Index	EWS	Pacific/Asia ex-Japan Stk	iShares	0.00%	8.85%	25.89%	27.11%	11.72%
iShares MSCI Netherlands Invstbl Mkt Idx	EWN	Europe Stock	iShares	0.00%	8.34%	9.96%	16.52%	(0.20%)
iShares MSCI Mexico Investable Mkt Idx	EWW	N/A	N/A	0.00%	N/A	N/A	N/A	N/A
iShares MSCI Japan Index	EWJ	Japan Stock	iShares	0.00%	(2.55%)	1.64%	(0.97%)	(0.92%)
iShares MSCI Italy Index	EWI	Europe Stock	iShares	0.00%	6.37%	2.76%	5.12%	(13.52%)
iShares MSCI Hong Kong Index	EWH	China Region	iShares	0.00%	10.98%	20.40%	31.45%	8.59%
iShares MSCI Germany Index	EWG	Europe Stock	iShares	0.00%	13.99%	20.99%	27.28%	2.95%
iShares MSCI France Index	EWQ	Europe Stock	iShares	0.00%	7.15%	10.11%	14.21%	(4.05%)
iShares MSCI Canada Index	EWC	Foreign Large Value	iShares	0.00%	10.26%	8.03%	14.28%	5.73%
iShares MSCI Brazil Index	EWZ	Latin America Stock	iShares	0.00%	4.57%	(3.86%)	6.87%	(3.66%)
iShares MSCI Belgium Investable Mkt Idx	EWK	Europe Stock	iShares	0.00%	9.20%	22.71%	21.79%	2.42%
iShares MSCI Austria Investable Mkt Idx	EWO	Europe Stock	iShares	0.00%	6.53%	10.00%	5.79%	(8.38%)
iShares MSCI Australia Index	EWA	Pacific/Asia ex-Japan Stk	iShares	0.00%	8.88%	13.37%	24.85%	6.27%
iShares MSCI Malaysia Index	EWM	Pacific/Asia ex-Japan Stk	iShares	0.00%	2.14%	9.50%	24.50%	16.29%
iShares MSCI EMU Index	EZU	Europe Stock	iShares	0.00%	9.47%	10.96%	14.58%	(4.40%)
SPDR S&P 500 Value ETF	SPYV	Large Value	State Street Global Advisors	0.00%	6.28%	15.59%	30.38%	11.45%
SPDR S&P 500 Growth ETF	SPYG	Large Growth	State Street Global Advisors	0.00%	6.46%	16.68%	28.79%	15.29%
SPDR S&P 600 Small Cap Value ETF	SLYV	Small Value	State Street Global Advisors	0.00%	6.97%	14.85%	36.07%	13.58%
SPDR S&P 600 Small Cap Growth ETF	SLYG	Small Growth	State Street Global Advisors	0.00%	4.21%	13.13%	30.89%	16.84%
SPDR Global Dow ETF	DGT	World Stock	State Street Global Advisors	0.00%	5.47%	8.80%	14.25%	2.01%
SPDR Morgan Stanley Technology	MTK	Technology	State Street Global Advisors	0.00%	6.94%	16.88%	23.63%	9.32%
SPDR Dow Jones Total Market	TMW	Large Blend	State Street Global Advisors	0.00%	6.15%	16.04%	29.66%	13.24%
iShares S&P 100 Index	OEF	Large Blend	iShares	0.00%	6.93%	18.26%	31.93%	13.14%
iShares S&P Global 100 Index	IOO	World Stock	iShares	0.00%	5.92%	9.68%	19.95%	5.11%
iShares Cohen & Steers Realty Majors	ICF	Real Estate	iShares	0.00%	(0.29%)	13.36%	30.81%	20.67%
iShares Nasdaq Biotechnology	IBB	Health	iShares	0.00%	9.98%	37.20%	53.39%	20.97%
iShares S&P North Amer Technology	IGM	Technology	iShares	0.00%	5.84%	17.18%	26.02%	12.77%
SPDR Dow Jones REIT	RWR	Real Estate	State Street Global Advisors	0.00%	(0.47%)	14.24%	31.50%	20.25%
Vanguard Total Stock Market ETF	VTI	Large Blend	Vanguard	0.00%	6.18%	16.18%	30.16%	13.40%
iShares S&P North Amer Tech-Multimd Ntwk	IGN	Technology	iShares	0.00%	7.93%	(0.14%)	8.77%	0.63%
iShares PHLX SOX Semiconductor Sector	SOXX	Technology	iShares	0.00%	(0.39%)	5.92%	14.17%	6.12%
iShares S&P North Amer Tech-Software	IGV	Technology	iShares	0.00%	2.59%	17.89%	22.35%	13.59%
iShares Russell Midcap Growth Index	IWP	Mid-Cap Growth	iShares	0.00%	5.29%	13.68%	26.45%	14.55%
iShares Russell Midcap Index	IWR	Mid-Cap Blend	iShares	0.00%	5.52%	13.82%	27.59%	14.10%
iShares Russell Midcap Value Index	IWS	Mid-Cap Value	iShares	0.00%	5.65%	13.85%	28.99%	13.58%
iShares MSCI EAFE Index	EFA	Foreign Large Blend	iShares	0.00%	6.08%	9.57%	14.90%	1.98%
iShares S&P North Amer Natural Resources	IGE	Natural Resources	iShares	0.00%	11.97%	5.00%	19.75%	8.36%
iShares MSCI Pacific ex-Japan	EPP	Pacific/Asia ex-Japan Stk	iShares	0.00%	9.42%	17.11%	27.08%	7.40%
iShares S&P Latin America 40 Index	ILF	Latin America Stock	iShares	0.00%	2.73%	1.56%	13.00%	2.45%
iShares S&P/TOPIX 150 Index	ITF	Japan Stock	iShares	0.00%	(2.14%)	2.53%	(0.24%)	(0.91%)
iShares S&P Global Energy	IXC	Equity Energy	iShares	0.00%	8.44%	4.42%	21.66%	7.33%
iShares S&P Global Financials	IXG	Financial	iShares	0.00%	8.23%	19.08%	24.98%	(1.76%)
iShares S&P Global Healthcare	IXJ	Health	iShares	0.00%	6.79%	16.18%	26.51%	12.36%
iShares S&P Global Technology	IXN	Technology	iShares	0.00%	6.78%	18.18%	27.71%	10.70%
iShares S&P Global Telecommunications	IXP	Communications	iShares	0.00%	5.59%	12.04%	17.95%	9.22%
Vanguard Extended Market Index ETF	VXF	Mid-Cap Blend	Vanguard	0.00%	5.57%	14.92%	30.65%	14.05%
iShares Barclays 1-3 Year Treasury Bond	SHY	Short Government	iShares	0.00%	0.24%	0.27%	0.40%	1.29%
iShares Barclays 7-10 Year Treasury	IEF	Long Government	iShares	0.00%	0.93%	4.05%	5.35%	8.62%
iShares Barclays 20+ Year Treas Bond	TLT	Long Government	iShares	0.00%	(0.15%)	4.32%	5.83%	12.05%
iShares iBoxx $ Invest Grade Corp Bond	LQD	Long-Term Bond	iShares	0.00%	4.56%	9.93%	12.94%	9.43%
Guggenheim S&P 500 Equal Weight	RSP	Large Blend	Guggenheim Investments	0.00%	5.79%	14.06%	28.03%	13.50%
SPDR EURO STOXX 50	FEZ	Europe Stock	State Street Global Advisors	0.00%	10.41%	9.22%	14.85%	(5.34%)
SPDR STOXX Europe 50	FEU	Europe Stock	State Street Global Advisors	0.00%	7.28%	9.75%	18.09%	0.10%
PowerShares Dynamic Market	PWC	Mid-Cap Blend	PowerShares	0.00%	5.96%	18.90%	33.02%	11.76%
PowerShares Dynamic OTC	PWO	Mid-Cap Growth	PowerShares	0.00%	1.13%	8.18%	16.39%	8.39%
iShares Barclays Aggregate Bond	AGG	Intermediate-Term Bond	iShares	0.00%	1.63%	3.78%	4.97%	5.79%
iShares Dow Jones Transportation Average	IYT	Industrials	iShares	0.00%	(6.41%)	(1.84%)	17.10%	9.71%
Fidelity Nasdaq Composite Index Tracking	ONEQ	Large Growth	Fidelity Investments	0.00%	6.37%	19.83%	30.22%	14.53%
iShares MSCI Emerging Markets Index	EEM	Diversified Emerging Mkts	iShares	0.00%	5.60%	10.28%	20.31%	3.90%
iShares Dow Jones Select Dividend Index	DVY	Mid-Cap Value	iShares	0.00%	3.59%	10.28%	23.94%	15.99%
iShares Barclays TIPS Bond	TIP	Inflation-Protected Bond	iShares	0.00%	2.02%	6.02%	8.95%	9.07%
iShares MSCI South Africa Index	EZA	Diversified Emerging Mkts	iShares	0.00%	4.46%	11.08%	22.11%	10.16%
Vanguard Large Cap ETF	VV	Large Blend	Vanguard	0.00%	6.30%	16.30%	29.78%	13.22%
Vanguard Mid-Cap ETF	VO	Mid-Cap Blend	Vanguard	0.00%	5.13%	12.83%	26.34%	13.95%
Vanguard Small Cap ETF	VB	Small Blend	Vanguard	0.00%	5.39%	15.06%	32.37%	14.36%
Vanguard Value ETF	VTV	Large Value	Vanguard	0.00%	5.66%	14.08%	28.25%	11.35%
Vanguard Growth ETF	VUG	Large Growth	Vanguard	0.00%	6.82%	18.32%	31.11%	15.12%
Vanguard Small Cap Growth ETF	VBK	Small Growth	Vanguard	0.00%	5.34%	15.57%	32.69%	15.91%
Vanguard Consumer Discretionary ETF	VCR	Consumer Cyclical	Vanguard	0.00%	8.14%	21.31%	36.35%	21.03%
Vanguard Consumer Staples ETF	VDC	Consumer Defensive	Vanguard	0.00%	3.82%	12.41%	22.94%	15.37%
Vanguard Energy ETF	VDE	Equity Energy	Vanguard	0.00%	9.96%	6.12%	25.92%	11.85%
Vanguard Financials ETF	VFH	Financial	Vanguard	0.00%	6.10%	20.23%	34.32%	5.01%
Vanguard Health Care ETF	VHT	Health	Vanguard	0.00%	6.27%	19.60%	31.38%	14.87%
Vanguard Industrials ETF	VIS	Industrials	Vanguard	0.00%	3.80%	11.24%	30.44%	13.44%
Vanguard Information Technology ETF	VGT	Technology	Vanguard	0.00%	6.79%	19.60%	30.36%	14.43%
Vanguard Materials ETF	VAW	Natural Resources	Vanguard	0.00%	6.62%	13.36%	31.37%	11.30%
Vanguard Telecom Services ETF	VOX	Communications	Vanguard	0.00%	10.68%	20.72%	27.73%	14.50%
Vanguard Utilities ETF	VPU	Utilities	Vanguard	0.00%	0.32%	4.36%	13.31%	12.38%
Vanguard Small Cap Value ETF	VBR	Small Value	Vanguard	0.00%	5.43%	14.78%	32.22%	12.66%
BLDRS Emerging Markets 50 ADR Index	ADRE	Diversified Emerging Mkts	PowerShares	0.00%	5.02%	4.65%	11.60%	0.77%
BLDRS Developed Markets 100 ADR Index	ADRD	Foreign Large Blend	PowerShares	0.00%	6.66%	8.53%	13.37%	1.39%
BLDRS Europe 100 ADR Index	ADRU	Europe Stock	PowerShares	0.00%	8.40%	9.08%	18.56%	1.46%
BLDRS Asia 50 ADR Index	ADRA	Diversified Pacific/Asia	PowerShares	0.00%	2.11%	7.88%	6.79%	1.89%
iShares S&P 1500 Index	ISI	Large Blend	iShares	0.00%	6.16%	15.71%	29.79%	13.15%
iShares Morningstar Large Core Index	JKD	Large Blend	iShares	0.00%	5.93%	16.19%	30.31%	12.66%
iShares Morningstar Large Growth Index	JKE	Large Growth	iShares	0.00%	7.55%	20.81%	32.80%	14.87%
iShares Morningstar Large Value Index	JKF	Large Value	iShares	0.00%	7.21%	13.43%	27.74%	10.92%
iShares Morningstar Mid Core Index	JKG	Mid-Cap Blend	iShares	0.00%	4.55%	13.19%	29.03%	15.62%
iShares Morningstar Mid Growth Index	JKH	Mid-Cap Growth	iShares	0.00%	5.57%	14.38%	22.65%	14.99%
iShares Morningstar Mid Value Index	JKI	Mid-Cap Value	iShares	0.00%	5.80%	11.93%	26.55%	11.27%
iShares Morningstar Small Core Index	JKJ	Small Blend	iShares	0.00%	4.98%	12.86%	30.05%	12.60%
iShares Morningstar Small Growth Index	JKK	Small Growth	iShares	0.00%	5.49%	14.57%	30.30%	15.47%
iShares Morningstar Small Value Index	JKL	Small Value	iShares	0.00%	4.58%	13.65%	32.95%	13.92%
iShares NYSE Composite Index	NYC	Large Blend	iShares	0.00%	6.62%	12.06%	22.22%	8.48%
iShares NYSE 100 Index	NY	Large Value	iShares	0.00%	6.24%	14.10%	27.25%	11.36%
Vanguard REIT Index ETF	VNQ	Real Estate	Vanguard	0.00%	0.09%	14.75%	32.28%	20.48%
iShares FTSE China 25 Index Fund	FXI	China Region	iShares	0.00%	2.78%	1.71%	15.31%	(3.41%)
SPDR Gold Shares	GLD	Commodities Precious Metals	State Street Global Advisors	0.00%	10.76%	13.09%	8.75%	20.25%
PowerShares Hi-Yield Eq Div Achievers	PEY	Mid-Cap Value	PowerShares	0.00%	4.17%	7.63%	22.53%	13.01%
PowerShares Golden Dragon China	PGJ	China Region	PowerShares	0.00%	0.58%	(1.74%)	0.63%	(4.75%)
iShares Gold Trust	IAU	Commodities Precious Metals	iShares	0.00%	10.99%	13.39%	9.10%	20.41%
iShares MSCI USA ESG Select Index	KLD	Large Blend	iShares	0.00%	5.47%	10.12%	21.85%	10.94%
PowerShares WilderHill Clean Energy	PBW	Equity Energy	PowerShares	0.00%	(5.30%)	(14.94%)	(20.46%)	(26.03%)
PowerShares Fundamental Pure Small Grow	PXSG	Small Growth	PowerShares	0.00%	5.73%	12.11%	24.90%	14.56%
PowerShares Fundamental Pure Mid Growth	PXMG	Mid-Cap Growth	PowerShares	0.00%	4.38%	10.35%	22.71%	12.03%
PowerShares Dynamic Large Cap Growth	PWB	Large Growth	PowerShares	0.00%	5.62%	18.21%	32.92%	13.42%
PowerShares Fundamental Pure Small Value	PXSV	Small Value	PowerShares	0.00%	6.40%	15.80%	36.27%	13.14%
PowerShares Fundamental Pure Mid Value	PXMV	Mid-Cap Value	PowerShares	0.00%	7.03%	14.01%	31.27%	10.54%
PowerShares Dynamic Large Cap Value	PWV	Large Value	PowerShares	0.00%	6.42%	15.26%	30.69%	14.14%
Vanguard MSCI Europe ETF	VGK	Europe Stock	Vanguard	0.00%	8.11%	11.77%	19.23%	2.09%
Vanguard MSCI Pacific ETF	VPL	Diversified Pacific/Asia	Vanguard	0.00%	1.97%	7.39%	9.01%	2.60%
Vanguard MSCI Emerging Markets ETF	VWO	Diversified Emerging Mkts	Vanguard	0.00%	5.79%	10.55%	20.69%	4.98%
Guggenheim Russell Top 50	XLG	Large Blend	Guggenheim Investments	0.00%	7.17%	19.20%	32.88%	12.90%
PowerShares Dynamic Pharmaceuticals	PJP	Health	PowerShares	0.00%	4.26%	23.12%	41.54%	26.72%
PowerShares Dynamic Biotech & Genome	PBE	Health	PowerShares	0.00%	4.14%	20.44%	31.95%	12.41%
PowerShares Dynamic Food & Beverage	PBJ	Consumer Defensive	PowerShares	0.00%	0.83%	5.90%	13.89%	14.55%
PowerShares Dynamic Leisure & Entertain	PEJ	Consumer Cyclical	PowerShares	0.00%	5.52%	22.76%	42.47%	22.23%
PowerShares Dynamic Media	PBS	Communications	PowerShares	0.00%	12.91%	25.57%	41.88%	16.32%
PowerShares Dynamic Networking	PXQ	Technology	PowerShares	0.00%	(0.53%)	2.63%	19.85%	13.53%
PowerShares Dynamic Semiconductors	PSI	Technology	PowerShares	0.00%	(3.10%)	1.74%	17.47%	4.21%
PowerShares Dynamic Software	PSJ	Technology	PowerShares	0.00%	4.77%	18.28%	27.47%	13.05%
iShares MSCI EAFE Value Index	EFV	Foreign Large Value	iShares	0.00%	6.95%	9.63%	14.72%	(0.07%)
iShares MSCI EAFE Growth Index	EFG	Foreign Large Growth	iShares	0.00%	5.45%	10.48%	16.39%	4.21%
iShares Russell Microcap Index	IWC	Small Blend	iShares	0.00%	6.05%	19.60%	36.37%	11.49%
PowerShares Zacks Micro Cap	PZI	Small Value	PowerShares	0.00%	5.80%	15.83%	35.01%	7.75%
PowerShares Intl Dividend Achievers	PID	Foreign Large Value	PowerShares	0.00%	4.62%	6.88%	14.27%	7.40%
PowerShares Dividend Achievers	PFM	Large Blend	PowerShares	0.00%	5.62%	12.20%	25.50%	13.96%
PowerShares Aerospace & Defense	PPA	Industrials	PowerShares	0.00%	5.56%	10.99%	23.55%	8.35%
PowerShares Lux Nanotech	PXN	Technology	PowerShares	0.00%	(3.92%)	4.56%	7.76%	(15.60%)
PowerShares Dynamic Building & Construct	PKB	Industrials	PowerShares	0.00%	14.46%	31.57%	58.32%	11.48%
PowerShares Dynamic Energy Explor & Prod	PXE	Equity Energy	PowerShares	0.00%	16.68%	20.90%	43.51%	20.02%
PowerShares Dynamic Insurance	PIC	Financial	PowerShares	0.00%	6.56%	13.52%	29.42%	9.31%
PowerShares Dynamic Oil & Gas Services	PXJ	Equity Energy	PowerShares	0.00%	13.42%	0.20%	24.94%	6.31%
PowerShares Dynamic Retail	PMR	Consumer Cyclical	PowerShares	0.00%	3.08%	15.45%	33.83%	19.42%
PowerShares Dynamic Utilities	PUI	Utilities	PowerShares	0.00%	5.15%	11.35%	18.62%	10.54%
First Trust Dow Jones Select MicroCp Idx	FDM	Small Blend	First Trust	0.00%	4.87%	11.74%	31.60%	9.98%
SPDR Dow Jones Large Cap	ELR	Large Blend	State Street Global Advisors	0.00%	6.70%	15.96%	25.33%	13.21%
SPDR Dow Jones Mid Cap	EMM	Mid-Cap Blend	State Street Global Advisors	0.00%	5.38%	12.54%	28.43%	14.29%
SPDR S&P 400 Mid Cap Value ETF	MDYV	Mid-Cap Value	State Street Global Advisors	0.00%	4.87%	13.18%	29.60%	12.45%
SPDR S&P 400 Mid Cap Growth ETF	MDYG	Mid-Cap Growth	State Street Global Advisors	0.00%	6.08%	13.64%	25.54%	15.37%
SPDR S&P 600 Small Cap ETF	SLY	Small Blend	State Street Global Advisors	0.00%	5.48%	13.43%	33.51%	15.18%
SPDR S&P Bank ETF	KBE	Financial	State Street Global Advisors	0.00%	7.01%	19.89%	36.62%	1.45%
SPDR S&P Insurance ETF	KIE	Financial	State Street Global Advisors	0.00%	4.44%	14.98%	34.96%	7.12%
SPDR S&P Capital Markets ETF	KCE	Financial	State Street Global Advisors	0.00%	5.28%	18.07%	30.40%	(3.80%)
SPDR S&P Dividend	SDY	Large Value	State Street Global Advisors	0.00%	5.25%	10.39%	23.67%	13.39%
Software HOLDRS	SWH	Technology	Merrill Lynch	0.00%	5.93%	1.76%	11.11%	19.62%
Market 2000 HOLDRS	MKH	Large Blend	Merrill Lynch	0.00%	(0.07%)	(2.11%)	3.53%	7.34%
Europe 2001 HOLDRS	EKH	Europe Stock	Merrill Lynch	0.00%	5.40%	(17.05%)	(12.39%)	4.68%
Wireless HOLDRS	WMH	Communications	Merrill Lynch	0.00%	(3.16%)	(9.46%)	(1.70%)	8.19%
PowerShares S&P 500 High Quality	SPHQ	Mid-Cap Growth	PowerShares	0.00%	5.15%	13.25%	27.00%	15.28%
PowerShares Water Resources	PHO	Industrials	PowerShares	0.00%	7.60%	16.57%	30.83%	6.10%
PowerShares FTSE RAFI US 1000	PRF	Large Value	PowerShares	0.00%	6.31%	14.26%	28.39%	11.37%
SPDR S&P Biotech	XBI	Health	State Street Global Advisors	0.00%	5.58%	40.68%	56.97%	20.30%
SPDR S&P Homebuilders	XHB	Miscellaneous Sector	State Street Global Advisors	0.00%	16.47%	46.42%	88.93%	19.78%
SPDR S&P Semiconductor	XSD	Technology	State Street Global Advisors	0.00%	(2.44%)	(1.66%)	3.27%	2.50%
Guggenheim S&P 500 Pure Value	RPV	Mid-Cap Value	Guggenheim Investments	0.00%	9.14%	15.93%	27.40%	13.13%
Guggenheim S&P 500 Pure Growth	RPG	Large Growth	Guggenheim Investments	0.00%	4.41%	14.00%	24.89%	16.70%
Guggenheim S&P Midcap 400 Pure Value	RFV	Small Value	Guggenheim Investments	0.00%	5.19%	11.47%	28.09%	10.63%
Guggenheim S&P Midcap 400 Pure Growth	RFG	Mid-Cap Growth	Guggenheim Investments	0.00%	6.62%	14.67%	22.97%	17.91%
Guggenheim S&P Smallcap 600 Pure Value	RZV	Small Value	Guggenheim Investments	0.00%	10.46%	16.53%	36.51%	7.24%
Guggenheim S&P Smallcap 600 Pure Growth	RZG	Small Growth	Guggenheim Investments	0.00%	3.51%	12.22%	30.71%	15.26%
CurrencyShares Euro Trust	FXE	Currency	Guggenheim Investments	0.00%	1.44%	(0.95%)	(4.27%)	(4.35%)
PowerShares DB Commodity Index Tracking	DBC	Commodities Broad Basket	Deutsche Bank	0.00%	11.38%	6.86%	11.38%	9.14%
First Trust Morningstar Div Leaders Idx	FDL	Large Value	First Trust	0.00%	3.63%	12.29%	23.47%	17.75%
United States Oil	USO	Commodities Energy	United States Commodity Funds LLC	0.00%	7.19%	(10.47%)	11.91%	(1.94%)
First Trust US IPO Index	FPX	Large Growth	First Trust	0.00%	7.65%	22.25%	37.72%	17.22%
First Trust NASDAQ-100-Tech Index	QTEC	Technology	First Trust	0.00%	2.93%	7.50%	19.38%	10.96%
Vanguard Dividend Appreciation ETF	VIG	Large Blend	Vanguard	0.00%	5.84%	10.94%	25.10%	12.76%
First Trust NASDAQ-100 Equal Weight Idx	QQEW	Large Growth	First Trust	0.00%	4.21%	13.75%	21.59%	12.38%
iShares Silver Trust	SLV	Commodities Precious Metals	iShares	0.00%	25.63%	24.28%	15.81%	26.91%
iShares Dow Jones US Oil & Gas Ex Index	IEO	Equity Energy	iShares	0.00%	10.75%	4.88%	26.09%	8.63%
iShares Dow Jones US Oil Equipment Index	IEZ	Equity Energy	iShares	0.00%	12.64%	0.59%	20.58%	8.64%
iShares Dow Jones US Pharmaceuticals	IHE	Health	iShares	0.00%	4.25%	18.97%	37.45%	21.11%
iShares Dow Jones US Healthcare Provider	IHF	Health	iShares	0.00%	5.49%	16.90%	33.60%	17.92%
iShares Dow Jones US Medical Devices	IHI	Health	iShares	0.00%	4.47%	17.34%	22.33%	11.27%
Market Vectors Gold Miners ETF	GDX	Equity Precious Metals	Van Eck	0.00%	19.92%	4.39%	(2.44%)	6.25%
iShares Dow Jones US Broker-Dealers	IAI	Financial	iShares	0.00%	3.57%	7.66%	13.65%	(7.69%)
iShares Dow Jones US Insurance	IAK	Financial	iShares	0.00%	5.92%	13.18%	28.59%	7.80%
iShares Dow Jones US Regional Banks	IAT	Financial	iShares	0.00%	7.06%	22.17%	43.83%	8.53%
iShares Dow Jones US Aerospace & Defense	ITA	Industrials	iShares	0.00%	2.32%	7.68%	21.31%	12.08%
iShares Dow Jones US Home Construction	ITB	Miscellaneous Sector	iShares	0.00%	15.18%	63.40%	117.28%	17.04%
WisdomTree DEFA	DWM	Foreign Large Value	WisdomTree	0.00%	5.51%	9.52%	13.58%	2.02%
WisdomTree DEFA Equity Income	DTH	Foreign Large Value	WisdomTree	0.00%	7.06%	8.76%	13.89%	0.89%
WisdomTree Dividend ex-Financials	DTN	Large Value	WisdomTree	0.00%	5.73%	11.53%	24.77%	18.47%
WisdomTree Global Equity Income	DEW	World Stock	WisdomTree	0.00%	5.76%	10.06%	18.64%	5.66%
WisdomTree Europe SmallCap Dividend	DFE	Europe Stock	WisdomTree	0.00%	10.57%	17.19%	17.63%	4.11%
WisdomTree Total Dividend	DTD	Large Value	WisdomTree	0.00%	4.86%	13.54%	27.96%	14.73%
WisdomTree Equity Income	DHS	Large Value	WisdomTree	0.00%	3.95%	13.33%	27.31%	16.48%
WisdomTree SmallCap Dividend	DES	Small Value	WisdomTree	0.00%	5.67%	15.68%	32.87%	14.30%
WisdomTree International Div ex-Finncls	DOO	Foreign Large Value	WisdomTree	0.00%	5.66%	5.57%	10.25%	2.74%
WisdomTree International LargeCap Div	DOL	Foreign Large Value	WisdomTree	0.00%	6.47%	9.22%	15.92%	1.73%
WisdomTree Asia-Pacific ex-Japan	AXJL	Pacific/Asia ex-Japan Stk	WisdomTree	0.00%	7.19%	14.80%	24.35%	7.62%
WisdomTree Australia Dividend	AUSE	Pacific/Asia ex-Japan Stk	WisdomTree	0.00%	5.59%	8.34%	17.39%	4.39%
WisdomTree International MidCap Dividend	DIM	Foreign Small/Mid Blend	WisdomTree	0.00%	6.08%	10.51%	12.18%	2.27%
WisdomTree MidCap Dividend	DON	Mid-Cap Value	WisdomTree	0.00%	5.01%	11.82%	26.86%	15.41%
WisdomTree International SmallCap Div	DLS	Foreign Small/Mid Value	WisdomTree	0.00%	7.22%	11.75%	12.94%	5.61%
WisdomTree Global ex-US Growth	DNL	Foreign Large Blend	WisdomTree	0.00%	6.09%	8.07%	17.85%	5.24%
WisdomTree Japan SmallCap Dividend	DFJ	Japan Stock	WisdomTree	0.00%	(0.80%)	3.10%	(0.61%)	2.71%
WisdomTree Japan Hedged Equity	DXJ	Japan Stock	WisdomTree	0.00%	(4.69%)	1.92%	(0.93%)	(6.49%)
WisdomTree LargeCap Dividend	DLN	Large Value	WisdomTree	0.00%	4.90%	13.76%	27.88%	14.75%
ProShares Ultra S&P500	SSO	Trading-Leveraged Equity	ProShares	0.00%	12.48%	32.68%	62.13%	22.11%
SPDR S&P Oil & Gas Equipment & Services	XES	Equity Energy	State Street Global Advisors	0.00%	10.81%	(1.54%)	20.47%	7.71%
SPDR S&P Oil & Gas Exploration & Prod	XOP	Equity Energy	State Street Global Advisors	0.00%	10.71%	6.34%	31.13%	13.80%
SPDR S&P Pharmaceuticals	XPH	Health	State Street Global Advisors	0.00%	1.75%	18.05%	33.00%	20.87%
SPDR S&P Retail	XRT	Consumer Cyclical	State Street Global Advisors	0.00%	6.53%	20.30%	37.38%	24.02%
SPDR S&P Regional Banking ETF	KRE	Financial	State Street Global Advisors	0.00%	5.04%	18.74%	51.01%	12.09%
ProShares Ultra QQQ	QLD	Trading-Leveraged Equity	ProShares	0.00%	14.26%	49.35%	66.77%	33.64%
iPath S&P GSCI Total Return Index ETN	GSP	Commodities Broad Basket	Barclays Bank PLC	0.00%	11.87%	1.96%	13.00%	5.92%
SPDR S&P Metals & Mining	XME	Natural Resources	State Street Global Advisors	0.00%	5.36%	(10.36%)	(1.62%)	(0.69%)
iPath DJ-UBS Commodity Index TR ETN	DJP	Commodities Broad Basket	Barclays Bank PLC	0.00%	10.03%	4.66%	5.92%	4.66%
ProShares UltraShort MidCap400	MZZ	Trading-Inverse Equity	ProShares	0.00%	(11.15%)	(27.06%)	(47.96%)	(35.15%)
First Trust NYSE Arca Biotech Index	FBT	Health	First Trust	0.00%	5.91%	42.07%	40.35%	18.34%
ProShares Ultra Dow30	DDM	Trading-Leveraged Equity	ProShares	0.00%	9.60%	23.37%	53.52%	25.53%
ProShares Ultra MidCap400	MVV	Trading-Leveraged Equity	ProShares	0.00%	9.96%	25.67%	54.94%	22.31%
ProShares Short S&P500	SH	Trading-Inverse Equity	ProShares	0.00%	(6.53%)	(15.66%)	(26.07%)	(15.39%)
ProShares Short QQQ	PSQ	Trading-Inverse Equity	ProShares	0.00%	(7.44%)	(21.32%)	(27.74%)	(19.86%)
ProShares Short Dow30	DOG	Trading-Inverse Equity	ProShares	0.00%	(5.26%)	(12.35%)	(23.49%)	(15.83%)
ProShares UltraShort S&P500	SDS	Trading-Inverse Equity	ProShares	0.00%	(12.57%)	(29.34%)	(46.53%)	(30.38%)
ProShares UltraShort QQQ	QID	Trading-Inverse Equity	ProShares	0.00%	(14.66%)	(38.84%)	(49.26%)	(37.88%)
First Trust Dow Jones Internet Index	FDN	Technology	First Trust	0.00%	7.48%	17.43%	29.37%	18.27%
ProShares UltraShort Dow30	DXD	Trading-Inverse Equity	ProShares	0.00%	(10.40%)	(23.58%)	(42.62%)	(30.72%)
First Trust Strategic Value Index	FDV	Large Value	First Trust	0.00%	12.29%	14.89%	27.53%	11.24%
ProShares Short MidCap400	MYY	Trading-Inverse Equity	ProShares	0.00%	(5.81%)	(14.39%)	(26.50%)	(17.71%)
CurrencyShares British Pound Sterling Tr	FXB	Currency	Guggenheim Investments	0.00%	2.98%	3.68%	3.26%	0.05%
CurrencyShares Canadian Dollar Trust	FXC	Currency	Guggenheim Investments	0.00%	3.58%	3.70%	6.74%	2.87%
CurrencyShares Australian Dollar Trust	FXA	Currency	Guggenheim Investments	0.00%	2.16%	3.89%	10.90%	9.29%
CurrencyShares Swiss Franc Trust	FXF	Currency	Guggenheim Investments	0.00%	0.85%	(0.39%)	(4.00%)	2.87%
CurrencyShares Swedish Krona Trust	FXS	Currency	Guggenheim Investments	0.00%	5.80%	5.82%	5.65%	2.63%
CurrencyShares Mexican Peso Trust	FXM	Currency	Guggenheim Investments	0.00%	6.37%	8.50%	(3.70%)	8.70%
SPDR S&P Health Care Equipment	XHE	Health	State Street Global Advisors	0.00%	5.27%	22.12%	29.05%	N/A
SPDR S&P Telecom	XTL	Communications	State Street Global Advisors	0.00%	12.65%	8.80%	18.02%	N/A
SPDR S&P Transportation	XTN	Industrials	State Street Global Advisors	0.00%	(3.17%)	6.68%	23.33%	N/A
SPDR S&P Mortgage Finance ETF	KME	Financial	State Street Global Advisors	0.00%	9.40%	27.41%	42.91%	1.35%
iShares S&P GSCI Commodity-Indexed Trust	GSG	Commodities Broad Basket	iShares	0.00%	11.04%	2.49%	11.96%	4.43%
Vanguard Mid-Cap Value ETF	VOE	Mid-Cap Value	Vanguard	0.00%	5.40%	12.13%	27.57%	12.96%
Vanguard Mid-Cap Growth ETF	VOT	Mid-Cap Growth	Vanguard	0.00%	5.25%	13.80%	25.32%	14.89%
iPath S&P GSCI Crude Oil TR Index ETN	OIL	Commodities Energy	Barclays Bank PLC	0.00%	7.83%	(11.15%)	12.50%	(2.12%)
Market Vectors Steel ETF	SLX	Natural Resources	Van Eck	0.00%	(1.57%)	(7.74%)	3.87%	(4.26%)
Market Vectors Environmental Svcs ETF	EVX	Industrials	Van Eck	0.00%	6.37%	6.11%	10.52%	8.11%
PowerShares Financial Preferred	PGF	Miscellaneous Sector	PowerShares	0.00%	4.11%	20.14%	22.45%	13.06%
PowerShares Global Listed Private Eq	PSP	Financial	PowerShares	0.00%	7.85%	19.32%	23.98%	5.04%
PowerShares DWA Technical Leaders	PDP	Mid-Cap Growth	PowerShares	0.00%	4.42%	15.88%	25.86%	16.11%
PowerShares Morningstar StockInvestor Cr	PYH	Mid-Cap Growth	PowerShares	0.00%	11.36%	14.61%	28.22%	10.97%
Guggenheim BRIC	EEB	Diversified Emerging Mkts	Guggenheim Investments	0.00%	4.11%	1.28%	7.30%	(0.77%)
Guggenheim Insider Sentiment	NFO	Mid-Cap Blend	Guggenheim Investments	0.00%	6.80%	13.25%	28.78%	13.27%
Guggenheim Sector Rotation	XRO	Large Growth	Guggenheim Investments	0.00%	12.47%	12.99%	0.46%	21.64%
Guggenheim Multi-Asset Income	CVY	Large Value	Guggenheim Investments	0.00%	6.65%	13.67%	26.05%	15.72%
WisdomTree Commodity Country Equity	CCXE	Natural Resources	WisdomTree	0.00%	8.32%	12.22%	22.15%	9.32%
WisdomTree Global Natural Resources	GNAT	Equity Energy	WisdomTree	0.00%	6.55%	2.90%	15.76%	0.84%
WisdomTree Global ex-US Utilities	DBU	Utilities	WisdomTree	0.00%	1.77%	2.44%	4.04%	(4.41%)
Vanguard High Dividend Yield Indx ETF	VYM	Large Value	Vanguard	0.00%	5.57%	13.90%	28.60%	14.49%
PowerShares DB G10 Currency Harvest	DBV	Currency	Deutsche Bank	0.00%	3.09%	6.78%	10.54%	3.31%
PowerShares FTSE RAFI US 1500 Small-Mid	PRFZ	Small Blend	PowerShares	0.00%	5.36%	13.83%	30.81%	12.09%
Guggenheim EW Euro-Pacific LDRs	EEN	Foreign Large Blend	Guggenheim Investments	0.00%	16.57%	13.28%	(12.14%)	20.52%
iShares S&P Global Cons Discretionary	RXI	Consumer Cyclical	iShares	0.00%	5.20%	17.10%	25.35%	13.16%
iShares S&P Global Consumer Staples	KXI	Consumer Defensive	iShares	0.00%	5.18%	12.62%	22.40%	14.06%
iShares S&P Global Industrials	EXI	Industrials	iShares	0.00%	4.00%	9.25%	21.56%	8.44%
iShares S&P Global Materials	MXI	Natural Resources	iShares	0.00%	6.08%	4.97%	13.10%	3.96%
iShares S&P Global Utilities	JXI	Utilities	iShares	0.00%	0.31%	3.08%	6.52%	0.38%
Wilshire Micro-Cap ETF	WMCR	Small Blend	Guggenheim Investments	0.00%	7.98%	24.84%	36.48%	9.59%
PowerShares Dynamic Basic Materials	PYZ	Natural Resources	PowerShares	0.00%	7.87%	20.35%	38.75%	15.37%
PowerShares Dynamic Consumer Disc	PEZ	Consumer Cyclical	PowerShares	0.00%	7.25%	17.92%	33.03%	17.02%
PowerShares Dynamic Consumer Staples	PSL	Consumer Defensive	PowerShares	0.00%	3.29%	9.46%	18.93%	13.98%
PowerShares Dynamic Healthcare	PTH	Health	PowerShares	0.00%	5.11%	18.87%	31.53%	16.82%
PowerShares Dynamic Industrials	PRN	Industrials	PowerShares	0.00%	1.94%	9.20%	28.17%	12.11%
PowerShares Dynamic Technology	PTF	Technology	PowerShares	0.00%	4.31%	14.30%	27.20%	7.64%
PowerShares Dynamic Banking	PJB	Financial	PowerShares	0.00%	8.05%	20.18%	48.92%	6.73%
PowerShares Buyback Achievers	PKW	Large Blend	PowerShares	0.00%	5.50%	13.57%	28.21%	16.57%
PowerShares Cleantech	PZD	Equity Energy	PowerShares	0.00%	2.68%	1.75%	5.98%	(2.19%)
PowerShares Dynamic Energy	PXI	Equity Energy	PowerShares	0.00%	12.27%	11.45%	35.57%	19.91%
PowerShares Dynamic Financials	PFI	Financial	PowerShares	0.00%	7.77%	17.48%	35.61%	8.46%
PowerShares Dynamic MagniQuant	PIQ	Mid-Cap Blend	PowerShares	0.00%	6.17%	14.01%	31.97%	12.21%
PowerShares Fundamental Pure Large Core	PXLC	Large Blend	PowerShares	0.00%	3.82%	13.24%	24.96%	11.90%
PowerShares Fundamental Pure Mid Core	PXMC	Mid-Cap Blend	PowerShares	0.00%	6.01%	10.00%	22.54%	11.53%
PowerShares Fundamental Pure Small Core	PXSC	Small Blend	PowerShares	0.00%	8.21%	10.39%	25.84%	11.97%
First Trust Value Line Equity Allc Index	FVI	Mid-Cap Blend	First Trust	0.00%	6.43%	7.46%	18.32%	7.99%
First Trust Value Line Dividend Index	FVD	Large Value	First Trust	0.00%	4.01%	10.69%	23.58%	14.59%
PowerShares WilderHill Progrsv Energy	PUW	Equity Energy	PowerShares	0.00%	6.05%	11.55%	25.67%	4.57%
Guggenheim S&P 500 Eq Weight Cons Discre	RCD	Consumer Cyclical	Guggenheim Investments	0.00%	6.65%	18.25%	34.12%	18.94%
Guggenheim S&P 500 Eq Wt Cons Staples	RHS	Consumer Defensive	Guggenheim Investments	0.00%	2.40%	10.83%	22.26%	15.85%
Guggenheim S&P 500 Equal Weight Energy	RYE	Equity Energy	Guggenheim Investments	0.00%	12.20%	5.39%	24.49%	12.30%
Guggenheim S&P 500 Eq Weight Financials	RYF	Financial	Guggenheim Investments	0.00%	6.51%	19.55%	32.53%	8.46%
Guggenheim S&P 500 Eq Weight Healthcare	RYH	Health	Guggenheim Investments	0.00%	4.93%	18.54%	26.67%	15.31%
Guggenheim S&P 500 Eq Wt Industrials	RGI	Industrials	Guggenheim Investments	0.00%	4.24%	9.18%	25.58%	12.71%
Guggenheim S&P 500 Eq Weight Materials	RTM	Natural Resources	Guggenheim Investments	0.00%	5.93%	10.47%	27.11%	10.17%
Guggenheim S&P 500 Eq Weight Technology	RYT	Technology	Guggenheim Investments	0.00%	4.81%	10.43%	21.72%	10.13%
Guggenheim S&P 500 Eq Weight Utilities	RYU	Utilities	Guggenheim Investments	0.00%	6.88%	11.40%	19.00%	15.26%
iShares KLD 400 Social Index	DSI	Large Blend	iShares	0.00%	6.10%	12.39%	25.02%	10.87%
SPDR Russell/Nomura PRIME Japan	JPP	Japan Stock	State Street Global Advisors	0.00%	(0.67%)	0.96%	0.92%	(0.29%)
SPDR Russell/Nomura Small Cap Japan	JSC	Japan Stock	State Street Global Advisors	0.00%	(0.77%)	1.30%	(2.26%)	2.72%
iPath MSCI India Index ETN	INP	India Equity	Barclays Bank PLC	0.00%	13.83%	25.91%	9.05%	(0.13%)
Guggenheim Spin-Off	CSD	Mid-Cap Blend	Guggenheim Investments	0.00%	3.28%	16.88%	32.63%	17.25%
Guggenheim Ocean Tomo Patent	OTP	Large Blend	Guggenheim Investments	0.00%	11.86%	11.18%	(0.28%)	23.05%
Guggenheim Defensive Equity	DEF	Large Value	Guggenheim Investments	0.00%	3.58%	8.25%	20.40%	16.15%
SPDR Dow Jones Intl Real Estate	RWX	Global Real Estate	State Street Global Advisors	0.00%	7.67%	27.09%	27.98%	9.75%
SPDR S&P Emerging Asia Pacific	GMF	Pacific/Asia ex-Japan Stk	State Street Global Advisors	0.00%	5.69%	11.15%	17.74%	4.88%
SPDR S&P China	GXC	China Region	State Street Global Advisors	0.00%	2.21%	6.43%	19.38%	0.95%
SPDR S&P Emerging Markets	GMM	Diversified Emerging Mkts	State Street Global Advisors	0.00%	5.58%	10.05%	16.95%	4.83%
SPDR S&P Emerging Europe	GUR	Diversified Emerging Mkts	State Street Global Advisors	0.00%	9.73%	15.15%	18.12%	2.60%
SPDR S&P Emerging Latin America	GML	Latin America Stock	State Street Global Advisors	0.00%	3.94%	4.18%	15.33%	2.82%
SPDR S&P Emerging Middle East & Africa	GAF	Diversified Emerging Mkts	State Street Global Advisors	0.00%	5.65%	13.50%	21.12%	8.76%
SPDR S&P World ex-US	GWL	Foreign Large Blend	State Street Global Advisors	0.00%	6.65%	11.21%	16.20%	2.84%
ProShares Ultra Russell2000	UWM	Trading-Leveraged Equity	ProShares	0.00%	9.08%	26.51%	61.96%	18.31%
ProShares Ultra SmallCap600	SAA	Trading-Leveraged Equity	ProShares	0.00%	10.44%	25.48%	65.43%	22.69%
ProShares Ultra Basic Materials	UYM	Trading-Leveraged Equity	ProShares	0.00%	9.47%	9.65%	38.72%	8.84%
ProShares Ultra Consumer Goods	UGE	Trading-Leveraged Equity	ProShares	0.00%	11.92%	22.93%	46.18%	29.03%
ProShares Ultra Consumer Services	UCC	Trading-Leveraged Equity	ProShares	0.00%	13.32%	45.74%	76.97%	37.41%
ProShares Ultra Financials	UYG	Trading-Leveraged Equity	ProShares	0.00%	11.76%	40.95%	69.48%	2.07%
ProShares Ultra Health Care	RXL	Trading-Leveraged Equity	ProShares	0.00%	14.32%	41.89%	68.30%	27.10%
ProShares Ultra Industrials	UXI	Trading-Leveraged Equity	ProShares	0.00%	8.00%	22.61%	61.88%	22.08%
ProShares Ultra Oil & Gas	DIG	Trading-Leveraged Equity	ProShares	0.00%	20.27%	11.26%	49.08%	15.37%
ProShares Ultra Real Estate	URE	Trading-Leveraged Equity	ProShares	0.00%	2.40%	32.82%	66.47%	32.29%
ProShares Ultra Semiconductors	USD	Trading-Leveraged Equity	ProShares	0.00%	(13.68%)	(9.46%)	6.39%	2.68%
ProShares Ultra Technology	ROM	Trading-Leveraged Equity	ProShares	0.00%	12.47%	38.60%	58.32%	23.38%
ProShares Ultra Telecommunications	LTL	Trading-Leveraged Equity	ProShares	0.00%	36.29%	51.16%	52.47%	24.56%
ProShares Ultra Utilities	UPW	Trading-Leveraged Equity	ProShares	0.00%	0.27%	6.37%	24.66%	22.04%
ProShares Short Russell2000	RWM	Trading-Inverse Equity	ProShares	0.00%	(5.95%)	(15.84%)	(30.28%)	(18.91%)
ProShares Short SmallCap600	SBB	Trading-Inverse Equity	ProShares	0.00%	(6.37%)	(14.82%)	(30.29%)	(19.70%)
ProShares Short Basic Materials	SBM	Trading-Inverse Equity	ProShares	0.00%	(6.62%)	(10.01%)	(25.40%)	N/A
ProShares Short Financials	SEF	Trading-Inverse Equity	ProShares	0.00%	(6.47%)	(19.50%)	(31.22%)	(12.47%)
ProShares Short Oil & Gas	DDG	Trading-Inverse Equity	ProShares	0.00%	(10.43%)	(9.56%)	(24.93%)	(16.68%)
ProShares Short Real Estate	REK	Trading-Inverse Equity	ProShares	0.00%	(2.13%)	(16.45%)	(28.87%)	N/A
ProShares UltraShort Russell2000	TWM	Trading-Inverse Equity	ProShares	0.00%	(11.47%)	(30.41%)	(53.97%)	(38.37%)
ProShares UltraShort SmallCap600	SDD	Trading-Inverse Equity	ProShares	0.00%	(12.77%)	(29.05%)	(54.47%)	(39.27%)
ProShares UltraShort Basic Materials	SMN	Trading-Inverse Equity	ProShares	0.00%	(12.36%)	(21.20%)	(48.05%)	(35.52%)
ProShares UltraShort Consumer Goods	SZK	Trading-Inverse Equity	ProShares	0.00%	(9.91%)	(21.63%)	(36.94%)	(30.40%)
ProShares UltraShort Consumer Services	SCC	Trading-Inverse Equity	ProShares	0.00%	(13.54%)	(36.51%)	(51.99%)	(38.80%)
ProShares UltraShort Financials	SKF	Trading-Inverse Equity	ProShares	0.00%	(12.67%)	(36.33%)	(55.24%)	(27.76%)
ProShares UltraShort Health Care	RXD	Trading-Inverse Equity	ProShares	0.00%	(13.87%)	(32.48%)	(45.80%)	(30.60%)
ProShares UltraShort Industrials	SIJ	Trading-Inverse Equity	ProShares	0.00%	(10.22%)	(26.28%)	(50.09%)	(35.28%)
ProShares UltraShort Oil & Gas	DUG	Trading-Inverse Equity	ProShares	0.00%	(19.88%)	(20.60%)	(48.49%)	(34.54%)
ProShares UltraShort Real Estate	SRS	Trading-Inverse Equity	ProShares	0.00%	(4.17%)	(30.60%)	(51.16%)	(44.01%)
ProShares UltraShort Semiconductors	SSG	Trading-Inverse Equity	ProShares	0.00%	10.38%	(5.48%)	(29.14%)	(27.85%)
ProShares UltraShort Technology	REW	Trading-Inverse Equity	ProShares	0.00%	(14.03%)	(35.19%)	(47.82%)	(33.64%)
ProShares UltraShort Telecommunications	TLL	Trading-Inverse Equity	ProShares	0.00%	(25.54%)	(37.88%)	(44.52%)	(31.89%)
ProShares UltraShort Utilities	SDP	Trading-Inverse Equity	ProShares	0.00%	(2.06%)	(9.80%)	(26.50%)	(26.92%)
PowerShares DB Gold	DGL	Commodities Precious Metals	Deutsche Bank	0.00%	10.69%	12.18%	7.48%	18.98%
PowerShares DB Oil	DBO	Commodities Energy	Deutsche Bank	0.00%	6.31%	(8.61%)	13.32%	1.64%
PowerShares DB Precious Metals	DBP	Commodities Precious Metals	Deutsche Bank	0.00%	13.39%	14.44%	9.17%	20.44%
PowerShares DB Base Metals	DBB	Commodities Industrial Metals	Deutsche Bank	0.00%	8.20%	6.17%	6.74%	2.70%
PowerShares DB Silver	DBS	Commodities Precious Metals	Deutsche Bank	0.00%	25.89%	24.53%	15.70%	26.16%
PowerShares DB Agriculture	DBA	Commodities Agriculture	Deutsche Bank	0.00%	4.22%	1.84%	(0.86%)	4.92%
PowerShares DB Energy	DBE	Commodities Energy	Deutsche Bank	0.00%	12.64%	2.93%	10.58%	6.37%
iShares Barclays Short Treasury Bond	SHV	Short Government	iShares	0.00%	0.01%	(0.01%)	(0.01%)	0.08%
iShares Barclays 3-7 Year Treasury Bond	IEI	Intermediate Government	iShares	0.00%	0.79%	2.06%	2.99%	5.31%
iShares Barclays 1-3 Year Credit Bond	CSJ	Short-Term Bond	iShares	0.00%	1.40%	2.59%	3.40%	2.66%
iShares Barclays 10-20 Year Treasury Bd	TLH	Long Government	iShares	0.00%	0.60%	4.46%	5.92%	10.20%
iShares Barclays Intermediate Credit Bd	CIU	Intermediate-Term Bond	iShares	0.00%	2.73%	6.26%	7.94%	6.56%
iShares Barclays Credit Bond	CFT	Intermediate-Term Bond	iShares	0.00%	3.53%	7.07%	9.67%	8.04%
iShares Barclays Interm Govt/Credit Bond	GVI	Intermediate-Term Bond	iShares	0.00%	1.40%	3.13%	4.10%	4.81%
iShares Barclays Government/Credit Bond	GBF	Intermediate-Term Bond	iShares	0.00%	1.74%	3.82%	5.77%	6.16%
iShares Barclays MBS Bond	MBB	Intermediate-Term Bond	iShares	0.00%	1.09%	2.53%	3.47%	4.84%
SPDR MSCI ACWI (ex-US)	CWI	Foreign Large Blend	State Street Global Advisors	0.00%	6.18%	8.85%	15.90%	2.56%
SPDR FTSE/Macquarie Global Infra 100	GII	Industrials	State Street Global Advisors	0.00%	1.89%	4.44%	9.43%	2.81%
First Trust Value Line 100 ETF	FVL	Mid-Cap Growth	First Trust	0.00%	4.34%	7.00%	25.62%	10.84%
CurrencyShares Japanese Yen Trust	FXY	Currency	Guggenheim Investments	0.00%	2.33%	(1.66%)	(1.56%)	4.36%
ProShares Ultra Russell1000 Value	UVG	Trading-Leveraged Equity	ProShares	0.00%	23.81%	31.23%	58.85%	18.67%
ProShares Ultra Russell1000 Growth	UKF	Trading-Leveraged Equity	ProShares	0.00%	19.81%	32.23%	58.66%	25.35%
ProShares Ultra Russell MidCap Value	UVU	Trading-Leveraged Equity	ProShares	0.00%	19.16%	26.31%	54.91%	21.47%
ProShares Ultra Russell MidCap Growth	UKW	Trading-Leveraged Equity	ProShares	0.00%	10.71%	25.45%	51.13%	23.35%
ProShares Ultra Russell2000 Value	UVT	Trading-Leveraged Equity	ProShares	0.00%	11.23%	26.81%	59.20%	14.88%
ProShares Ultra Russell2000 Growth	UKK	Trading-Leveraged Equity	ProShares	0.00%	8.92%	23.99%	58.55%	19.99%
ProShares UltraShort Russell1000 Value	SJF	Trading-Inverse Equity	ProShares	0.00%	(18.15%)	(28.51%)	(46.78%)	(29.92%)
ProShares UltraShort Russell MCap Growth	SDK	Trading-Inverse Equity	ProShares	0.00%	(11.50%)	(26.16%)	(45.14%)	(35.06%)
ProShares UltraShort Russell2000 Growth	SKK	Trading-Inverse Equity	ProShares	0.00%	(12.02%)	(30.89%)	(54.20%)	(39.84%)
ProShares UltraShort Russell2000 Value	SJH	Trading-Inverse Equity	ProShares	0.00%	(14.48%)	(28.96%)	(53.99%)	(36.88%)
First Trust NASDAQ-100 ex-Tech Sec Idx	QQXT	Large Growth	First Trust	0.00%	4.74%	18.23%	21.98%	13.18%
PowerShares DB US Dollar Index Bullish	UUP	Currency	Deutsche Bank	0.00%	(2.45%)	(2.45%)	(1.73%)	(1.29%)
PowerShares DB US Dollar Index Bearish	UDN	Currency	Deutsche Bank	0.00%	2.18%	1.19%	0.04%	(0.92%)
First Trust NASDAQ Cln Edg Green En Idx	QCLN	Equity Energy	First Trust	0.00%	(3.55%)	(6.36%)	(10.29%)	(16.48%)
ProShares UltraShort Russell1000 Growth	SFK	Trading-Inverse Equity	ProShares	0.00%	(13.06%)	(29.96%)	(46.10%)	(32.55%)
ProShares UltraShort Russell MidCap Val	SJL	Trading-Inverse Equity	ProShares	0.00%	(11.63%)	(25.78%)	(46.96%)	(33.82%)
WisdomTree Total Earnings	EXT	Large Blend	WisdomTree	0.00%	6.36%	14.85%	29.21%	13.16%
WisdomTree LargeCap Value	EZY	Large Value	WisdomTree	0.00%	6.75%	14.15%	29.80%	13.96%
WisdomTree Earnings 500	EPS	Large Blend	WisdomTree	0.00%	6.59%	15.18%	29.18%	12.96%
WisdomTree MidCap Earnings	EZM	Mid-Cap Blend	WisdomTree	0.00%	6.72%	11.39%	28.50%	15.13%
WisdomTree SmallCap Earnings	EES	Small Blend	WisdomTree	0.00%	4.74%	12.70%	31.03%	13.11%
WisdomTree Emerging Markets Equity Inc	DEM	Diversified Emerging Mkts	WisdomTree	0.00%	5.08%	8.05%	17.57%	8.26%
WisdomTree Global ex-US Real Estate	DRW	Global Real Estate	WisdomTree	0.00%	9.63%	27.26%	33.17%	8.66%
SPDR Barclays Capital 1-3 Month T-Bill	BIL	Ultrashort Bond	State Street Global Advisors	0.00%	0.00%	(0.04%)	(0.08%)	(0.05%)
SPDR Barclays Capital Interm Term Trs	ITE	Intermediate Government	State Street Global Advisors	0.00%	0.56%	1.72%	2.20%	4.12%
SPDR Barclays Capital Long Term Treasury	TLO	Long Government	State Street Global Advisors	0.00%	(0.07%)	4.44%	5.82%	11.68%
SPDR Barclays Capital TIPS	IPE	Inflation-Protected Bond	State Street Global Advisors	0.00%	2.11%	6.08%	9.03%	9.26%
SPDR Barclays Capital Short Term Corp Bd	SCPB	Short-Term Bond	State Street Global Advisors	0.00%	1.65%	3.47%	3.56%	N/A
SPDR Barclays Capital Aggregate Bond	LAG	Intermediate-Term Bond	State Street Global Advisors	0.00%	1.35%	3.55%	4.63%	5.93%
Vanguard FTSE All-World ex-US ETF	VEU	Foreign Large Blend	Vanguard	0.00%	6.75%	10.33%	16.93%	2.97%
db-X 2010 Target Date ETF	TDD	Target Date 2000-2010	Deutsche Bank	0.00%	0.99%	(7.68%)	(8.62%)	(0.81%)
db-X 2020 Target Date ETF	TDH	Target Date 2016-2020	Deutsche Bank	0.00%	6.31%	4.04%	8.31%	5.28%
db-X 2030 Target Date ETF	TDN	Target Date 2026-2030	Deutsche Bank	0.00%	7.39%	12.49%	16.34%	8.93%
db-X 2040 Target Date ETF	TDV	Target Date 2036-2040	Deutsche Bank	0.00%	6.40%	15.13%	24.86%	9.19%
db-X In-Target Date ETF	TDX	Conservative Allocation	Deutsche Bank	0.00%	4.18%	(5.83%)	(0.22%)	0.28%
Guggenheim Mid-Cap Core	CZA	Mid-Cap Value	Guggenheim Investments	0.00%	4.58%	12.13%	28.31%	15.60%
Guggenheim International Small Cap LDRs	XGC	Foreign Small/Mid Growth	Guggenheim Investments	0.00%	17.18%	20.20%	(17.68%)	23.92%
Guggenheim Ocean Tomo Growth Index	OTR	Large Growth	Guggenheim Investments	0.00%	12.55%	13.45%	8.86%	30.11%
iShares S&P U.S. Preferred Stock Index	PFF	Miscellaneous Sector	iShares	0.00%	3.76%	16.35%	18.92%	10.47%
Market Vectors Glb Alternatve Energy ETF	GEX	Natural Resources	Van Eck	0.00%	(0.10%)	(6.42%)	(13.94%)	(25.33%)
Market Vectors Russia ETF	RSX	Europe Stock	Van Eck	0.00%	10.05%	8.03%	16.26%	2.21%
iShares iBoxx $ High Yield Corporate Bd	HYG	High Yield Bond	iShares	0.00%	2.81%	8.06%	19.62%	10.63%
Vanguard Short-Term Bond ETF	BSV	Short-Term Bond	Vanguard	0.00%	0.77%	1.86%	2.20%	2.97%
Vanguard Intermediate-Term Bond ETF	BIV	Intermediate-Term Bond	Vanguard	0.00%	2.42%	6.35%	8.04%	8.70%
Vanguard Long-Term Bond Index ETF	BLV	Long-Term Bond	Vanguard	0.00%	2.81%	8.10%	10.88%	12.31%
Vanguard Total Bond Market ETF	BND	Intermediate-Term Bond	Vanguard	0.00%	1.58%	3.90%	5.17%	6.03%
iShares MSCI BRIC Index	BKF	Diversified Emerging Mkts	iShares	0.00%	5.21%	6.03%	14.40%	(1.44%)
iShares MSCI Chile Investable Mkt Idx	ECH	Latin America Stock	iShares	0.00%	1.02%	9.21%	18.64%	10.58%
iShares MSCI Thailand Invest Mkt Index	THD	Pacific/Asia ex-Japan Stk	iShares	0.00%	9.83%	28.27%	46.66%	25.36%
iShares MSCI Turkey Invest Mkt Index	TUR	Diversified Emerging Mkts	iShares	0.00%	6.76%	38.59%	20.25%	5.96%
Guggenheim S&P Global Dividend Opps Idx	LVL	World Stock	Guggenheim Investments	0.00%	5.99%	3.59%	9.50%	3.85%
United States Natural Gas	UNG	Commodities Energy	United States Commodity Funds LLC	0.00%	10.63%	(17.41%)	(40.76%)	(38.98%)
SPDR S&P International Small Cap	GWX	Foreign Small/Mid Blend	State Street Global Advisors	0.00%	5.89%	9.76%	13.08%	4.82%
First Trust Consumer Disc AlphaDEX	FXD	Consumer Cyclical	First Trust	0.00%	7.30%	11.52%	23.65%	15.96%
First Trust Consumer Staples AlphaDEX	FXG	Consumer Defensive	First Trust	0.00%	(0.53%)	3.31%	10.09%	13.09%
First Trust Energy AlphaDEX	FXN	Equity Energy	First Trust	0.00%	9.89%	1.66%	18.88%	8.11%
First Trust Financials AlphaDEX	FXO	Financial	First Trust	0.00%	4.17%	16.13%	31.33%	9.15%
First Trust Health Care AlphaDEX	FXH	Health	First Trust	0.00%	6.14%	21.09%	28.23%	19.14%
First Trust Indust/Producer Dur AlphaDEX	FXR	Industrials	First Trust	0.00%	3.60%	7.82%	25.98%	11.27%
First Trust Materials AlphaDEX	FXZ	Natural Resources	First Trust	0.00%	6.80%	16.17%	35.00%	12.83%
First Trust Technology AlphaDEX	FXL	Technology	First Trust	0.00%	3.36%	7.59%	18.15%	10.14%
First Trust Utilities AlphaDEX	FXU	Utilities	First Trust	0.00%	8.00%	8.05%	16.33%	12.34%
First Trust Large Cap Core AlphaDEX	FEX	Large Blend	First Trust	0.00%	5.83%	11.55%	24.43%	12.91%
First Trust Mid Cap Core AlphaDEX	FNX	Mid-Cap Blend	First Trust	0.00%	4.52%	10.18%	26.66%	14.21%
First Trust Small Cap Core AlphaDEX	FYX	Small Blend	First Trust	0.00%	6.57%	12.71%	31.98%	14.41%
First Trust Large Cap Value Opp AlphaDEX	FTA	Large Value	First Trust	0.00%	7.16%	13.25%	27.58%	13.73%
First Trust Large Cap Gr Opp AlphaDEX	FTC	Large Growth	First Trust	0.00%	4.10%	8.46%	19.04%	11.74%
First Trust Multi Cap Value AlphaDEX	FAB	Mid-Cap Value	First Trust	0.00%	6.62%	12.55%	28.68%	14.08%
First Trust Multi Cap Growth AlphaDEX	FAD	Mid-Cap Growth	First Trust	0.00%	4.23%	8.90%	22.26%	13.03%
First Trust S&P REIT Idx	FRI	Real Estate	First Trust	0.00%	0.15%	14.58%	31.94%	19.84%
iShares FTSE NAREIT Resid Plus Cp Idx	REZ	Real Estate	iShares	0.00%	(1.31%)	9.05%	25.36%	22.48%
iShares FTSE NAREIT Industrl/Offc Cp Idx	FNIO	Real Estate	iShares	0.00%	2.53%	17.32%	29.30%	12.42%
iShares FTSE NAREIT Retail Cp Idx	RTL	Real Estate	iShares	0.00%	3.73%	23.05%	41.07%	23.67%
iShares FTSE NAREIT Mort Plus Cp Idx	REM	Real Estate	iShares	0.00%	8.77%	29.59%	36.45%	11.27%
iShares FTSE NAREIT Real Estate 50	FTY	Real Estate	iShares	0.00%	1.17%	14.94%	29.43%	20.21%
Guggenheim S&P Global Water Index	CGW	Industrials	Guggenheim Investments	0.00%	5.86%	15.74%	21.00%	8.58%
iPath JPY/USD Exchange Rate ETN	JYN	Currency	Barclays Bank PLC	0.00%	2.17%	(1.61%)	(1.83%)	4.35%
iPath GBP/USD Exchange Rate ETN	GBB	Currency	Barclays Bank PLC	0.00%	4.29%	5.50%	4.39%	0.44%
iPath EUR/USD Exchange Rate ETN	ERO	Currency	Barclays Bank PLC	0.00%	3.56%	(0.74%)	(4.09%)	(4.32%)
iShares FTSE Dev Sm Cap ex-North Amer	IFSM	Foreign Small/Mid Blend	iShares	0.00%	7.92%	14.92%	15.22%	4.22%
iShares FTSE EPRA/NAREIT Dev EU Idx	IFEU	Global Real Estate	iShares	0.00%	5.16%	20.09%	16.04%	4.34%
iShares FTSE EPRA/NAREIT Dev Asia Idx	IFAS	Global Real Estate	iShares	0.00%	11.39%	32.99%	32.28%	7.33%
iShares FTSE EPRA/NAREIT North America	IFNA	Real Estate	iShares	0.00%	0.82%	14.86%	29.45%	19.66%
First Trust ISE Chindia Idx	FNI	Pacific/Asia ex-Japan Stk	First Trust	0.00%	7.56%	14.35%	13.01%	2.42%
First Trust ISE-Revere Natural Gas Idx	FCG	Equity Energy	First Trust	0.00%	5.94%	(4.01%)	10.53%	1.85%
First Trust ISE Water Idx	FIW	Industrials	First Trust	0.00%	8.74%	18.83%	32.47%	11.28%
iPath CBOE S&P 500 BuyWrite Index ETN	BWV	Long/Short Equity	Barclays Bank PLC	0.00%	3.55%	7.06%	25.23%	8.95%
PowerShares Global Clean Energy	PBD	Equity Energy	PowerShares	0.00%	0.49%	(5.96%)	(11.10%)	(22.18%)
PowerShares Global Water	PIO	Industrials	PowerShares	0.00%	5.26%	12.74%	13.05%	1.32%
PowerShares S&P Intl Dev High Quality	IDHQ	Foreign Large Blend	PowerShares	0.00%	9.31%	16.36%	17.39%	4.01%
PowerShares FTSE RAFI Asia Pacific ex-Jp	PAF	Pacific/Asia ex-Japan Stk	PowerShares	0.00%	9.52%	15.50%	25.85%	8.24%
PowerShares FTSE RAFI Dev Mkts ex-US	PXF	Foreign Large Value	PowerShares	0.00%	6.09%	7.07%	10.59%	(2.17%)
iShares Dow Jones Intl Select Div Idx	IDV	Foreign Large Value	iShares	0.00%	6.62%	11.49%	17.87%	5.26%
SPDR S&P BRIC 40	BIK	Diversified Emerging Mkts	State Street Global Advisors	0.00%	5.92%	6.13%	15.18%	1.70%
Guggenheim Canadian Energy Income	ENY	Equity Energy	Guggenheim Investments	0.00%	14.76%	2.08%	22.93%	5.78%
Guggenheim International Multi-Asset Inc	HGI	Foreign Large Value	Guggenheim Investments	0.00%	5.58%	4.37%	12.97%	3.37%
Vanguard MSCI EAFE ETF	VEA	Foreign Large Blend	Vanguard	0.00%	6.28%	9.57%	15.25%	2.03%
PowerShares FTSE RAFI Dev Mkts ex-US S/M	PDN	Foreign Small/Mid Value	PowerShares	0.00%	4.49%	8.15%	8.46%	3.66%
PowerShares FTSE RAFI Emerging Markets	PXH	Diversified Emerging Mkts	PowerShares	0.00%	6.73%	7.43%	15.48%	1.74%
GS Connect S&P GSCI Enh Commodity TR ETN	GSC	Commodities Broad Basket	Goldman Sachs	0.00%	11.65%	1.76%	12.53%	6.99%
Market Vectors Agribusiness ETF	MOO	Natural Resources	Van Eck	0.00%	4.46%	9.84%	20.57%	11.08%
Market Vectors Uranium+Nuclear Enrgy ETF	NLR	Equity Energy	Van Eck	0.00%	3.51%	(0.61%)	(2.16%)	(9.34%)
iShares S&P Dev ex-US Property Index	WPS	Global Real Estate	iShares	0.00%	9.58%	26.97%	27.92%	8.01%
ELEMENTS SPECTRUM Lg Cap U.S. Sector ETN	EEH	Large Blend	Swedish Export Credit Corporation	0.00%	5.63%	12.19%	25.27%	11.17%
Vanguard Extended Dur Trs Idx ETF	EDV	Long Government	Vanguard	0.00%	(1.04%)	4.75%	6.68%	15.51%
First Trust STOXX Euro Select Div Idx	FDD	Europe Stock	First Trust	0.00%	7.30%	6.54%	9.10%	0.17%
First Trust FTSE EN Dev Mkts Rel Est Idx	FFR	Global Real Estate	First Trust	0.00%	4.85%	20.59%	30.71%	11.75%
iShares S&P National AMT-Free Muni Bd	MUB	Muni National Long	iShares	0.00%	2.50%	5.52%	8.27%	5.45%
SPDR Nuveen Barclays Capital Muni Bond	TFI	Muni National Long	State Street Global Advisors	0.00%	2.59%	5.58%	8.54%	5.72%
iShares MSCI Japan Small Cap Index	SCJ	Japan Stock	iShares	0.00%	(0.57%)	2.00%	(1.74%)	2.41%
iShares MSCI EAFE Small Cap Index	SCZ	Foreign Small/Mid Blend	iShares	0.00%	7.08%	13.17%	14.49%	5.26%
SPDR Barclays Capital Intl Treasury Bond	BWX	World Bond	State Street Global Advisors	0.00%	4.56%	5.94%	5.84%	3.76%
iShares JPMorgan USD Emerg Markets Bond	EMB	Emerging Markets Bond	iShares	0.00%	6.89%	13.96%	20.55%	10.96%
iShares S&P CA AMT-Free Municipal Bd	CMF	Muni California Long	iShares	0.00%	3.50%	7.40%	10.03%	6.35%
iShares S&P NY AMT-Free Municipal Bd	NYF	Muni New York Long	iShares	0.00%	2.47%	6.35%	8.12%	5.44%
PowerShares NASDAQ-100 BuyWrite	PQBW	Long/Short Equity	PowerShares	0.00%	7.78%	0.36%	5.31%	N/A
PowerShares S&P 500 BuyWrite	PBP	Long/Short Equity	PowerShares	0.00%	3.05%	7.75%	24.29%	8.28%
PowerShares Insured National Muni Bond	PZA	Muni National Long	PowerShares	0.00%	3.18%	8.73%	10.82%	6.75%
PowerShares Insured New York Muni Bond	PZT	Muni New York Long	PowerShares	0.00%	2.69%	7.20%	9.57%	6.20%
PowerShares Insured California Muni Bond	PWZ	Muni California Long	PowerShares	0.00%	2.39%	7.74%	9.81%	5.93%
PowerShares 1-30 Laddered Treasury	PLW	Long Government	PowerShares	0.00%	0.46%	3.81%	5.05%	9.14%
PowerShares Emerging Mkts Sovereign Debt	PCY	Emerging Markets Bond	PowerShares	0.00%	7.73%	16.57%	23.58%	11.60%
SPDR Nuveen Barclays Capital CA Muni Bd	CXA	Muni California Long	State Street Global Advisors	0.00%	2.79%	8.49%	12.34%	6.53%
SPDR Nuveen Barclays Capital NY Muni Bd	INY	Muni New York Long	State Street Global Advisors	0.00%	3.31%	6.39%	10.51%	5.60%
SPDR Nuveen Barclays Capital S/T Muni Bd	SHM	Muni National Short	State Street Global Advisors	0.00%	0.58%	1.50%	2.10%	2.28%
iShares MSCI Kokusai Index	TOK	World Stock	iShares	0.00%	7.31%	12.41%	22.81%	8.15%
ELEMENTS Morningstar Wide Moat Focus ETN	WMW	Large Blend	Deutsche Bank	0.00%	9.05%	17.97%	35.79%	12.22%
iPath DJ-UBS Agriculture TR Sub-Idx ETN	JJA	Commodities Agriculture	Barclays Bank PLC	0.00%	9.65%	15.42%	18.53%	14.81%
iPath DJ-UBS Energy TR Sub-Idx ETN	JJE	Commodities Energy	Barclays Bank PLC	0.00%	12.48%	(6.32%)	(4.42%)	(10.90%)
iPath DJ-UBS Grains TR Sub-Idx ETN	JJG	Commodities Agriculture	Barclays Bank PLC	0.00%	15.72%	33.58%	40.50%	19.02%
iPath DJ-UBS Ind Metals TR Sub-Idx ETN	JJM	Commodities Industrial Metals	Barclays Bank PLC	0.00%	8.23%	4.27%	6.69%	1.68%
iPath DJ-UBS Livestock TR Sub-Idx ETN	COW	Commodities Agriculture	Barclays Bank PLC	0.00%	(5.56%)	(8.61%)	(12.77%)	(0.12%)
iPath DJ-UBS Natural Gas TR Sub-Idx ETN	GAZ	Commodities Energy	Barclays Bank PLC	0.00%	(4.38%)	(18.83%)	(45.74%)	(42.20%)
iPath DJ-UBS Nickel TR Sub-Idx ETN	JJN	Commodities Industrial Metals	Barclays Bank PLC	0.00%	10.44%	(2.89%)	3.15%	(0.83%)
iPath DJ-UBS Copper TR Sub-Idx ETN	JJC	Commodities Industrial Metals	Barclays Bank PLC	0.00%	6.92%	8.06%	18.35%	7.13%
ProShares Short MSCI EAFE	EFZ	Trading-Inverse Equity	ProShares	0.00%	(6.68%)	(11.83%)	(18.78%)	(9.17%)
ProShares Short MSCI Emerging Markets	EUM	Trading-Inverse Equity	ProShares	0.00%	(6.48%)	(13.09%)	(23.87%)	(12.00%)
ProShares UltraShort FTSE China 25	FXP	Trading-Inverse Equity	ProShares	0.00%	(9.52%)	(17.65%)	(44.88%)	(20.08%)
ProShares UltraShort MSCI Japan	EWV	Trading-Inverse Equity	ProShares	0.00%	2.17%	(9.44%)	(9.63%)	(11.85%)
ProShares UltraShort MSCI EAFE	EFU	Trading-Inverse Equity	ProShares	0.00%	(13.42%)	(23.90%)	(36.91%)	(22.18%)
WisdomTree Emerging Mkts SmallCap Div	DGS	Diversified Emerging Mkts	WisdomTree	0.00%	7.50%	14.12%	22.68%	7.87%
ELEMENTS Rogers Intl Commodity ETN	RJI	Commodities Broad Basket	Swedish Export Credit Corporation	0.00%	10.96%	4.70%	10.41%	8.37%
ELEMENTS Rogers Intl Commodity Agri ETN	RJA	Commodities Agriculture	Swedish Export Credit Corporation	0.00%	8.09%	7.49%	6.77%	11.13%
ELEMENTS Rogers Intl Commodity Engy ETN	RJN	Commodities Energy	Swedish Export Credit Corporation	0.00%	12.01%	(1.49%)	12.78%	4.15%
ELEMENTS Rogers Intl Commodity Metal ETN	RJZ	Commodities Industrial Metals	Swedish Export Credit Corporation	0.00%	12.22%	9.41%	8.29%	8.38%
ProShares UltraShort MSCI Emerging Mkts	EEV	Trading-Inverse Equity	ProShares	0.00%	(13.19%)	(26.75%)	(45.82%)	(28.10%)
Market Vectors Coal ETF	KOL	Equity Energy	Van Eck	0.00%	(4.77%)	(27.57%)	(21.93%)	(7.65%)
Market Vectors Gaming ETF	BJK	Consumer Cyclical	Van Eck	0.00%	6.35%	13.11%	25.15%	12.13%
Guggenheim 2x S&P 500	RSU	Trading-Leveraged Equity	Guggenheim Investments	0.00%	12.44%	33.18%	62.87%	22.56%
Guggenheim Inverse 2x S&P 500	RSW	Trading-Inverse Equity	Guggenheim Investments	0.00%	(12.43%)	(29.07%)	(46.36%)	(30.24%)
Guggenheim Timber	CUT	Natural Resources	Guggenheim Investments	0.00%	9.40%	11.19%	18.23%	4.18%
ELEMENTS DJ High Yield Select 10 ETN	DOD	Large Value	Deutsche Bank	0.00%	3.60%	13.12%	27.49%	17.74%
Market Vectors Intermediate Muni ETF	ITM	Muni National Interm	Van Eck	0.00%	2.56%	5.62%	8.69%	6.16%
Market Vectors Long Municipal Index ETF	MLN	Muni National Long	Van Eck	0.00%	3.49%	9.49%	12.74%	7.04%
Market Vectors High-Yield Muni ETF	HYD	High Yield Muni	Van Eck	0.00%	3.51%	14.51%	15.40%	7.76%
First Trust DJ Global Select Dividend	FGD	World Stock	First Trust	0.00%	6.89%	11.84%	18.04%	8.36%
WisdomTree India Earnings	EPI	India Equity	WisdomTree	0.00%	10.41%	22.36%	5.17%	(2.72%)
PowerShares Preferred	PGX	Miscellaneous Sector	PowerShares	0.00%	3.43%	13.46%	16.26%	10.33%
PowerShares Fundamental High Yld Corp Bd	PHB	High Yield Bond	PowerShares	0.00%	3.06%	7.38%	14.49%	9.51%
PowerShares VRDO Tax-Free Weekly	PVI	Muni National Short	PowerShares	0.00%	(0.05%)	(0.01%)	0.18%	0.34%
iShares S&P Asia 50 Index	AIA	Diversified Pacific/Asia	iShares	0.00%	7.22%	14.65%	26.86%	7.09%
iShares FTSE EPRA/NAREIT Dev RE ex-US	IFGL	Global Real Estate	iShares	0.00%	9.64%	26.76%	28.08%	7.92%
SPDR Barclays Capital High Yield Bond	JNK	High Yield Bond	State Street Global Advisors	0.00%	3.68%	9.64%	20.26%	11.32%
United States 12 Month Oil	USL	Commodities Energy	United States Commodity Funds LLC	0.00%	6.85%	(7.26%)	14.79%	3.28%
Claymore CEF GS Connect ETN	GCE	Moderate Allocation	Goldman Sachs	0.00%	6.28%	17.02%	22.51%	11.50%
iShares S&P Global Infrastructure Index	IGF	Industrials	iShares	0.00%	3.80%	8.35%	15.77%	5.81%
Guggenheim China Real Estate	TAO	China Region	Guggenheim Investments	0.00%	10.82%	37.09%	53.68%	5.42%
Vanguard Mega Cap 300 Gr Index ETF	MGK	Large Growth	Vanguard	0.00%	7.19%	19.37%	32.50%	15.03%
Vanguard Mega Cap 300 Index ETF	MGC	Large Blend	Vanguard	0.00%	6.52%	16.97%	30.56%	13.05%
Vanguard Mega Cap 300 Value Index ETF	MGV	Large Value	Vanguard	0.00%	6.09%	14.82%	28.79%	11.05%
PowerShares DWA Dev Mkts Technical Ldrs	PIZ	Foreign Large Blend	PowerShares	0.00%	9.20%	11.05%	19.06%	3.96%
PowerShares DWA Em Mkts Technical Ldrs	PIE	Diversified Emerging Mkts	PowerShares	0.00%	1.59%	8.91%	22.28%	8.95%
iShares MSCI ACWI ex US Index	ACWX	Foreign Large Blend	iShares	0.00%	5.92%	9.08%	16.12%	2.25%
iShares MSCI ACWI Index	ACWI	World Stock	iShares	0.00%	6.43%	12.29%	22.35%	6.83%
iShares MSCI Israel Cap Invest Mkt Index	EIS	Diversified Emerging Mkts	iShares	0.00%	10.00%	3.74%	3.74%	(3.32%)
PowerShares Emerg Mks Infrastructure	PXR	Industrials	PowerShares	0.00%	4.33%	6.83%	16.07%	0.07%
PowerShares Global Nuclear Energy	PKN	Equity Energy	PowerShares	0.00%	3.46%	3.46%	6.93%	(3.86%)
GreenHaven Continuous Commodity Index	GCC	Commodities Broad Basket	GreenHaven	0.00%	7.55%	1.94%	0.53%	8.36%
PowerShares Ibbotson Alternative Compltn	PTO	Moderate Allocation	PowerShares	0.00%	7.13%	10.40%	11.81%	5.52%
PowerShares RiverFront Tactical Bal Gr	PAO	Aggressive Allocation	PowerShares	0.00%	3.12%	9.49%	16.91%	5.51%
PowerShares RiverFront Tactical Gr & Inc	PCA	Moderate Allocation	PowerShares	0.00%	3.20%	7.00%	14.06%	6.44%
Guggenheim China Small Cap	HAO	China Region	Guggenheim Investments	0.00%	(0.30%)	2.38%	12.55%	(4.15%)
ELEMENTS MLCX Grains Index TR ETN	GRU	Commodities Agriculture	Swedish Export Credit Corporation	0.00%	15.30%	28.80%	34.39%	17.05%
ELEMENTS MLCX Biofuels Index TR ETN	FUE	Commodities Agriculture	Swedish Export Credit Corporation	0.00%	8.14%	14.35%	18.86%	15.82%
Guggenheim Enhanced Core Bond	GIY	Intermediate-Term Bond	Guggenheim Investments	0.00%	0.57%	2.63%	4.62%	7.83%
Guggenheim Enhanced Short Dur Bond ETF	GSY	Ultrashort Bond	Guggenheim Investments	0.00%	0.42%	1.07%	1.19%	0.33%
SPDR S&P International Dividend	DWX	Foreign Large Value	State Street Global Advisors	0.00%	2.76%	2.90%	8.60%	0.55%
RevenueShares Large Cap	RWL	Large Value	VTL Associates, LLC	0.00%	6.63%	15.74%	28.91%	12.90%
RevenueShares Small Cap	RWJ	Small Blend	VTL Associates, LLC	0.00%	8.57%	14.38%	35.25%	13.47%
RevenueShares Mid Cap	RWK	Mid-Cap Value	VTL Associates, LLC	0.00%	2.40%	8.79%	26.37%	11.55%
Market Vectors Short Municipal Index ETF	SMB	Muni National Short	Van Eck	0.00%	1.12%	2.13%	2.82%	3.04%
United States Gasoline	UGA	Commodities Energy	United States Commodity Funds LLC	0.00%	24.91%	25.25%	31.74%	23.52%
PowerShares India	PIN	India Equity	PowerShares	0.00%	8.88%	15.96%	3.74%	(3.29%)
PowerShares DB Gold Double Long ETN	DGP	Trading-Leveraged Commodities	Deutsche Bank	0.00%	21.91%	23.65%	12.09%	36.97%
PowerShares DB Gold Double Short ETN	DZZ	Trading-Inverse Commodities	Deutsche Bank	0.00%	(19.86%)	(26.72%)	(24.43%)	(39.46%)
PowerShares DB Gold Short ETN	DGZ	Trading-Inverse Commodities	Deutsche Bank	0.00%	(10.23%)	(13.50%)	(11.51%)	(20.59%)
iShares S&P India Nifty 50 Index	INDY	India Equity	iShares	0.00%	12.16%	24.80%	10.43%	N/A
Market Vectors RVE Hard Assets Prod ETF	HAP	Natural Resources	Van Eck	0.00%	6.93%	7.06%	18.37%	6.61%
Market Vectors Solar Energy ETF	KWT	Equity Energy	Van Eck	0.00%	(4.78%)	(32.65%)	(42.60%)	(43.91%)
SPDR DB Intl Govt Infl-Protected Bond	WIP	World Bond	State Street Global Advisors	0.00%	5.84%	9.82%	11.29%	6.15%
PowerShares FTSE NASDAQ Small Cap	PQSC	Small Growth	PowerShares	0.00%	22.01%	15.11%	26.63%	N/A
PowerShares NASDAQ Internet	PNQI	Technology	PowerShares	0.00%	8.17%	21.56%	29.61%	21.11%
Market Vectors Chinese Renminbi/USD ETN	CNY	Currency	Morgan Stanley	0.00%	0.98%	0.78%	1.70%	0.70%
Market Vectors Indian Rupee/USD ETN	INR	Currency	Morgan Stanley	0.00%	9.80%	7.03%	0.00%	0.75%
iPath Optimized Currency Carry ETN	ICI	Currency	Barclays Bank PLC	0.00%	(0.86%)	0.98%	4.36%	0.93%
PowerShares Active AlphaQ	PQY	Large Growth	PowerShares	0.00%	(9.98%)	(1.79%)	20.38%	4.81%
PowerShares Active Alpha Multi-Cap	PQZ	Mid-Cap Growth	PowerShares	0.00%	(14.18%)	(11.50%)	7.40%	(10.69%)
PowerShares Active Low Duration	PLK	Short Government	PowerShares	0.00%	0.00%	0.26%	(0.16%)	1.08%
PowerShares Active Mega Cap	PMA	Large Blend	PowerShares	0.00%	5.95%	13.60%	24.95%	12.90%
UBS E-TRACS CMCI Silver TR ETN	USV	Commodities Precious Metals	UBS AG	0.00%	28.57%	24.45%	14.31%	25.79%
UBS E-TRACS CMCI Agriculture TR ETN	UAG	Commodities Agriculture	UBS AG	0.00%	7.22%	10.48%	9.73%	14.40%
UBS E-TRACS CMCI Livestock TR ETN	UBC	Commodities Agriculture	UBS AG	0.00%	(3.16%)	(10.01%)	(13.29%)	3.10%
UBS E-TRACS CMCI Industrial Mtls TR ETN	UBM	Commodities Industrial Metals	UBS AG	0.00%	8.85%	5.50%	2.70%	4.48%
UBS E-TRACS CMCI Food TR ETN	FUD	Commodities Agriculture	UBS AG	0.00%	7.55%	12.42%	11.63%	15.02%
UBS E-TRACS CMCI Gold TR ETN	UBG	Commodities Precious Metals	UBS AG	0.00%	12.05%	12.40%	5.06%	19.17%
UBS E-TRACS CMCI Energy TR ETN	UBN	Commodities Energy	UBS AG	0.00%	12.47%	(0.19%)	6.57%	3.49%
UBS E-TRACS CMCI TR ETN	UCI	Commodities Broad Basket	UBS AG	0.00%	9.52%	6.23%	10.31%	8.46%
ELEMENTS CS Global Warming ETN	GWO	Miscellaneous Sector	Credit Suisse AG	0.00%	0.28%	(5.91%)	(1.78%)	0.14%
PowerShares NXQ	PNXQ	Mid-Cap Growth	PowerShares	0.00%	20.22%	26.76%	34.75%	N/A
iPath GEMS Index ETN	JEM	Currency	Barclays Bank PLC	0.00%	1.23%	6.30%	7.31%	0.65%
iShares FTSE China (HK Listed) Index	FCHI	China Region	iShares	0.00%	1.93%	5.22%	18.40%	(0.36%)
iShares MSCI All Country Asia ex Jpn Idx	AAXJ	Pacific/Asia ex-Japan Stk	iShares	0.00%	6.94%	13.87%	22.79%	3.86%
iShares MSCI Emerg Mkts Eastern Eur Idx	ESR	Diversified Emerging Mkts	iShares	0.00%	8.76%	12.20%	19.57%	4.05%
WisdomTree Dreyfus Brazilian Real	BZF	Currency	WisdomTree	0.00%	1.02%	(3.03%)	(0.15%)	2.12%
WisdomTree Dreyfus Chinese Yuan	CYB	Currency	WisdomTree	0.00%	0.67%	0.75%	2.60%	0.93%
WisdomTree Euro Debt	EU	World Bond	WisdomTree	0.00%	15.34%	13.84%	4.10%	(1.37%)
WisdomTree Dreyfus Indian Rupee	ICN	Currency	WisdomTree	0.00%	6.64%	7.01%	0.65%	0.80%
WisdomTree Dreyfus Japanese Yen	JYF	Currency	WisdomTree	0.00%	0.79%	(2.77%)	(2.07%)	4.11%
WisdomTree Australia & NZ Debt	AUNZ	World Bond	WisdomTree	0.00%	3.24%	8.60%	14.69%	7.96%
WisdomTree Dreyfus South African Rand	SZR	Currency	WisdomTree	0.00%	(0.68%)	1.25%	2.32%	1.98%
United States Diesel-Heating Oil	UHN	Commodities Energy	United States Commodity Funds LLC	0.00%	16.01%	6.48%	11.09%	11.97%
PowerShares DB Agriculture Short ETN	ADZ	Trading-Inverse Commodities	Deutsche Bank	0.00%	(10.27%)	(14.24%)	(16.20%)	(14.72%)
PowerShares DB Agriculture Dble Shrt ETN	AGA	Trading-Inverse Commodities	Deutsche Bank	0.00%	(10.39%)	(20.52%)	(25.03%)	(29.10%)
PowerShares DB Agriculture Dble Long ETN	DAG	Trading-Leveraged Commodities	Deutsche Bank	0.00%	17.69%	22.06%	13.83%	11.43%
Guggenheim Solar	TAN	Equity Energy	Guggenheim Investments	0.00%	(8.62%)	(32.15%)	(43.87%)	(43.08%)
PowerShares DB Agriculture Long ETN	AGF	Commodities Agriculture	Deutsche Bank	0.00%	12.71%	14.47%	15.65%	9.66%
iShares S&P Emerging Mkts Infrastructure	EMIF	Industrials	iShares	0.00%	2.72%	14.86%	29.82%	7.90%
iShares S&P Global Clean Energy Index	ICLN	Equity Energy	iShares	0.00%	(5.12%)	(18.11%)	(22.44%)	(31.53%)
iShares S&P Global Nuclear Energy Index	NUCL	Equity Energy	iShares	0.00%	4.94%	3.31%	5.15%	(5.54%)
iShares S&P Global Timber & Forestry Idx	WOOD	Natural Resources	iShares	0.00%	8.16%	10.69%	21.09%	6.39%
PowerShares DB Commodity Dble Short ETN	DEE	Trading-Inverse Commodities	Deutsche Bank	0.00%	(23.27%)	(14.36%)	(31.08%)	(25.98%)
PowerShares DB Commodity Dble Long ETN	DYY	Trading-Leveraged Commodities	Deutsche Bank	0.00%	18.60%	4.25%	23.01%	12.29%
PowerShares DB Commodity Short ETN	DDP	Trading-Inverse Commodities	Deutsche Bank	0.00%	(9.12%)	(2.80%)	(13.87%)	(10.90%)
PowerShares DB Commodity Long ETN	DPU	Commodities Broad Basket	Deutsche Bank	0.00%	10.74%	3.74%	9.73%	7.33%
ProShares UltraShort 7-10 Year Treasury	PST	Trading-Inverse Debt	ProShares	0.00%	(2.51%)	(9.73%)	(12.79%)	(19.32%)
ProShares UltraShort 20+ Year Treasury	TBT	Trading-Inverse Debt	ProShares	0.00%	(1.58%)	(13.72%)	(19.80%)	(29.24%)
UBS E-TRACS Long Platinum TR ETN	PTM	Commodities Precious Metals	UBS AG	0.00%	15.42%	19.00%	8.74%	7.11%
UBS E-TRACS Short Platinum ER ETN	PTD	Trading-Inverse Commodities	UBS AG	0.00%	3.45%	3.09%	12.28%	(3.75%)
Market Vectors Double Long Euro ETN	URR	Trading-Miscellaneous	Morgan Stanley	0.00%	7.47%	(1.91%)	(11.24%)	(9.95%)
Market Vectors Double Short Euro ETN	DRR	Trading-Miscellaneous	Morgan Stanley	0.00%	(3.49%)	(0.13%)	5.73%	4.36%
Cohen & Steers Global Realty Majors ETF	GRI	Global Real Estate	ALPS	0.00%	5.19%	21.01%	30.23%	12.78%
SPDR S&P International Mid Cap	MDD	Foreign Small/Mid Blend	State Street Global Advisors	0.00%	6.75%	12.42%	14.23%	6.44%
SPDR Dow Jones Global Real Estate	RWO	Global Real Estate	State Street Global Advisors	0.00%	2.98%	19.01%	28.94%	13.82%
ProShares UltraShort MSCI Brazil	BZQ	Trading-Inverse Equity	ProShares	0.00%	(12.58%)	(6.73%)	(32.74%)	(18.90%)
ProShares UltraShort MSCI Europe	EPV	Trading-Inverse Equity	ProShares	0.00%	(18.84%)	(32.04%)	(48.34%)	(31.37%)
ProShares UltraShort MSCI Mexico	SMK	Trading-Inverse Equity	ProShares	0.00%	(14.04%)	(40.19%)	(56.37%)	(40.94%)
ProShares UltraShort MSCI Pacific ex-Jpn	JPX	Trading-Inverse Equity	ProShares	0.00%	(24.52%)	(34.24%)	(48.71%)	(32.59%)
ProShares UltraShort Russell3000	TWQ	Trading-Inverse Equity	ProShares	0.00%	(19.22%)	(30.62%)	(47.26%)	(31.33%)
ProShares Ultra FTSE China 25	XPP	Trading-Leveraged Equity	ProShares	0.00%	4.87%	0.46%	22.51%	(12.00%)
ProShares Ultra Russell3000	UWC	Trading-Leveraged Equity	ProShares	0.00%	14.75%	32.44%	62.81%	21.78%
ProShares Ultra MSCI EAFE	EFO	Trading-Leveraged Equity	ProShares	0.00%	12.29%	17.45%	23.41%	(3.66%)
ProShares Ultra MSCI Emerging Markets	EET	Trading-Leveraged Equity	ProShares	0.00%	10.10%	15.68%	31.66%	(1.45%)
ProShares Ultra MSCI Japan	EZJ	Trading-Leveraged Equity	ProShares	0.00%	(5.71%)	0.61%	(6.42%)	(6.68%)
SPDR S&P Emerging Markets Small Cap	EWX	Diversified Emerging Mkts	State Street Global Advisors	0.00%	6.65%	18.87%	21.55%	3.98%
KEYnotes First Trust Enh 130/30 LgCp ETN	JFT	N/A	N/A	0.00%	N/A	N/A	N/A	N/A
ELEMENTS S&P CTI ETN	LSC	Managed Futures	Swedish Export Credit Corporation	0.00%	(1.00%)	(17.45%)	(20.53%)	(14.36%)
PowerShares DB Base Metals Dble Long ETN	BDD	Trading-Leveraged Commodities	Deutsche Bank	0.00%	15.08%	10.13%	6.91%	(0.97%)
PowerShares DB Base Metals Dble Shrt ETN	BOM	Trading-Inverse Commodities	Deutsche Bank	0.00%	(18.23%)	(21.47%)	(25.65%)	(23.70%)
PowerShares DB Base Metals Long ETN	BDG	Commodities Industrial Metals	Deutsche Bank	0.00%	9.95%	6.14%	(0.14%)	2.70%
PowerShares DB Base Metals Short ETN	BOS	Trading-Inverse Commodities	Deutsche Bank	0.00%	(9.34%)	(10.07%)	(12.29%)	(10.74%)
PowerShares DB Crude Oil Dble Short ETN	DTO	Trading-Inverse Commodities	Deutsche Bank	0.00%	(16.66%)	5.67%	(40.91%)	(18.72%)
PowerShares DB Crude Oil Long ETN	OLO	Commodities Energy	Deutsche Bank	0.00%	4.91%	(8.70%)	12.18%	1.53%
PowerShares DB Crude Oil Short ETN	SZO	Trading-Inverse Commodities	Deutsche Bank	0.00%	(7.79%)	4.89%	(19.22%)	(6.84%)
First Trust Global Wind Energy	FAN	Equity Energy	First Trust	0.00%	6.51%	(14.42%)	(15.91%)	(24.51%)
iPath Asian & Gulf Currency Reval ETN	PGD	Currency	Barclays Bank PLC	0.00%	(0.18%)	0.08%	(0.63%)	0.60%
Guggenheim Frontier Markets	FRN	Diversified Emerging Mkts	Guggenheim Investments	0.00%	3.02%	10.86%	15.52%	6.06%
PowerShares MENA Frontier Countries	PMNA	Diversified Emerging Mkts	PowerShares	0.00%	1.87%	6.21%	5.65%	(6.38%)
iPath Global Carbon ETN	GRN	Commodities Miscellaneous	Barclays Bank PLC	0.00%	(9.76%)	3.71%	(35.24%)	(23.17%)
iPath DJ-UBS Softs TR Sub-Idx ETN	JJS	Commodities Agriculture	Barclays Bank PLC	0.00%	(3.09%)	(17.18%)	(21.14%)	6.26%
iPath DJ-UBS Prec Metals TR Sub-Idx ETN	JJP	Commodities Precious Metals	Barclays Bank PLC	0.00%	13.29%	14.39%	9.00%	21.22%
iPath DJ-UBS Cocoa TR Sub-Idx ETN	NIB	Commodities Agriculture	Barclays Bank PLC	0.00%	8.63%	19.16%	(5.28%)	(10.67%)
iPath DJ-UBS Coffee TR Sub-Idx ETN	JO	Commodities Agriculture	Barclays Bank PLC	0.00%	(0.44%)	(28.08%)	(29.34%)	2.98%
iPath DJ-UBS Cotton TR Sub-Idx ETN	BAL	Commodities Agriculture	Barclays Bank PLC	0.00%	0.39%	(17.59%)	(24.35%)	12.50%
iPath DJ-UBS Sugar TR Sub-Idx ETN	SGG	Commodities Agriculture	Barclays Bank PLC	0.00%	(7.02%)	(9.69%)	(16.74%)	1.31%
iPath DJ-UBS Aluminum TR Sub-Idx ETN	JJU	Commodities Industrial Metals	Barclays Bank PLC	0.00%	9.96%	(1.38%)	(8.44%)	(2.57%)
iPath DJ-UBS Lead TR Sub-Idx ETN	LD	Commodities Industrial Metals	Barclays Bank PLC	0.00%	21.69%	13.22%	13.66%	(2.79%)
iPath DJ-UBS Tin TR Sub-Idx ETN	JJT	Commodities Industrial Metals	Barclays Bank PLC	0.00%	15.49%	13.96%	7.19%	11.89%
iPath DJ-UBS Platinum TR Sub-Idx ETN	PGM	Commodities Precious Metals	Barclays Bank PLC	0.00%	14.84%	18.19%	7.74%	6.74%
Vanguard Total World Stock Index ETF	VT	World Stock	Vanguard	0.00%	6.43%	12.57%	22.43%	7.07%
PowerShares Global Wind Energy	PWND	Equity Energy	PowerShares	0.00%	2.04%	(18.98%)	(21.35%)	(30.52%)
WisdomTree Middle East Dividend	GULF	Diversified Emerging Mkts	WisdomTree	0.00%	5.38%	5.21%	7.56%	1.78%
RevenueShares Financials Sector	RWW	Financial	VTL Associates, LLC	0.00%	9.45%	25.92%	34.57%	2.20%
Market Vectors Africa Index ETF	AFK	Diversified Emerging Mkts	Van Eck	0.00%	12.33%	21.32%	25.04%	4.49%
WisdomTree LargeCap Growth	ROI	Large Growth	WisdomTree	0.00%	7.87%	14.17%	28.34%	10.36%
RevenueShares ADR	RTR	Foreign Large Value	VTL Associates, LLC	0.00%	5.38%	5.66%	11.32%	0.33%
RevenueShares Navellier Overall A-100	RWV	Mid-Cap Growth	VTL Associates, LLC	0.00%	7.78%	13.57%	22.08%	12.89%
SPDR S&P International Cons Disc Sector	IPD	Consumer Cyclical	State Street Global Advisors	0.00%	2.26%	13.80%	15.23%	6.70%
SPDR S&P International Cons Stapl Sector	IPS	Consumer Defensive	State Street Global Advisors	0.00%	6.20%	12.59%	18.66%	12.44%
SPDR S&P International Energy Sector	IPW	Equity Energy	State Street Global Advisors	0.00%	7.84%	1.60%	15.63%	2.19%
SPDR S&P International Financial Sector	IPF	Financial	State Street Global Advisors	0.00%	15.09%	18.40%	15.31%	(3.42%)
SPDR S&P International HealthCare Sector	IRY	Health	State Street Global Advisors	0.00%	9.52%	15.88%	23.27%	9.87%
SPDR S&P International Industrial Sector	IPN	Industrials	State Street Global Advisors	0.00%	5.82%	8.17%	10.43%	3.72%
SPDR S&P International Materials Sector	IRV	Natural Resources	State Street Global Advisors	0.00%	7.42%	3.16%	6.88%	1.97%
SPDR S&P International Technology Sector	IPK	Technology	State Street Global Advisors	0.00%	3.90%	7.00%	12.21%	0.62%
SPDR S&P International Telecom Sector	IST	Communications	State Street Global Advisors	0.00%	5.27%	5.69%	8.04%	4.50%
SPDR S&P International Utilities Sector	IPU	Utilities	State Street Global Advisors	0.00%	3.43%	3.31%	(0.06%)	(6.43%)
iShares S&P S/T Natnl AMT-Free Muni Bd	SUB	Muni National Short	iShares	0.00%	0.29%	0.85%	1.40%	1.51%
Market Vectors Gulf States Index ETF	MES	Diversified Emerging Mkts	Van Eck	0.00%	4.47%	5.76%	8.50%	(1.69%)
iShares S&P Conservative Allocation	AOK	Conservative Allocation	iShares	0.00%	2.59%	5.32%	8.90%	6.11%
iShares S&P Moderate Allocation	AOM	Moderate Allocation	iShares	0.00%	3.56%	7.05%	11.39%	6.54%
iShares S&P Aggressive Allocation	AOA	Aggressive Allocation	iShares	0.00%	5.37%	12.58%	23.09%	10.33%
iShares S&P Growth Allocation	AOR	Moderate Allocation	iShares	0.00%	4.40%	9.77%	17.07%	8.27%
iShares S&P Target Date Retirement Inc	TGR	Conservative Allocation	iShares	0.00%	4.26%	6.76%	9.98%	7.11%
iShares S&P Target Date 2010	TZD	Target Date 2000-2010	iShares	0.00%	5.40%	8.05%	12.25%	7.67%
iShares S&P Target Date 2015	TZE	Target Date 2011-2015	iShares	0.00%	4.34%	9.20%	15.29%	8.26%
iShares S&P Target Date 2020	TZG	Target Date 2016-2020	iShares	0.00%	4.12%	8.89%	15.51%	8.60%
iShares S&P Target Date 2025	TZI	Target Date 2021-2025	iShares	0.00%	5.19%	11.05%	18.27%	9.49%
iShares S&P Target Date 2030	TZL	Target Date 2026-2030	iShares	0.00%	6.03%	11.40%	16.68%	9.52%
iShares S&P Target Date 2035	TZO	Target Date 2031-2035	iShares	0.00%	5.82%	11.51%	20.15%	8.68%
iShares S&P Target Date 2040	TZV	Target Date 2036-2040	iShares	0.00%	5.35%	11.73%	21.82%	9.66%
WisdomTree Europe Hedged Equity	HEDJ	Foreign Large Value	WisdomTree	0.00%	2.35%	6.79%	9.85%	N/A
iShares S&P/Citi Intl Treasury Bond	IGOV	World Bond	iShares	0.00%	5.03%	4.08%	1.33%	1.32%
iShares S&P/Citi 1-3 Yr Intl Treasury Bd	ISHG	World Bond	iShares	0.00%	3.55%	1.67%	(0.95%)	(0.89%)
Market Vectors Vietnam ETF	VNM	Pacific/Asia ex-Japan Stk	Van Eck	0.00%	(12.63%)	10.31%	(5.95%)	(16.96%)
ELEMENTS BG Large Cap ETN	BVL	Large Value	Deutsche Bank AG	0.00%	2.06%	6.67%	25.33%	N/A
ELEMENTS BG Small Cap ETN	BSC	Small Value	Deutsche Bank AG	0.00%	1.89%	2.37%	20.32%	N/A
ELEMENTS BG Total Market ETN	BVT	Large Value	Deutsche Bank AG	0.00%	(2.29%)	3.29%	22.74%	N/A
SPDR Barclays Cap Short Term Trsy Bond	SST	Short Government	State Street Global Advisors	0.00%	0.63%	0.86%	N/A	N/A
Claymore/Delta Global Shipping	SEA	Industrials	Claymore Securities	0.00%	13.16%	13.16%	77.62%	N/A
WisdomTree Dreyfus Emerging Currency	CEW	Currency	WisdomTree	0.00%	2.97%	5.48%	5.87%	1.75%
Direxion Daily Mid Cap Bull 3X Shares	MIDU	Trading-Leveraged Equity	Direxion Funds	0.00%	8.02%	28.76%	69.81%	23.64%
Direxion Daily Dev Mkts Bull 3X Shrs	DZK	Trading-Leveraged Equity	Direxion Funds	0.00%	16.14%	19.55%	25.46%	(13.60%)
Direxion Daily Dev Mkts Bear 3X Shrs	DPK	Trading-Inverse Equity	Direxion Funds	0.00%	(20.70%)	(36.40%)	(54.07%)	(36.87%)
Direxion Daily Emrg Mkts Bull 3X Shares	EDC	Trading-Leveraged Equity	Direxion Funds	0.00%	13.66%	19.09%	33.57%	(12.38%)
Direxion Daily Mid Cap Bear 3X Shares	MIDZ	Trading-Inverse Equity	Direxion Funds	0.00%	(16.99%)	(39.25%)	(63.12%)	(50.55%)
Direxion Daily Emrg Mkts Bear 3X Shares	EDZ	Trading-Inverse Equity	Direxion Funds	0.00%	(20.08%)	(40.38%)	(64.20%)	(44.91%)
Direxion Daily BRIC Bull 3X Shares	BRIL	Trading-Leveraged Equity	Direxion Funds	0.00%	5.66%	(20.23%)	(43.36%)	N/A
Direxion Daily BRIC Bear 3X Shares	BRIS	Trading-Inverse Equity	Direxion Funds	0.00%	(16.29%)	(11.38%)	(0.93%)	N/A
Direxion Daily China Bull 3X Shares	YINN	Trading-Leveraged Equity	Direxion Funds	0.00%	2.13%	(2.82%)	(5.15%)	N/A
Direxion Daily China Bear 3X Shares	YANG	Trading-Inverse Equity	Direxion Funds	0.00%	(11.89%)	(29.83%)	(49.37%)	N/A
Direxion Daily India Bull 3X Shares	INDL	Trading-Leveraged Equity	Direxion Funds	0.00%	24.01%	30.69%	(10.53%)	N/A
Direxion Daily India Bear 3X Shares	INDZ	Trading-Inverse Equity	Direxion Funds	0.00%	(28.64%)	(39.31%)	(14.80%)	N/A
Direxion Daily Latin America Bull 3X Shs	LBJ	Trading-Leveraged Equity	Direxion Funds	0.00%	5.30%	(6.39%)	16.08%	N/A
Direxion Daily Latin America Bear 3X Shs	LHB	Trading-Inverse Equity	Direxion Funds	0.00%	(18.66%)	(14.64%)	(18.00%)	N/A
Direxion Daily Energy Bull 3X Shares	ERX	Trading-Leveraged Equity	Direxion Funds	0.00%	34.19%	14.28%	70.35%	15.74%
Direxion Daily Energy Bear 3X Shares	ERY	Trading-Inverse Equity	Direxion Funds	0.00%	(31.14%)	(32.36%)	(66.71%)	(52.66%)
Direxion Daily Financial Bull 3X Shares	FAS	Trading-Leveraged Equity	Direxion Funds	0.00%	17.65%	61.78%	97.63%	(8.38%)
Direxion Daily Financial Bear 3X Shares	FAZ	Trading-Inverse Equity	Direxion Funds	0.00%	(19.56%)	(51.21%)	(72.38%)	(44.04%)
Direxion Daily Real Estate Bull 3X Shrs	DRN	Trading-Leveraged Equity	Direxion Funds	0.00%	(1.21%)	41.47%	96.40%	38.08%
Direxion Daily Real Estate Bear 3X Shrs	DRV	Trading-Inverse Equity	Direxion Funds	0.00%	(2.52%)	(41.20%)	(68.81%)	(64.03%)
Direxion Daily S&P500 Bull 3X Shares	SPXL	Trading-Leveraged Equity	Direxion Funds	0.00%	18.45%	48.29%	94.57%	27.22%
Direxion Daily S&P500 Bear 3X Shares	SPXS	N/A	N/A	0.00%	N/A	N/A	N/A	N/A
Direxion Daily Small Cap Bull 3X Shares	TNA	Trading-Leveraged Equity	Direxion Funds	0.00%	14.18%	37.18%	86.39%	15.63%
Direxion Daily Small Cap Bear 3X Shares	TZA	Trading-Inverse Equity	Direxion Funds	0.00%	(17.71%)	(43.81%)	(71.91%)	(56.61%)
Direxion Daily Technology Bull 3X Shares	TECL	Trading-Leveraged Equity	Direxion Funds	0.00%	22.42%	62.41%	92.90%	29.05%
Direxion Daily Technology Bear 3X Shares	TECS	Trading-Inverse Equity	Direxion Funds	0.00%	(22.43%)	(49.94%)	(64.96%)	(49.47%)
iPath GEMS Asia 8 ETN	AYT	Currency	Barclays Bank PLC	0.00%	2.28%	2.87%	2.79%	1.72%
Guggenheim Raymond James SB-1 Equity	RYJ	Mid-Cap Blend	Guggenheim Investments	0.00%	3.72%	11.06%	27.86%	14.05%
PowerShares Global Agriculture	PAGG	Natural Resources	PowerShares	0.00%	5.27%	12.56%	19.01%	9.46%
PowerShares Global Progressive Transport	PTRP	World Stock	PowerShares	0.00%	14.80%	7.21%	11.21%	N/A
PowerShares Global Biotech	PBTQ	Health	PowerShares	0.00%	10.95%	5.86%	6.09%	N/A
PowerShares Global Gold & Prec Metals	PSAU	Equity Precious Metals	PowerShares	0.00%	16.75%	2.33%	(0.71%)	6.00%
PowerShares Global Steel	PSTL	Natural Resources	PowerShares	0.00%	(5.20%)	(13.00%)	(12.39%)	(12.29%)
PowerShares Global Coal	PKOL	Equity Energy	PowerShares	0.00%	(2.60%)	(21.99%)	(17.73%)	(7.12%)
PowerShares Active U.S. Real Estate	PSR	Real Estate	PowerShares	0.00%	0.46%	12.79%	28.55%	20.38%
SPDR S&P Russia	RBL	Europe Stock	State Street Global Advisors	0.00%	10.79%	8.99%	17.33%	N/A
iShares MSCI All Peru Capped Index	EPU	Latin America Stock	iShares	0.00%	4.53%	17.72%	29.70%	13.84%
First Trust ISE Glbl Engnrg & Const Idx	FLM	Industrials	First Trust	0.00%	8.14%	9.77%	17.60%	0.98%
Global X FTSE Nordic Region ETF	GXF	Europe Stock	Global X Funds	0.00%	11.83%	20.40%	27.13%	6.71%
iShares Barclays Agency Bond	AGZ	Intermediate Government	iShares	0.00%	0.81%	1.85%	2.58%	3.33%
CurrencyShares Russian Ruble Trust	FXRU	Currency	Guggenheim Investments	0.00%	7.77%	10.24%	1.74%	9.22%
ProShares UltraPro QQQ	TQQQ	Trading-Leveraged Equity	ProShares	0.00%	21.28%	78.38%	104.86%	N/A
ProShares UltraPro Short QQQ	SQQQ	Trading-Inverse Equity	ProShares	0.00%	(21.61%)	(53.30%)	(65.49%)	N/A
ProShares UltraPro Short Dow30	SDOW	Trading-Inverse Equity	ProShares	0.00%	(15.40%)	(33.95%)	(57.79%)	N/A
ProShares UltraPro Short S&P500	SPXU	Trading-Inverse Equity	ProShares	0.00%	(18.70%)	(41.54%)	(62.52%)	(44.72%)
ProShares UltraPro Short MidCap400	SMDD	Trading-Inverse Equity	ProShares	0.00%	(16.91%)	(39.78%)	(64.92%)	N/A
ProShares UltraPro Short Russell2000	SRTY	Trading-Inverse Equity	ProShares	0.00%	(17.38%)	(43.32%)	(71.62%)	N/A
ProShares UltraPro Short 20+ Year Trsy	TTT	Trading-Inverse Debt	ProShares	0.00%	(2.99%)	N/A	N/A	N/A
ProShares UltraPro Dow30	UDOW	Trading-Leveraged Equity	ProShares	0.00%	14.27%	35.46%	84.81%	N/A
ProShares UltraPro S&P500	UPRO	Trading-Leveraged Equity	ProShares	0.00%	18.56%	50.26%	96.99%	28.06%
ProShares UltraPro MidCap400	UMDD	Trading-Leveraged Equity	ProShares	0.00%	15.03%	37.20%	80.01%	N/A
ProShares UltraPro Russell2000	URTY	Trading-Leveraged Equity	ProShares	0.00%	13.67%	38.77%	88.61%	N/A
ProShares Ultra DJ-UBS Commodity	UCD	Trading-Leveraged Commodities	ProShares	0.00%	17.12%	8.07%	7.95%	4.81%
ProShares UltraShort DJ-UBS Commodity	CMD	Trading-Inverse Commodities	ProShares	0.00%	(17.72%)	(14.13%)	(18.63%)	(18.94%)
ProShares Ultra DJ-UBS Crude Oil	UCO	Trading-Leveraged Commodities	ProShares	0.00%	13.33%	(23.77%)	15.21%	(11.38%)
ProShares UltraShort DJ-UBS Crude Oil	SCO	Trading-Inverse Commodities	ProShares	0.00%	(17.60%)	5.25%	(37.59%)	(21.24%)
ProShares Ultra Euro	ULE	Trading-Miscellaneous	ProShares	0.00%	2.47%	(2.90%)	(9.99%)	(9.75%)
ProShares UltraShort Euro	EUO	Trading-Miscellaneous	ProShares	0.00%	(3.73%)	(1.13%)	4.36%	3.67%
ProShares Ultra Yen	YCL	Trading-Miscellaneous	ProShares	0.00%	5.66%	(3.34%)	(3.61%)	7.71%
ProShares UltraShort Yen	YCS	Trading-Miscellaneous	ProShares	0.00%	(5.01%)	0.93%	(0.02%)	(12.05%)
Market Vectors Egypt Index ETF	EGPT	Diversified Emerging Mkts	Van Eck	0.00%	24.03%	64.80%	45.37%	N/A
Market Vectors Indonesia Index ETF	IDX	Pacific/Asia ex-Japan Stk	Van Eck	0.00%	4.12%	0.39%	14.74%	14.19%
ProShares Ultra Gold	UGL	Trading-Leveraged Commodities	ProShares	0.00%	21.55%	22.67%	10.96%	36.00%
ProShares Ultra Silver	AGQ	Trading-Leveraged Commodities	ProShares	0.00%	53.03%	40.09%	12.56%	26.79%
ProShares UltraShort Gold	GLL	Trading-Inverse Commodities	ProShares	0.00%	(20.36%)	(28.72%)	(26.34%)	(39.35%)
ProShares UltraShort Silver	ZSL	Trading-Inverse Commodities	ProShares	0.00%	(40.81%)	(49.41%)	(53.08%)	(66.63%)
Guggenheim Airline	FAA	Industrials	Guggenheim Investments	0.00%	(6.28%)	10.78%	10.45%	1.95%
Vanguard FTSE All-Wld ex-US SmCp Idx ETF	VSS	Foreign Small/Mid Blend	Vanguard	0.00%	8.38%	13.70%	16.05%	5.93%
Pax MSCI North America ESG Index ETF	NASI	Large Blend	Pax World	0.00%	7.88%	11.55%	20.70%	N/A
Pax MSCI EAFE ESG Index ETF	EAPS	Foreign Large Blend	Pax World	0.00%	5.87%	10.90%	14.62%	N/A
OOK ETF	OOK	Mid-Cap Value	Geary Advisors	0.00%	(1.61%)	(2.84%)	N/A	N/A
SPDR Barclays Cap Interm Term Corp Bnd	ITR	Intermediate-Term Bond	State Street Global Advisors	0.00%	3.00%	7.30%	9.04%	6.77%
SPDR Barclays Capital Long CorpTerm Bd	LWC	Long-Term Bond	State Street Global Advisors	0.00%	3.94%	9.58%	14.61%	10.67%
SPDR Barclays Cap Mortgage Backed Bond	MBG	Intermediate-Term Bond	State Street Global Advisors	0.00%	0.92%	2.69%	3.31%	5.21%
Columbia Concen Lg Cap Val Strat Fund	GVT	Large Value	Columbia	0.00%	10.77%	14.56%	27.54%	10.20%
SPDR Barclays Cap S/T Intl Treasury Bond	BWZ	World Bond	State Street Global Advisors	0.00%	3.76%	3.80%	1.96%	1.09%
Direxion Daily 2 Yr Trsy Bull 3X Shares	TWOL	Short Government	Direxion Funds	0.00%	0.24%	N/A	N/A	N/A
Direxion Daily 2 Yr Trsy Bear 3X Shares	TWOZ	Bear Market	Direxion Funds	0.00%	(0.78%)	N/A	N/A	N/A
Direxion Daily 7-10 Yr Trsy Bull 3X Shrs	TYD	Trading-Leveraged Debt	Direxion Funds	0.00%	2.36%	11.54%	15.00%	23.00%
iPath S&P 500 VIX ST Futures ETN	VXX	Volatility	Barclays Bank PLC	0.00%	(40.83%)	(74.67%)	(83.14%)	(64.43%)
iPath S&P 500 VIX MT Futures ETN	VXZ	Volatility	Barclays Bank PLC	0.00%	(24.38%)	(44.16%)	(53.73%)	(26.50%)
Market Vectors Pre-Refunded Muni ETF	PRB	Muni National Interm	Van Eck	0.00%	0.77%	2.19%	3.32%	1.97%
Global X FTSE Colombia 20 ETF	GXG	Latin America Stock	Global X Funds	0.00%	5.36%	19.08%	19.67%	14.15%
TXF Large Companies ETF	TXF	Large Blend	Geary Advisors	0.00%	(0.48%)	(4.76%)	N/A	N/A
Global X FTSE Argentina 20 ETF	ARGT	Latin America Stock	Global X Funds	0.00%	16.21%	(14.42%)	(6.85%)	N/A
IQ Hedge Multi-Strategy Tracker ETF	QAI	Multialternative	IndexIQ	0.00%	2.40%	3.99%	5.96%	2.61%
IQ Hedge Macro Tracker ETF	MCRO	Multialternative	IndexIQ	0.00%	2.70%	5.67%	7.21%	2.98%
IQ Hedge Market Neutral ETF	QMN	Market Neutral	IndexIQ	0.00%	N/A	N/A	N/A	N/A
Market Vectors LatAm Small-Cap Index ETF	LATM	Latin America Stock	Van Eck	0.00%	15.85%	13.95%	18.02%	N/A
Market Vectors Brazil Small-Cap ETF	BRF	Latin America Stock	Van Eck	0.00%	11.64%	12.10%	18.83%	7.65%
Direxion Daily 7-10 Yr Trsy Bear 3X Shrs	TYO	Trading-Inverse Debt	Direxion Funds	0.00%	(4.32%)	(15.92%)	(20.81%)	(26.56%)
Direxion Daily 20+ Yr Trsy Bull 3X Shrs	TMF	Trading-Leveraged Debt	Direxion Funds	0.00%	(2.07%)	7.29%	7.33%	24.78%
Direxion Daily 20+ Yr Trsy Bear 3X Shrs	TMV	Trading-Inverse Debt	Direxion Funds	0.00%	(2.93%)	(21.65%)	(31.15%)	(41.76%)