Fund Symbol	Fund Cusip	Fund Name	Category	Subcategory
AADR	00768Y206	WCM/BNY Mellon Focused Growth ADR ETF	Global Equity	GROWTH
AAIT	46429B374	iShares MSCI All Country Asia Information Technology Index Fund	Global Equity	TECHNOLOGY
AAXJ	464288182	iShares MSCI All Country Asia ex Japan Index Fund	Global Equity	ASIAN REGION
ABCS	18383Q788	Guggenheim ABC High Dividend ETF	Global Equity	INCOME
ACCU	00768Y784	Accuvest Global Opportunities ETF	Global Equity	GROWTH & INCOME
ACIM	78463X475	SPDR MSCI ACWI Investable Market Index ETF	Global Equity	GLOBAL
ACWI	464288257	iShares MSCI ACWI Index Fund	Global Equity	GLOBAL
ACWV	464286525	iShares MSCI All Country World Minimum Volatility Index Fund	Global Equity	GLOBAL
ACWX	464288240	iShares MSCI ACWI ex US Index Fund	Global Equity	INTERNATIONAL
ADRA	09348R102	BLDRS Asia 50 ADR Index Fund	Global Equity	LARGE-CAP
ADRD	09348R201	BLDRS Developed Markets 100 ADR Index Fund	Global Equity	INTERNATIONAL
ADRE	09348R300	BLDRS Emerging Markets 50 ADR Index Fund	Global Equity	EMERGING MARKETS
ADRU	09348R409	BLDRS Europe 100 ADR Index Fund	Global Equity	EUROPEAN REGION
ADZ	25154H541	PowerShares DB Agriculture Short ETN	Commodity	AGRICULTURE
AFK	57060U787	Market Vectors Africa Index ETF	Global Equity	EMERGING MARKETS
AGA	25154H566	PowerShares DB Agriculture Double Short ETN	Commodity	AGRICULTURE
AGEM	268461100	EGShares GEMS Composite ETF	Global Equity	EMERGING MARKETS
AGF	25154H533	PowerShares DB Agriculture Long ETN	Commodity	AGRICULTURE
AGG	464287226	iShares Core US Bond Market ETF	Fixed Income	FIXED INCOME
AGLS	00768Y404	Accuvest Global Long Short ETF	Global Equity	EQUITY SPECIALTY
AGOL	26923C102	ETFS Asian Gold Trust	Commodity	PRECIOUS METALS
AGQ	74347W841	ProShares Ultra Silver	Commodity	PRECIOUS METALS
AGZ	464288166	iShares Barclays Agency Fund	Fixed Income	FIXED INCOME
AIA	464288430	iShares S&P Asia 50 Index Fund	Global Equity	LARGE-CAP
ALD	97717X842	WisdomTree Asia Local Debt Fund	Fixed Income	FIXED INCOME
ALFA	26922A305	AlphaClone Alternative Alpha ETF	Equity	EQUITY SPECIALTY
ALT	464294107	iShares Diversified Alternatives Trust	Equity	EQUITY SPECIALTY
ALTL	78009P168	RBS US Large Cap Alternator Exchange Traded Note	Equity	EQUITY SPECIALTY
AMJ	46625H365	JPMorgan Alerian MLP Index ETN	Equity	NATURAL RESOURCES
AMLP	00162Q866	Alerian MLP ETF	Equity	INDUSTRIALS
AMPS	46429B184	iShares Utilities Sector Bond Fund	Fixed Income	UTILITY
AMU	90267B682	ETRACS Alerian MLP Index ETN	Equity	NATURAL RESOURCES
AND	37950E655	Global X FTSE Andean 40 ETF	Global Equity	EMERGING MARKETS
ANGL	57061R304	Market Vectors Fallen Angel High Yield Bond ETF	Fixed Income	FIXED INCOME
AOA	464289859	iShares S&P Aggressive Allocation Fund	Equity	GROWTH
AOK	464289883	iShares S&P Conservative Allocation Fund	Equity	GROWTH & INCOME
AOM	464289875	iShares S&P Moderate Allocation Fund	Equity	GROWTH & INCOME
AOR	464289867	iShares S&P Growth Allocation Fund	Equity	GROWTH & INCOME
ARGT	37950E697	Global X FTSE Argentina 20 ETF	Global Equity	LARGE-CAP
ASEA	37950E648	Global X FTSE ASEAN 40 ETF	Global Equity	EMERGING MARKETS
AUD	72201R742	PIMCO Australia Bond Index Exchange-Traded Fund	Fixed Income	ASIAN REGION
AUNZ	97717W216	WisdomTree Australia & New Zealand Debt Fund	Fixed Income	ASIAN REGION
AUSE	97717W810	WisdomTree Australia Dividend Fund	Global Equity	INCOME
AXDI	464289636	iShares MSCI ACWI ex US Consumer Discretionary Sector Index Fund	Global Equity	CONSUMER
AXEN	464289594	iShares MSCI ACWI ex US Energy Sector Index Fund	Global Equity	GLOBAL
AXFN	464289164	iShares MSCI ACWI ex US Financials Index Fund	Global Equity	FINANCIAL SERVICES
AXHE	464289552	iShares MSCI ACWI ex US Health Care Sector Index Fund	Global Equity	HEALTH/BIOTECHNOLOGY
AXID	464289610	iShares MSCI ACWI ex US Industrials Sector Index Fund	Global Equity	INDUSTRIALS
AXIT	464289586	iShares MSCI ACWI ex US Information Technology Sector Index Fund	Global Equity	TECHNOLOGY
AXJL	97717W828	WisdomTree Asia Pacific ex-Japan Fund	Global Equity	INCOME
AXJS	46429B622	iShares MSCI All Country Asia ex Japan Small Cap Index Fund	Global Equity	SMALL-CAP
AXMT	464289578	iShares MSCI ACWI ex US Materials Sector Index Fund	Global Equity	BASIC MATERIALS
AXSL	464289628	iShares MSCI ACWI ex US Consumer Staples Sector Index Fund	Global Equity	CONSUMER
AXTE	464289560	iShares MSCI ACWI ex US Telecommunication Services Sector Index Fund	Global Equity	TELECOMMUNICATION
AXUT	464289545	iShares MSCI ACWI ex US Utilities Sector Index Fund	Global Equity	UTILITY
AYT	06738G878	iPath GEMS Asia 8 ETN	Currency	EMERGING MARKETS
BAB	73937B407	PowerShares Build America Bond Portfolio	Fixed Income	FIXED INCOME
BABS	78464A276	SPDR Nuveen Barclays Build American Bond ETF	Fixed Income	FIXED INCOME
BABZ	72201R825	PIMCO Build America Bond Exchange-Traded Fund	Fixed Income	FIXED INCOME
BAL	06739H271	iPath Dow Jones-UBS Cotton Subindex Total Return ETN	Commodity	AGRICULTURE
BARL	61760E390	Morgan Stanley S&P 500 Crude Oil Linked ETN	Equity	NATURAL RESOURCES
BBH	57060U183	Market Vectors Biotech ETF	Equity	HEALTH/BIOTECHNOLOGY
BBRC	268461639	EGShares Beyond BRICs ETF	Global Equity	EMERGING MARKETS
BCM	06740P114	iPath Pure Beta Broad Commodity ETN	Commodity	COMMODITIES
BDCL	90267B765	ETRACS 2xLeveraged Long Wells Fargo Business Development Company Index	Equity	GROWTH
BDCS	902641588	ETRACS Linked to the Wells Fargo Business Development Company Index	Equity	GROWTH
BDD	25154K841	Powershares DB Base Metals Double Long ETN	Commodity	COMMODITIES
BDG	25154K825	Powershares DB Base Metals Long ETN	Commodity	COMMODITIES
BIB	74347R214	ProShares Ultra Nasdaq Biotechnology	Equity	HEALTH/BIOTECHNOLOGY
BICK	33733H107	First Trust BICK Index Fund	Global Equity	EMERGING MARKETS
BIK	78463X798	SPDR S&P BRIC 40 ETF	Global Equity	EMERGING MARKETS
BIL	78464A680	SPDR Barclays 1-3 Month T-Bill ETF	Fixed Income	FIXED INCOME
BIS	74347B409	ProShares UltraShort Nasdaq Biotechnology	Equity	HEALTH/BIOTECHNOLOGY
BIV	921937819	Vanguard Intermediate-Term Bond Index Fund	Fixed Income	FIXED INCOME
BJK	57060U829	Market Vectors Gaming ETF	Global Equity	EQUITY SPECIALTY
BKF	464286657	iShares MSCI BRIC Index Fund	Global Equity	EMERGING MARKETS
BKLN	73936Q769	PowerShares Senior Loan Portfolio	Fixed Income	FIXED INCOME
BLND	90267L201	ETRACS DJ-UBS Commodity Index 2-4-6 Blended Futures ETN	Commodity	COMMODITIES
BLNG	06740P338	iPath Pure Beta Precious Metals ETN	Commodity	PRECIOUS METALS
BLV	921937793	Vanguard Long-Term Bond Index Fund	Fixed Income	FIXED INCOME
BND	921937835	Vanguard Total Bond Market Index Fund	Fixed Income	FIXED INCOME
BNO	91167Q100	United States Brent Oil Fund	Commodity	NATURAL RESOURCES
BNPC	86324B103	STREAM S&P Dynamic Roll Global Commodities Fund	Commodity	GLOBAL
BOIL	74347W122	ProShares Ultra DJ-UBS Natural Gas	Commodity	NATURAL RESOURCES
BOM	25154K858	Powershares DB Base Metals Double Short ETN	Commodity	COMMODITIES
BOND	72201R775	PIMCO Total Return ETF	Fixed Income	FIXED INCOME
BONO	57060U431	Market Vectors LatAm Aggregate Bond ETF	Fixed Income	FIXED INCOME
BOS	25154K833	Powershares DB Base Metals Short ETN	Commodity	COMMODITIES
BRAF	37950E838	Global X Brazil Financials ETF	Global Equity	FINANCIAL SERVICES
BRAQ	37950E846	Global X Brazil Consumer ETF	Global Equity	CONSUMER
BRAZ	37950E788	Global X Brazil Mid Cap ETF	Global Equity	MID-CAP
BRF	57060U613	Market Vectors Brazil Small-Cap ETF	Global Equity	SMALL-CAP
BRXX	268461829	EGShares Brazil Infrastructure ETF	Global Equity	GLOBAL
BSC	25154H590	ELEMENTS Benjamin Graham Small Cap Value Index-Total Return ETN	Equity	VALUE
BSCC	18383M597	Guggenheim BulletShares 2012 Corporate Bond ETF	Fixed Income	FIXED INCOME
BSCD	18383M589	Guggenheim BulletShares 2013 Corporate Bond ETF	Fixed Income	FIXED INCOME
BSCE	18383M571	Guggenheim BulletShares 2014 Corporate Bond ETF	Fixed Income	FIXED INCOME
BSCF	18383M563	Guggenheim BulletShares 2015 Corporate Bond ETF	Fixed Income	FIXED INCOME
BSCG	18383M555	Guggenheim BulletShares 2016 Corporate Bond ETF	Fixed Income	FIXED INCOME
BSCH	18383M548	Guggenheim BulletShares 2017 Corporate Bond ETF	Fixed Income	FIXED INCOME
BSCI	18383M530	Guggenheim BulletShares 2018 Corporate Bond ETF	Fixed Income	FIXED INCOME
BSCJ	18383M522	Guggenheim BulletShares 2019 Corporate Bond ETF	Fixed Income	FIXED INCOME
BSCK	18383M514	Guggenheim BulletShares 2020 Corporate Bond ETF	Fixed Income	FIXED INCOME
BSJC	18383M456	Guggenheim BulletShares 2012 High Yield Corporate Bond ETF	Fixed Income	FIXED INCOME
BSJD	18383M449	Guggenheim BulletShares 2013 High Yield Corporate Bond ETF	Fixed Income	FIXED INCOME
BSJE	18383M431	Guggenheim BulletShares 2014 High Yield Corporate Bond ETF	Fixed Income	FIXED INCOME
BSJF	18383M423	Guggenheim BulletShares 2015 High Yield Corporate Bond ETF	Fixed Income	FIXED INCOME
BSJG	18383M415	Guggenheim BulletShares 2016 High Yield Corporate Bond ETF	Fixed Income	FIXED INCOME
BSJH	18383M399	Guggenheim BulletShares 2017 High Yield Corporate Bond ETF	Fixed Income	FIXED INCOME
BSJI	18383M381	Guggenheim BulletShares 2018 High Yield Corporate Bond ETF	Fixed Income	FIXED INCOME
BSV	921937827	Vanguard Short-Term Bond Index Fund	Fixed Income	FIXED INCOME
BTAL	351680707	QuantShares U.S. Market Neutral Anti-Beta Fund	Equity	EQUITY SPECIALTY
BUND	72201R767	PIMCO Germany Bond Index Exchange-Traded Fund	Fixed Income	EUROPEAN REGION
BUNL	25154W506	PowerShares DB German Bund Futures Exchange Traded Notes	Fixed Income	FIXED INCOME
BUNT	25154W407	PowerShares DB 3x German Bund Futures Exchange Traded Notes	Fixed Income	FIXED INCOME
BVL	25154H574	ELEMENTS Benjamin Graham Large Cap Value Index-Total Return ETN	Equity	VALUE
BVT	25154H582	ELEMENTS Benjamin Graham Total Market Value Index-Total Return ETN	Equity	VALUE
BWV	06739F135	iPath CBOE S&P 500 BuyWrite Index ETN	Equity	EQUITY SPECIALTY
BWX	78464A516	SPDR Barclays Capital International Treasury Bond ETF	Fixed Income	INCOME
BWZ	78464A334	SPDR Barclays International Treasury Bond ETF	Fixed Income	INCOME
BXDB	06740H658	Barclays ETN+ Short B linked to the S&P 500 Total Return Index	Equity	LARGE-CAP
BXDC	06740H641	Barclays ETN+ Short C linked to the S&P 500 Total Return Index	Equity	LARGE-CAP
BXUB	06740H674	Barclays ETN+ Long B linked to the S&P 500 Total Return Index	Equity	LARGE-CAP
BXUC	06740H666	Barclays ETN+ Long C linked to the S&P 500 Total Return Index	Equity	LARGE-CAP
BZF	97717W240	WisdomTree Dreyfus Brazilian Real Fund	Fixed Income	FIXED INCOME
BZQ	74348A673	ProShares Ultrashort MSCI Brazil	Global Equity	INTERNATIONAL
CAD	72201R759	PIMCO Canada Bond Index Fund	Fixed Income	INTERNATIONAL
CAFE	06740P148	iPath Pure Beta Coffee ETN	Commodity	AGRICULTURE
CANE	88166A409	Teucrium Sugar Fund	Commodity	AGRICULTURE
CAPE	06742A669	Barclays ETN+ Shiller CAPE├ó┬ä┬ó ETN	Equity	INCOME
CARZ	33734X309	First Trust NASDAQ Global Auto Index Fund	Global Equity	CONSUMER
CBND	78464A144	SPDR Barclays Issuer Scored Corporate Bond ETF	Fixed Income	FIXED INCOME
CCX	97717X859	WisdomTree Dreyfus Commodity Currency Fund	Currency	FIXED INCOME
CCXE	97717W752	WisdomTree Commodity Country Equity Fund	Global Equity	BASIC MATERIALS
CEMB	464286251	iShares Emerging Markets Corporate Bond Fund	Fixed Income	FIXED INCOME
CEW	97717W133	WisdomTree Dreyfus Emerging Currency Fund	Currency	EMERGING MARKETS
CFT	464288620	iShares Barclays Credit Bond Fund	Fixed Income	FIXED INCOME
CGW	18383Q507	Guggenheim S&P Global Water Index ETF	Global Equity	GLOBAL
CHEP	351680202	QuantShares U.S. Market Neutral Value Fund	Equity	VALUE
CHIE	37950E507	Global X China Energy ETF	Global Equity	ASIAN REGION
CHII	37950E705	Global X China Industrials ETF	Global Equity	INDUSTRIALS
CHIM	37950E879	Global X China Materials ETF	Global Equity	BASIC MATERIALS
CHIQ	37950E408	Global X China Consumer ETF	Global Equity	CONSUMER
CHIX	37950E606	Global X China Financials ETF	Global Equity	FINANCIAL SERVICES
CHLC	57060U282	Market Vectors Renminbi Bond ETF	Currency	ASIAN REGION
CHOC	06740P130	iPath Pure Beta Cocoa ETN	Commodity	AGRICULTURE
CHXF	97717X719	WisdomTree China Dividend ex-Financials Fund	Global Equity	EMERGING MARKETS
CHXX	268461837	EGShares China Infrastructure ETF	Global Equity	GLOBAL
CIU	464288638	iShares Barclays Intermediate Credit Bond Fund	Fixed Income	FIXED INCOME
CLY	464289511	iShares 10+ Year Credit Bond Fund	Fixed Income	FIXED INCOME
CMBS	46429B366	iShares Barclays CMBS Bond Fund	Fixed Income	FIXED INCOME
CMD	74347W676	ProShares UltraShort DJ-UBS Commodity	Commodity	COMMODITIES
CMF	464288356	iShares S&P California Municipal Bond Fund	Fixed Income	FIXED INCOME
CNDA	45409B867	IQ Canada Small Cap ETF	Global Equity	SMALL-CAP
CNPF	37950E481	Global X Canada Preferred ETF	Global Equity	INCOME
CNY	61747W257	Market Vectors Chinese Renminbi/USD ETN	Currency	ASIAN REGION
COBO	74348A749	ProShares USD Covered Bond ETF	Fixed Income	FIXED INCOME
COLX	57060U415	Market Vectors Colombia ETF	Global Equity	EMERGING MARKETS
COPX	37950E861	Global X Copper Miners ETF	Global Equity	PRECIOUS METALS
CORN	88166A102	Teucrium Corn Fund	Commodity	AGRICULTURE
CORP	72201R817	PIMCO Investment Grade Corporate Bond Index Exchange-Traded Fund	Fixed Income	FIXED INCOME
COW	06739H743	iPath Dow Jones-UBS Livestock Subindex Total Return ETN	Commodity	AGRICULTURE
CPER	911718104	United States Copper Index Fund	Commodity	PRECIOUS METALS
CPI	45409B602	IQ CPI Inflation Hedged ETF	Equity	FLEXIBLE PORTFOLIO
CQQQ	18383Q135	Guggenheim China Technology ETF	Global Equity	TECHNOLOGY
CRBQ	00162Q304	Jefferies TR/J CRB Global Commodity Equity Index Fund	Global Equity	COMMODITIES
CROC	74347W460	ProShares UltraShort Australian Dollar	Currency	ASIAN REGION
CROP	45409B834	IQ Global Agribusiness Small Cap ETF	Global Equity	AGRICULTURE
CRUD	88166A300	Teucrium Crude Oil Fund	Commodity	NATURAL RESOURCES
CSD	18383M605	Guggenheim Spin-Off ETF	Equity	MID-CAP
CSJ	464288646	iShares Barclays 1-3 Year Credit Bond Fund	Fixed Income	FIXED INCOME
CSLS	22542D878	Credit Suisse Long/Short Liquid Index ETN	Global Equity	EQUITY SPECIALTY
CSM	74347R248	ProShares Credit Suisse 130/30	Equity	EQUITY SPECIALTY
CSMA	22542D845	Credit Suisse Merger Arbitrage Liquid Index ETN	Equity	EQUITY SPECIALTY
CSMB	22542D753	2x Monthly Leveraged Credit Suisse Merger Arbitrage Liquid Index	Equity	EQUITY SPECIALTY
CSMN	22542D720	Credit Suisse Market Neutral Global Equity ETN Linked to the HS Market Neutral Index	Global Equity	EQUITY SPECIALTY
CTNN	06740P155	iPath Pure Beta Cotton ETN	Commodity	AGRICULTURE
CU	33733J103	First Trust ISE Global Copper Index Fund	Global Equity	PRECIOUS METALS
CUPM	06740P189	iPath Pure Beta Copper ETN	Commodity	PRECIOUS METALS
CURE	25459Y876	Direxion Daily Healthcare Bull 3X Shares	Equity	HEALTH/BIOTECHNOLOGY
CUT	18383Q879	Guggenheim Timber ETF	Global Equity	NATURAL RESOURCES
CVOL	17316G727	C-Tracks ETN Based on the Performance of the Citi Volatility Index Total Return	Equity	LARGE-CAP
CVRT	73936Q751	PowerShares Covertible Securities Portfolio	Fixed Income	FIXED INCOME
CVY	18383M506	Guggenheim Multi-Asset Income ETF	Equity	GROWTH & INCOME
CWB	78464A359	SPDR Barclays Convertible Securities ETF	Fixed Income	FIXED INCOME
CWI	78463X848	SPDR MSCI ACWI ex-US ETF	Global Equity	INTERNATIONAL
CXA	78464A441	SPDR Nuveen Barclays California Municipal Bond ETF	Fixed Income	FIXED INCOME
CYB	97717W182	WisdomTree Dreyfus Chinese Yuan Fund	Fixed Income	FIXED INCOME
CZA	18383M720	Guggenheim Mid-Cap Core ETF	Global Equity	MID-CAP
DAG	25154H558	PowerShares DB Agriculture Double Long ETN	Commodity	AGRICULTURE
DBA	73936B408	PowerShares DB Agriculture Fund	Commodity	AGRICULTURE
DBB	73936B705	PowerShares DB Base Metals Fund	Commodity	COMMODITIES
DBBR	233051309	DBX MSCI Brazil Currency-Hedged Equity Fund	Global Equity	INTERNATIONAL
DBC	73935S105	PowerShares DB Commodity Index Tracking Fund	Commodity	COMMODITIES
DBCN	233051408	DBX MSCI Canada Currency-Hedged Equity Fund	Global Equity	INTERNATIONAL
DBE	73936B101	PowerShares DB Energy Fund	Commodity	NATURAL RESOURCES
DBEF	233051200	DBX MSCI EAFE Currency-Hedged Equity Fund	Global Equity	INTERNATIONAL
DBEM	233051101	DBX MSCI Emerging Markets Currency-Hedged Equity Fund	Global Equity	EMERGING MARKETS
DBJP	233051507	DBX MSCI Japan Currency-Hedged Equity Fund	Global Equity	ASIAN REGION
DBO	73936B507	PowerShares DB Oil Fund	Commodity	NATURAL RESOURCES
DBP	73936B200	PowerShares DB Precious Metals Fund	Commodity	PRECIOUS METALS
DBS	73936B309	PowerShares DB Silver Fund	Commodity	PRECIOUS METALS
DBU	97717W653	WisdomTree Global ex-US Utility Fund	Global Equity	UTILITY
DBV	73935Y102	PowerShares DB G10 Currency Harvest Fund	Currency	CURRENCY
DCNG	06740P239	iPath Seasonal Natural Gas ETN	Commodity	NATURAL RESOURCES
DDG	74347R222	ProShares Short Oil & Gas	Commodity	NATURAL RESOURCES
DDM	74347R305	ProShares Ultra Dow 30	Equity	LARGE-CAP
DDP	25154H467	PowerShares DB Commodity Short ETN	Commodity	COMMODITIES
DEE	25154H483	PowerShares DB Commodity Double Short ETN	Commodity	COMMODITIES
DEF	18383M878	Guggenheim Defensive Equity ETF	Equity	EQUITY SPECIALTY
DEFL	25154W217	PowerShares DB US Deflation Exchange Traded Notes	Fixed Income	FIXED INCOME
DEM	97717W315	WisdomTree Emerging Markets Equity Income Fund	Global Equity	EMERGING MARKETS
DES	97717W604	WisdomTree SmallCap Dividend Fund	Equity	INCOME
DEW	97717W877	WisdomTree Global Equity Income Fund	Global Equity	INCOME
DFE	97717W869	WisdomTree Europe SmallCap Dividend Fund	Global Equity	INCOME
DFJ	97717W836	WisdomTree Japan SmallCap Dividend Fund	Global Equity	INCOME
DFVL	06740P650	iPath US Treasury 5yr Bull ETN	Fixed Income	FIXED INCOME
DFVS	06740P643	iPath US Treasury 5yr Bear ETN	Fixed Income	FIXED INCOME
DGAZ	22542D530	VelocityShares 3x Inverse Natural Gas ETN linked to the S&P GSCI Natural Gas Index Excess Return	Commodity	NATURAL RESOURCES
DGL	73936B606	PowerShares DB Gold Fund	Commodity	PRECIOUS METALS
DGLD	22542D670	VelocityShares 3x Inverse Gold ETN linked to the S&P GSCI Gold Index ER	Commodity	PRECIOUS METALS
DGP	25154H749	PowerShares DB Gold Double Long ETN	Commodity	PRECIOUS METALS
DGS	97717W281	WisdomTree Emerging Markets SmallCap Dividend Fund	Global Equity	EMERGING MARKETS
DGT	78464A706	SPDR Global Dow ETF	Global Equity	LARGE-CAP
DGZ	25154H731	PowerShares DB Gold Short ETN	Commodity	PRECIOUS METALS
DHS	97717W208	WisdomTree Equity Income Fund	Equity	INCOME
DIA	78467X109	SPDR Dow Jones Industrial Average ETF	Equity	LARGE-CAP
DIG	74347R719	ProShares Ultra Oil & Gas	Equity	NATURAL RESOURCES
DIM	97717W778	WisdomTree International MidCap Dividend Fund	Global Equity	MID-CAP
DIRT	06740P262	iPath Pure Beta Agriculture ETN	Commodity	AGRICULTURE
DJCI	902641679	UBS E-TRACS DJ-UBS Commodity Index Total Return	Commodity	COMMODITIES
DJP	06738C778	iPath Dow Jones-UBS Commodity Index Total Return ETN	Commodity	COMMODITIES
DLBL	06740L527	iPath US Treasury Long Bond Bull ETN	Fixed Income	FIXED INCOME
DLBS	06740L444	iPath US Treasury Long Bond Bear ETN	Fixed Income	FIXED INCOME
DLN	97717W307	WisdomTree LargeCap Dividend Fund	Equity	INCOME
DLS	97717W760	WisdomTree International SmallCap Dividend Fund	Global Equity	SMALL-CAP
DNL	97717W844	WisdomTree Global ex-US Growth Fund	Global Equity	GROWTH
DNO	912613205	United States Short Oil Fund, LP	Commodity	NATURAL RESOURCES
DOD	25153Q658	ELEMENTS Dow Jones High Yield Select 10 Total Return Index ETN	Fixed Income	FIXED INCOME
DOG	74347R701	ProShares Short Dow 30	Equity	LARGE-CAP
DOIL	22542D555	VelocityShares 3x Inverse Brent Crude ETN	Commodity	NATURAL RESOURCES
DOL	97717W794	WisdomTree International LargeCap Dividend Fund	Global Equity	INCOME
DON	97717W505	WisdomTree MidCap Dividend Fund	Equity	INCOME
DOO	97717W786	WisdomTree International Dividend ex-Financials Fund	Global Equity	INCOME
DPK	25459W169	Direxion Daily Developed Markets Bear 3X Shares	Global Equity	INTERNATIONAL
DPU	25154H459	PowerShares DB Commodity Long ETN	Commodity	COMMODITIES
DRGS	78009P135	RBS Global Big Pharma ETN	Global Equity	HEALTH/BIOTECHNOLOGY
DRN	25459W755	Direxion Daily Real Estate Bull 3x Shares	Equity	REAL ESTATE
DRR	617480280	Market Vectors Double Short Euro Exchange Traded Notes	Currency	EUROPEAN REGION
DRV	25459Y660	Direxion Daily Real Estate Bear 3x Shares	Equity	REAL ESTATE
DRW	97717W331	WisdomTree Global ex-US RealEstate Fund	Global Equity	REAL ESTATE
DSI	464288570	iShares KLD 400 Social Index Fund	Equity	EQUITY SPECIALTY
DSLV	22542D654	VelocityShares 3x Inverse Silver ETN linked to the S&P GSCI Silver Inverse Index ER	Commodity	PRECIOUS METALS
DSTJ	46634X864	JPMorgan Double Short US Long Bond Treasury Futures ETN	Fixed Income	FIXED INCOME
DSUM	73937B753	PowerShares Chinese Yuan Dim Sum Bond Portfolio	Fixed Income	ASIAN REGION
DSXJ	46634X823	JPMorgan Double Short US 10 Year Treasury Futures ETN	Fixed Income	FIXED INCOME
DTD	97717W109	WisdomTree Total Dividend Fund	Equity	INCOME
DTH	97717W802	WisdomTree DEFA Equity Income Fund	Global Equity	INCOME
DTN	97717W406	WisdomTree Dividend ex-Financials Fund	Equity	INCOME
DTO	25154K809	Powershares DB Crude Oil Double Short ETN	Commodity	NATURAL RESOURCES
DTUL	06740L469	iPath US Treasury 2-year Bull ETN	Fixed Income	FIXED INCOME
DTUS	06740L519	iPath US Treasury 2-year Bear ETN	Fixed Income	FIXED INCOME
DTYL	06740L493	iPath US Treasury 10-year Bull ETN	Fixed Income	FIXED INCOME
DTYS	06740L451	iPath US Treasury 10-year Bear ETN	Fixed Income	FIXED INCOME
DUG	74347X591	ProShares UltraShort Oil & Gas	Equity	NATURAL RESOURCES
DUST	25459W235	Direxion Daily Gold Miners Bear 3X Shares	Commodity	PRECIOUS METALS
DVY	464287168	iShares Dow Jones Select Dividend Index Fund	Equity	INCOME
DVYA	464286293	iShares Asia Pacific Dividend 30 Index Fund	Global Equity	INCOME
DVYE	464286319	iShares Emerging Markets Dividend Index Fund	Global Equity	INCOME
DVYL	90268G607	ETRACS Monthly Pay 2xLeveraged Dow Jones Select Dividend Index ETN	Equity	INCOME
DWAS	73936Q744	PowerShares DWA Small Cap Technical Leaders Portfolio	Equity	SMALL-CAP
DWM	97717W703	WisdomTree DEFA Fund	Global Equity	INCOME
DWTI	22542D548	VelocityShares 3x Inverse Crude ETN linked to the S&P GSCI Crude Oil Index Excess Return	Commodity	NATURAL RESOURCES
DWX	78463X772	SPDR S&P International Dividend ETF	Global Equity	INCOME
DXD	74348A590	ProShares UltraShort Dow 30	Equity	LARGE-CAP
DXJ	97717W851	WisdomTree Japan Hedged Equity Fund	Global Equity	ASIAN REGION
DYY	25154H475	PowerShares DB Commodity Double Long ETN	Commodity	COMMODITIES
DZK	25459W789	Direxion Daily Developed Markets Bull 3X Shares	Global Equity	INTERNATIONAL
DZZ	25154H756	PowerShares DB Gold Double Short ETN	Commodity	PRECIOUS METALS
EAPS	70422P206	Pax MSCI EAFE ESG Index ETF	Global Equity	GLOBAL
EBND	78464A391	SPDR Barclays Emerging Markets Local Bond ETF	Fixed Income	FIXED INCOME
ECH	464286640	iShares MSCI Chile Investable Market Index Fund	Global Equity	EMERGING MARKETS
ECNS	46429B200	iShares MSCI China Small Cap Index Fund	Global Equity	SMALL-CAP
ECON	268461779	EGShares Emerging MarketsConsumer ETF	Global Equity	EMERGING MARKETS
EDC	25459Y686	Direxion Daily Emerging Markets Bull 3X Shares	Global Equity	EMERGING MARKETS
EDEN	46429B523	iShares MSCI Denmark Capped Investable Market Index Fund	Global Equity	EUROPEAN REGION
EDIV	78463X533	SPDR S&P Emerging Markets Dividend ETF	Global Equity	INCOME
EDV	921910709	Vanguard Extended Duration Treasury Index Fund	Fixed Income	FIXED INCOME
EDZ	25459W482	Direxion Daily Emerging Markets Bear 3X Shares	Global Equity	EMERGING MARKETS
EEB	18383M100	Guggenheim BRIC ETF	Global Equity	EMERGING MARKETS
EEH	870297504	ELEMENTS SPECTRUM Large Cap US Sector Momentum Index ETN	Equity	LARGE-CAP
EEHB	73937B670	Power Shares S&P Emerging Markets High Beta Portfolio	Global Equity	EMERGING MARKETS
EELV	73937B662	PowerShares S&P Emerging Markets Low Volatility Portfolio	Global Equity	EMERGING MARKETS
EEM	464287234	iShares MSCI Emerging Markets Index Fund	Global Equity	EMERGING MARKETS
EEMA	464286426	iShares MSCI Emerging Markets Asia Index Fund	Global Equity	EMERGING MARKETS
EEME	464286384	iShares MSCI Emerging Markets EMEA Index Fund	Global Equity	EMERGING MARKETS
EEML	46429B382	iShares MSCI Emerging Markets Latin America Index Fund	Global Equity	EMERGING MARKETS
EEMS	464286475	iShares MSCI Emerging Markets Small Cap Index Fund	Global Equity	EMERGING MARKETS
EEMV	464286533	iShares MSCI Emerging Markets Minimum Volatility Index Fund	Global Equity	EMERGING MARKETS
EES	97717W562	WisdomTree SmallCap Earnings Fund	Equity	SMALL-CAP
EET	74347X302	ProShares Ultra MSCI Emerging Markets	Global Equity	EMERGING MARKETS
EEV	74347X575	ProShares UltraShort MSCI Emerging Markets	Global Equity	EMERGING MARKETS
EFA	464287465	iShares MSCI EAFE Index Fund	Global Equity	INTERNATIONAL
EFAV	46429B689	iShares MSCI EAFE Minimum Volatility Index Fund	Global Equity	INTERNATIONAL
EFG	464288885	iShares MSCI EAFE Growth Index Fund	Global Equity	GROWTH
EFNL	46429B515	iShares MSCI Finland Capped Investable Market Index Fund	Global Equity	EUROPEAN REGION
EFO	74347X500	ProShares Ultra MSCI EAFE	Global Equity	INTERNATIONAL
EFU	74347R339	ProShares UltraShort MSCI EAFE	Global Equity	INTERNATIONAL
EFV	464288877	iShares MSCI EAFE Value Index Fund	Global Equity	VALUE
EFZ	74347R370	ProShares Short MSCI EAFE	Global Equity	INTERNATIONAL
EGPT	57060U548	Market Vectors Egypt Index ETF	Global Equity	EMERGING MARKETS
EGRW	464286467	iShares MSCI Emerging Markets Growth Index Fund	Global Equity	GROWTH
EIDO	46429B309	iShares MSCI Indonesia Investable Market Index Fund	Global Equity	EMERGING MARKETS
EIPL	90268A659	ETRACS Monthly 2x Leveraged Next Generation ETN	Equity	TECHNOLOGY
EIPO	90268A774	ETRACS Next Generation Internet ETN	Equity	TECHNOLOGY
EIRL	46429B507	iShares MSCI Ireland Capped Investable Market Index Fund	Global Equity	EUROPEAN REGION
EIS	464286632	iShares MSCI Israel Capped Index Fund	Global Equity	INTERNATIONAL
ELD	97717X867	WisdomTree Emerging Markets Local Debt Fund	Fixed Income	FIXED INCOME
ELR	78464A854	SPDR Dow Jones Large Cap ETF	Equity	LARGE-CAP
EMB	464288281	iShares JPMorgan USD Emerging Markets Bond Fund	Fixed Income	FIXED INCOME
EMCB	97717X784	WisdomTree Emerging Markets Corporate Bond Fund	Fixed Income	EMERGING MARKETS
EMCD	78468R507	SPDR BofA Merrill Lynch Emerging Markets Corporate Bond ETF	Fixed Income	FIXED INCOME
EMCR	268461464	EGShares Emerging Markets CORE ETF	Equity	EMERGING MARKETS
EMDD	268461621	EGShares Emerging Markets Domestic Demand ETF	Global Equity	EMERGING MARKETS
EMDI	464286418	iShares MSCI Emerging Markets Consumer Discretionary Sector Index Fund	Global Equity	EMERGING MARKETS
EMER	45409B644	IQ Emerging Markets Mid Cap ETF	Global Equity	EMERGING MARKETS
EMEY	464286376	iShares MSCI Emerging Markets Energy Sector Capped Index Fund	Global Equity	EMERGING MARKETS
EMFN	464289172	iShares MSCI Emerging Markets Financial Sector Index Fund	Global Equity	EMERGING MARKETS
EMFT	78463X467	SPDR MSCI Emerging Market 50 ETF	Global Equity	EMERGING MARKETS
EMHY	464286285	iShares Emerging Markets High Yield Bond Fund	Fixed Income	EMERGING MARKETS
EMIF	464288216	iShares S&P Emerging Markets Infrastructure Index Fund	Global Equity	EMERGING MARKETS
EMLB	06740P874	iPath Long Enhanced MSCI Emerging Markets Index ETN	Global Equity	EMERGING MARKETS
EMLC	57060U522	Market Vectors Emerging Markets Local Currency Bond ETF	Fixed Income	FIXED INCOME
EMLP	33738D101	First Trust North American Energy Infrastructure Fund	Equity	NATURAL RESOURCES
EMM	78464A847	SPDR Dow Jones Mid Cap ETF	Equity	MID-CAP
EMMT	464289198	iShares MSCI Emerging Markets Materials Sector Index Fund	Global Equity	EMERGING MARKETS
EMSA	06740P866	iPath Short Enhanced MSCI Emerging Markets Index ETN	Global Equity	EMERGING MARKETS
EMT	268461852	EGShares Emerging Markets Metals and Mining ETF	Global Equity	EMERGING MARKETS
ENGN	46429B226	iShares Industrials Sector Bond Fund	Fixed Income	INDUSTRIALS
ENOR	46429B499	iShares MSCI Norway Capped Investable Market Index Fund	Global Equity	EUROPEAN REGION
ENY	18383Q606	Guggenheim Canadian Energy Income ETF	Global Equity	GLOBAL
ENZL	464289123	IShares MSCI New Zealand Investable Market Index Fund	Global Equity	ASIAN REGION
EPHE	46429B408	iShares MSCI Philippines Investable Market Index Fund	Global Equity	ASIAN REGION
EPI	97717W422	WisdomTree India Earnings Fund	Global Equity	EMERGING MARKETS
EPOL	46429B606	iShares MSCI Poland Investable Market Index Fund	Global Equity	EUROPEAN REGION
EPP	464286665	iShares MSCI Pacific ex-Japan Index Fund	Global Equity	ASIAN REGION
EPS	97717W588	WisdomTree Earnings 500 Fund	Equity	GROWTH
EPU	464289842	iShares MSCI All Peru Capped Index Fund	Global Equity	INTERNATIONAL
EPV	74348A301	ProShares UltraShort MSCI Europe	Global Equity	EUROPEAN REGION
EQL	00162Q205	ALPS Equal Sector Weight ETF	Equity	LARGE-CAP
ERO	06739F184	iPath EUR/USD Exchange Rate ETN	Currency	EUROPEAN REGION
ERUS	46429B705	iShares MSCI Russia Capped Index Fund	Global Equity	EMERGING MARKETS
ERX	25459W888	Direxion Daily Energy Bull 3X Shares	Equity	NATURAL RESOURCES
ERY	25459W342	Direxion Daily Energy Bear 3X Shares	Equity	NATURAL RESOURCES
ESR	464286566	iShares MSCI Emerging Markets Eastern Europe Index Fund	Global Equity	EMERGING MARKETS
EU	97717W174	WisdomTree Dreyfus Euro Debt Fund	Fixed Income	EUROPEAN REGION
EUFN	464289180	iShares MSCI Europe Financial Sector Index Fund	Global Equity	FINANCIAL SERVICES
EUFX	74347W742	ProShares Short Euro	Commodity	AGRICULTURE
EUM	74347R396	ProShares Short MSCI Emerging Markets	Global Equity	EMERGING MARKETS
EUO	74347W882	ProShares UltraShort Euro	Currency	EUROPEAN REGION
EUSA	464286681	iShares MSCI USA Index Fund	Equity	LARGE-CAP
EVAL	464286459	iShares MSCI Emerging Markets Value Index Fund	Global Equity	VALUE
EVX	57060U209	Market Vectors Environmental Services ETF	Equity	INDUSTRIALS
EWA	464286103	iShares MSCI Australia Index Fund	Global Equity	ASIAN REGION
EWAS	46429B481	iShares MSCI Australia Small Cap Index Fund	Global Equity	SMALL-CAP
EWC	464286509	iShares MSCI Canada Index Fund	Global Equity	INTERNATIONAL
EWCS	46429B473	iShares MSCI Canada Small Cap Index Fund	Global Equity	SMALL-CAP
EWD	464286756	iShares MSCI Sweden Index Fund	Global Equity	EUROPEAN REGION
EWEF	78355W544	Guggenheim MSCI EAFE Equal Weight ETF	Global Equity	INTERNATIONAL
EWEM	78355W536	Guggenheim MSCI Emerging Markets Equal Weight ETF	Global Equity	EMERGING MARKETS
EWG	464286806	iShares MSCI Germany Index Fund	Global Equity	EUROPEAN REGION
EWGS	46429B465	iShares MSCI Germany Small Cap Index Fund	Global Equity	SMALL-CAP
EWH	464286871	iShares MSCI Hong Kong Index Fund	Global Equity	ASIAN REGION
EWHS	46429B457	iShares MSCI Hong Kong Small Cap Index Fund	Global Equity	SMALL-CAP
EWI	464286855	iShares MSCI Italy Index Fund	Global Equity	EUROPEAN REGION
EWJ	464286848	iShares MSCI Japan Index Fund	Global Equity	ASIAN REGION
EWK	464286301	iShares MSCI Belgium Capped Investable Market Index Fund	Global Equity	EUROPEAN REGION
EWL	464286749	iShares MSCI Switzerland Index Fund	Global Equity	EUROPEAN REGION
EWM	464286830	iShares MSCI Malaysia Index Fund	Global Equity	ASIAN REGION
EWMD	78355W510	Guggenheim S&P MidCap 400 Equal Weight ETF	Equity	MID-CAP
EWN	464286814	iShares MSCI Netherlands Investable Market Index Fund	Global Equity	EUROPEAN REGION
EWO	464286202	iShares MSCI Austria Investable Market Index Fund	Global Equity	EUROPEAN REGION
EWP	464286764	iShares MSCI Spain Index Fund	Global Equity	EUROPEAN REGION
EWQ	464286707	iShares MSCI France Index Fund	Global Equity	EUROPEAN REGION
EWRI	78355W593	Guggenheim Russell 1000 Equal Weight ETF	Equity	LARGE-CAP
EWRM	78355W577	Guggenheim Russell MidCap Equal Weight ETF	Equity	MID-CAP
EWRS	78355W585	Guggenheim Russell 2000 Equal Weight ETF	Equity	SMALL-CAP
EWS	464286673	iShares MSCI Singapore Index Fund	Global Equity	ASIAN REGION
EWSM	78355W494	Guggenheim S&P SmallCap 600 Equal Weight ETF	Equity	SMALL-CAP
EWSS	46429B432	iShares MSCI Singapore Small Cap Index Fund	Global Equity	SMALL-CAP
EWT	464286731	iShares MSCI Taiwan Index Fund	Global Equity	ASIAN REGION
EWU	464286699	iShares MSCI UK Index Fund	Global Equity	EUROPEAN REGION
EWUS	46429B416	iShares MSCI United Kingdom Small Cap Index Fund	Global Equity	SMALL-CAP
EWV	74347R347	ProShares UltraShort MSCI Japan	Global Equity	ASIAN REGION
EWW	464286822	iShares MSCI Mexico Investable Market Index Fund	Global Equity	INTERNATIONAL
EWX	78463X756	SPDR S&P Emerging Markets Small Cap ETF	Global Equity	EMERGING MARKETS
EWY	464286772	iShares MSCI South Korea Index Fund	Global Equity	ASIAN REGION
EWZ	464286400	iShares MSCI Brazil Index Fund	Global Equity	EMERGING MARKETS
EWZS	464289131	iShares MSCI Brazil Small Cap Index Fund	Global Equity	SMALL-CAP
EXI	464288729	iShares S&P Global Industrials Sector Index Fund	Global Equity	INDUSTRIALS
EXT	97717W596	WisdomTree Total Earnings Fund	Equity	GROWTH
EZA	464286780	iShares MSCI South Africa Index Fund	Global Equity	EMERGING MARKETS
EZJ	74347X708	ProShares Ultra MSCI Japan	Global Equity	ASIAN REGION
EZM	97717W570	WisdomTree MidCap Earnings Fund	Equity	MID-CAP
EZU	464286608	iShares MSCI EMU Index Fund	Global Equity	EUROPEAN REGION
EZY	97717W547	WisdomTree LargeCap Value Fund	Equity	VALUE
FAA	18383Q812	Guggenheim Airline ETF	Global Equity	EQUITY SPECIALTY
FAB	33733C108	First Trust Multi Cap Value AlphaDEX Fund	Equity	VALUE
FAD	33733F101	First Trust Multi Cap Growth AlphaDEX Fund	Equity	GROWTH
FAN	33736G106	First Trust ISE Global Wind Energy Index Fund	Global Equity	NATURAL RESOURCES
FAS	25459Y694	Direxion Daily Financial Bull 3X Shares	Equity	FINANCIAL SERVICES
FAUS	33737J216	First Trust Australia AlphaDEX Fund	Global Equity	MID-CAP
FAZ	25459W144	Direxion Daily Financial Bear 3X Shares	Equity	FINANCIAL SERVICES
FBG	90267L508	Fisher Enhanced Big Cap Growth ETN	Equity	LARGE-CAP
FBT	3.37E+207	First Trust NYSE Arca Biotechnology Index Fund	Equity	HEALTH/BIOTECHNOLOGY
FBZ	33737J133	First Trust Brazil AlphaDEX Fund	Global Equity	EMERGING MARKETS
FCA	33737J141	First Trust China AlphaDEX Fund	Global Equity	ASIAN REGION
FCAN	33737J208	First Trust Canada AlphaDEX Fund	Global Equity	MID-CAP
FCG	33734J102	First Trust ISE-Revere Natural Gas Index Fund	Equity	NATURAL RESOURCES
FCHI	464288190	iShares FTSE China (HK Listed) Index Fund	Global Equity	ASIAN REGION
FDD	33735T109	First Trust Dow Jones STOXX European Select Dividend Index Fund	Global Equity	INCOME
FDL	336917109	First Trust Morningstar Dividend Leaders Index Fund	Equity	INCOME
FDM	33718M105	First Trust Dow Jones Select MicroCap Index Fund	Equity	SMALL-CAP
FDN	3.37E+306	First Trust Dow Jones Internet Index Fund	Equity	TECHNOLOGY
FDT	33737J174	First Trust Developed Markets ex-US AlphaDEX Fund	Global Equity	INDUSTRIALS
FDTS	33737J406	First Trust Developed Markets ex-US Small Cap AlphaDEX Fund	Global Equity	SMALL-CAP
FDV	3.37E+108	First Trust Strategic Value Index Fund	Equity	VALUE
FEFN	464289214	iShares MSCI Far East Financial Sector Index Fund	Global Equity	FINANCIAL SERVICES
FEM	33737J182	First Trust Emerging Markets AlphaDEX Fund	Global Equity	EMERGING MARKETS
FEMS	33737J307	First Trust Emerging Markets Small Cap AlphaDEX Fund	Global Equity	EMERGING MARKETS
FEP	33737J117	First Trust Europe AlphaDEX Fund	Global Equity	EUROPEAN REGION
FEU	78463X103	SPDR DJ STOXX 50 ETF	Global Equity	LARGE-CAP
FEX	33734K109	First Trust Large Cap Core AlphaDEX Fund	Equity	LARGE-CAP
FEZ	78463X202	SPDR DJ EURO STOXX 50 ETF	Global Equity	LARGE-CAP
FFR	33736N101	First Trust FTSE EPRA/NAREIT Developed Markets Real Estate Index Fund	Global Equity	REAL ESTATE
FGD	33734X200	First Trust Dow Jones Global Select Dividend Index Fund	Global Equity	INCOME
FGEM	268461506	EGShares Financial GEMS ETF	Global Equity	EMERGING MARKETS
FGM	33737J190	First Trust Germany AlphaDEX Fund	Global Equity	MID-CAP
FHK	33737J240	First Trust Hong Kong AlphaDEX Fund	Global Equity	ASIAN REGION
FILL	464286343	iShares MSCI Global Energy Producers Fund	Global Equity	NATURAL RESOURCES
FINF	74348A798	ProShares Short 30 Year TIPS/TSY	Fixed Income	FIXED INCOME
FINU	74348A582	ProShares UltraPro Financials ETF	Equity	FINANCIAL SERVICES
FINZ	74348A574	ProShares UltraPro Short Financials ETF	Equity	FINANCIAL SERVICES
FIVZ	72201R601	PIMCO 3-7 Year U.S. Treasury Index Exchange-Traded Fund	Fixed Income	FIXED INCOME
FIW	33733B100	First Trust ISE Water Index Fund	Equity	NATURAL RESOURCES
FJP	33737J158	First Trust Japan AlphaDEX Fund	Global Equity	ASIAN REGION
FKO	33737J166	First Trust South Korea AlphaDEX Fund	Global Equity	ASIAN REGION
FKU	33737J224	First Trust United Kingdom AlphaDEX Fund	Global Equity	EUROPEAN REGION
FLAT	06740L485	iPath US Treasury Flattener ETN	Fixed Income	FIXED INCOME
FLM	33736M103	First Trust ISE Global Engineering and Construction Index Fund	Global Equity	INDUSTRIALS
FLN	33737J125	First Trust Latin America AlphaDEX Fund	Global Equity	INTERNATIONAL
FLOT	46429B655	iShares Floating Rate Note Fund	Fixed Income	FIXED INCOME
FLRN	78468R200	SPDR Barclays Investment Grade Floating Rate ETF	Fixed Income	FIXED INCOME
FLTR	57060U514	Market Vectors Investment Grade Floating Rate ETF	Fixed Income	FIXED INCOME
FM	464286145	iShares MSCI Frontier 100 Index Fund	Global Equity	EMERGING MARKETS
FMK	33737M508	First Trust Mega Cap AlphaDEX Fund	Equity	LARGE-CAP
FNI	33733A102	First Trust ISE Chindia Index Fund	Global Equity	EMERGING MARKETS
FNIO	464288554	iShares FTSE NAREIT Industrial/Office Capped Index Fund	Equity	REAL ESTATE
FNK	33737M201	First Trust Mid Cap Value AlphaDEX Fund	Equity	VALUE
FNX	33735B108	First Trust Mid Cap Core AlphaDEX Fund	Equity	MID-CAP
FNY	33737M102	First Trust Mid Cap Growth AlphaDEX Fund	Equity	GROWTH
FOIL	06740P171	iPath Pure Beta Aluminum ETN	Commodity	COMMODITIES
FOL	30304P104	FactorShares 2X: Oil Bull/S&P500 Bear	Commodity	NATURAL RESOURCES
FONE	33737K106	First Trust NASDAQ CEA Smartphone Index Fund	Global Equity	TECHNOLOGY
FPA	33737J109	First Trust Asia Pacific ex-Japan AlphaDEX Fund	Global Equity	ASIAN REGION
FPX	336920103	First Trust US IPO Index Fund	Equity	GROWTH
FRAK	57060U159	Market Vectors Unconventional Oil & Gas ET	Global Equity	NATURAL RESOURCES
FRI	33734G108	First Trust S&P REIT Index Fund	Equity	REAL ESTATE
FRN	18383Q838	Guggenheim Frontier Markets ETF	Global Equity	INTERNATIONAL
FSA	303047104	FactorShares 2X: TBond Bull/S&P500 Bear	Equity	LARGE-CAP
FSE	303046106	FactorShares 2X: S&P500 Bull/TBond Bear	Equity	LARGE-CAP
FSG	30304T106	FactorShares 2X: Gold Bull/S&P500 Bear	Commodity	PRECIOUS METALS
FSU	303048102	FactorShares 2X: S&P500 Bull/USD Bear	Equity	LARGE-CAP
FSZ	33737J232	First Trust Switzerland AlphaDEX Fund	Global Equity	EUROPEAN REGION
FTA	33735J101	First Trust Large Cap Value Opportunities AlphaDEX Fund	Equity	VALUE
FTC	33735K108	First Trust Large Cap Growth Opportunities AlphaDEX Fund	Equity	GROWTH
FTW	33737J257	First Trust Taiwan AlphaDEX Fund	Global Equity	ASIAN REGION
FTY	464288521	iShares FTSE NAREIT Real Estate 50 Index Fund	Equity	REAL ESTATE
FUD	902641737	UBS E-TRACS UBS Bloomberg CMCI Food TR ETN	Commodity	AGRICULTURE
FUE	870297199	ELEMENTS MLCX Biofuels Index - Total Return ETN	Commodity	NATURAL RESOURCES
FVD	33734H106	First Trust Value Line Dividend Index Fund	Equity	INCOME
FVI	336919105	First Trust Value Line Equity Allocation Index Fund	Equity	FLEXIBLE PORTFOLIO
FVL	33735G107	First Trust ValueLine 100 Exchange-Traded Fund	Equity	GROWTH & INCOME
FWDB	00768Y834	Madrona Forward Global Bond ETF	Fixed Income	FIXED INCOME
FWDD	00768Y859	Madrona Forward Domestic ETF	Equity	LARGE-CAP
FWDI	00768Y842	Madrona Forward International ETF	Global Equity	LARGE-CAP
FXA	23129U101	CurrencyShares Australian Dollar Trust	Currency	ASIAN REGION
FXB	23129S106	CurrencyShares British Pound Sterling Trust	Currency	EUROPEAN REGION
FXC	23129X105	CurrencyShares Canadian Dollar Trust	Currency	INTERNATIONAL
FXCH	23131C107	CurrencyShares Chinese Renminbi Trust	Currency	ASIAN REGION
FXD	33734X101	First Trust Consumer Discretionary AlphaDEX Fund	Equity	CONSUMER
FXE	23130C108	CurrencyShares Euro Trust	Currency	EUROPEAN REGION
FXF	23129V109	CurrencyShares Swiss Franc Trust	Currency	EUROPEAN REGION
FXG	33734X119	First Trust Consumer Staples AlphaDEX Fund	Equity	CONSUMER
FXH	33734X143	First Trust Health Care AlphaDEX Fund	Equity	HEALTH/BIOTECHNOLOGY
FXI	464287184	iShares FTSE China 25 Index Fund	Global Equity	LARGE-CAP
FXL	33734X176	First Trust Technology AlphaDEX Fund	Equity	TECHNOLOGY
FXN	33734X127	First Trust Energy AlphaDEX Fund	Equity	NATURAL RESOURCES
FXO	33734X135	First Trust Financials AlphaDEX Fund	Equity	FINANCIAL SERVICES
FXP	74347X567	ProShares UltraShort FTSE/Xinhua China 25	Global Equity	ASIAN REGION
FXR	33734X150	First Trust Industrials/Producer Durables AlphaDEX Fund	Equity	INDUSTRIALS
FXS	23129R108	CurrencyShares Swedish Krona Trust	Currency	EUROPEAN REGION
FXU	33734X184	First Trust Utilities AlphaDEX Fund	Equity	UTILITY
FXY	23130A102	CurrencyShares Japanese Yen Trust	Currency	ASIAN REGION
FXZ	33734X168	First Trust Materials AlphaDEX Fund	Equity	BASIC MATERIALS
FYC	33737M409	First Trust Small Cap Growth AlphaDEX Fund	Equity	GROWTH
FYT	33737M300	First Trust Small Cap Value AlphaDEX Fund	Equity	VALUE
FYX	33734Y109	First Trust Small Cap Core AlphaDEX Fund	Equity	SMALL-CAP
GAF	78463X806	SPDR S&P Emerging Middle East & Africa ETF	Global Equity	EMERGING MARKETS
GAL	78467V400	SPDR SSgA Global Allocation ETF	Global Equity	GROWTH & INCOME
GASL	25459W227	Direxion Daily Natural Gas Related Bull 3x ETF	Equity	NATURAL RESOURCES
GASX	25459W219	Direxion Daily Natural Gas Related Bear 3x ETF	Equity	NATURAL RESOURCES
GASZ	90267B799	Natural Gas Futures Contango ETN due June 14, 2041	Commodity	NATURAL RESOURCES
GAZ	06739H644	iPath Dow Jones-UBS Natural Gas Subindex Total Return ETN	Commodity	NATURAL RESOURCES
GBB	06739F176	iPath GBP/USD Exchange Rate ETN	Currency	EUROPEAN REGION
GBF	464288596	iShares Barclays Government/Credit Bond Fund	Fixed Income	FIXED INCOME
GCC	395258106	GreenHaven Continuous Commodity Index Fund	Commodity	COMMODITIES
GCE	362273104	Claymore CEF GS Connect ETN	Fixed Income	FIXED INCOME
GDAY	74347W494	ProShares Ultra Australian Dollar	Currency	ASIAN REGION
GDX	57060U100	Market Vectors Gold Miners ETF	Equity	PRECIOUS METALS
GDXJ	57060U589	Market Vectors Junior Gold Miners ETF	Global Equity	PRECIOUS METALS
GERJ	57060U381	Market Vectors Germany Small-Cap ETF	Global Equity	SMALL-CAP
GEX	57060U407	Market Vectors Global Alternative Energy ETF	Global Equity	NATURAL RESOURCES
GGEM	268461308	EGShares Consumer Goods GEMS ETF	Equity	EMERGING MARKETS
GGGG	37950E614	Global X Pure Gold Miners ETF	Commodity	PRECIOUS METALS
GGOV	74348A889	ProShares German Sovereign/Sub-Sovereign ETF	Fixed Income	EUROPEAN REGION
GHYG	464286178	iShares Global High Yield Corporate Bond Fund	Fixed Income	FIXED INCOME
GII	78463X855	SPDR FTSE/Macquarie Global Infrastructure 100 ETF	Global Equity	GLOBAL
GIVE	00768Y776	AdvisorShares Global Echo ETF	Global Equity	GROWTH & INCOME
GIY	18383M662	Guggenheim Enhanced Core Bond ETF	Fixed Income	FIXED INCOME
GLD	78463V107	SPDR Gold Shares	Commodity	PRECIOUS METALS
GLDX	37950E739	Global X Gold Explorers ETF	Commodity	PRECIOUS METALS
GLL	74347W395	ProShares UltraShort Gold	Commodity	PRECIOUS METALS
GLTR	26922W109	ETFS Physical Precious Metal Basket Shares	Commodity	PRECIOUS METALS
GMF	78463X301	SPDR S&P Emerging Asia Pacific ETF	Global Equity	EMERGING MARKETS
GMFS	78463X525	SPDR S&P Small Cap Emerging Asia Pacific ETF	Global Equity	EMERGING MARKETS
GML	78463X707	SPDR S&P Emerging Latin America ETF	Global Equity	EMERGING MARKETS
GMM	78463X509	SPDR S&P Emerging Markets ETF	Global Equity	EMERGING MARKETS
GMMB	19761R703	Columbia Intermediate Municipal Bond Strategy Fund	Fixed Income	FIXED INCOME
GMTB	19761R802	Columbia Core Bond Strategy Fund	Fixed Income	FIXED INCOME
GNAT	97717W711	WisdomTree Global Natural Resources Fund	Global Equity	NATURAL RESOURCES
GNMA	46429B333	iShares Barclays GNMA Bond Fund	Fixed Income	FIXED INCOME
GNR	78463X541	SPDR S&P Global Natural Resources ETF	Global Equity	NATURAL RESOURCES
GOVT	46429B267	iShares Barclays U.S. Treasury Bond Fund	Fixed Income	FIXED INCOME
GREK	37950E366	Global X FTSE Greece 20 ETF	Global Equity	EUROPEAN REGION
GRES	45409B883	IQ ARB Global Resources ETF	Global Equity	COMMODITIES
GRI	00162Q106	Cohen & Steers Global Realty Majors ETF	Global Equity	REAL ESTATE
GRID	33737A108	First Trust NASDAQ Clean Edge Smart Grid Infrastructure Index Fund	Global Equity	UTILITY
GRN	06739H164	iPath Global Carbon ETN	Commodity	COMMODITIES
GRU	870297215	ELEMENTS MLCX Grains Index-Total Return ETN	Commodity	AGRICULTURE
GRWN	06740P288	iPath Pure Beta Softs ETN	Commodity	COMMODITIES
GSC	38144L852	GS Connect S&P GSCI Enhanced Commodity Total Return Strategy Index ETN	Commodity	COMMODITIES
GSG	46428R107	iShares GSCI Commodity-Indexed Trust	Commodity	COMMODITIES
GSP	06738C794	iPath S&P GSCI Total Return Index ETN	Commodity	NATURAL RESOURCES
GSY	18383M654	Guggenheim Enhanced Short Duration Bond ETF	Fixed Income	FIXED INCOME
GTAA	00768Y800	Cambria Global Tactical ETF	Global Equity	GROWTH & INCOME
GTIP	46429B812	iShares Global Inflation-Linked Bond Fund	Fixed Income	GLOBAL
GULF	97717X305	WisdomTree Middle East Dividend Fund	Global Equity	INCOME
GUNR	33939L407	FlexShares Global Upstream Natural Resources Index Fund	Global Equity	NATURAL RESOURCES
GUR	78463X608	SPDR S&P Emerging Europe ETF	Global Equity	EMERGING MARKETS
GURU	37950E341	Global X Top Guru Holdings Index ETF	Global Equity	MID-CAP
GVI	464288612	iShares Barclays Intermediate Government/Credit Bond Fund	Fixed Income	FIXED INCOME
GVT	19761R109	Columbia Concentrated Large Cap Value Strategy Fund	Equity	VALUE
GWL	78463X889	SPDR S&P World ex-US ETF	Global Equity	INTERNATIONAL
GWO	22542D407	ELEMENTS Credit Suisse Global Warming Index ETN	Global Equity	EQUITY SPECIALTY
GWX	78463X871	SPDR S&P International Small Cap ETF	Global Equity	SMALL-CAP
GXC	78463X400	SPDR S&P China ETF	Global Equity	EMERGING MARKETS
GXF	3.80E+105	Global X FTSE Nordic 30 ETF	Global Equity	EUROPEAN REGION
GXG	3.80E+204	Global X/InterBolsa FTSE Colombia 20 ETF	Global Equity	INTERNATIONAL
GYLD	66537H105	Arrow Dow Jones Global Yield ETF	Global Equity	FLEXIBLE PORTFOLIO
HAO	18383Q853	Guggenheim China Small Cap ETF	Global Equity	SMALL-CAP
HAP	57060U795	Market Vectors RVE Hard Assets Producers ETF	Global Equity	BASIC MATERIALS
HDG	74347X294	ProShares Hedge Replication ETF	Global Equity	GLOBAL
HDGE	00768Y883	AdvisorShares Ranger Equity Bear ETF	Equity	GROWTH & INCOME
HDV	46429B663	iShares High Dividend Equity Fund	Equity	INCOME
HECO	446698201	Huntington EcoLogical Strategy ETF	Equity	EQUITY SPECIALTY
HEDJ	97717X701	WisdomTree Europe Hedged Equity Fund	Global Equity	EUROPEAN REGION
HEVY	06740P296	iPath Pure Beta Industrial Metals ETN	Commodity	COMMODITIES
HGEM	268461605	EGShares Health Care GEMS ETF	Equity	HEALTH/BIOTECHNOLOGY
HGI	18383Q804	Guggenheim International Multi-Asset Income ETF	Global Equity	INTERNATIONAL
HILO	268461654	EGShares Low Volatility Emerging Markets Dividend ETF	Global Equity	INCOME
HUSE	446698102	Huntington US Equity Rotation Strategy ETF	Equity	GROWTH & INCOME
HYD	57060U878	Market Vectors High-Yield Municipal Index ETF	Fixed Income	FIXED INCOME
HYEM	57061R403	Market Vectors Emerging Markets High Yield Bond ETF	Fixed Income	EMERGING MARKETS
HYG	464288513	iShares iBoxx $ High Yield Corporate Bond Fund	Fixed Income	FIXED INCOME
HYLD	00768Y503	Peritus High Yield ETF	Fixed Income	FIXED INCOME
HYMB	78464A284	SPDR Nuveen S&P High Yield Municipal Bond ETF	Fixed Income	FIXED INCOME
HYS	72201R783	PIMCO 0-5 Year High Yield Corporate Bond Index Exchange-Traded Fund	Fixed Income	FIXED INCOME
HYXU	464286210	iShares Global ex USD High Yield Corporate Bond Fund	Fixed Income	FIXED INCOME
IAI	464288794	iShares Dow Jones US Broker-Dealers Index Fund	Equity	FINANCIAL SERVICES
IAK	464288786	iShares Dow Jones US Insurance Index Fund	Equity	FINANCIAL SERVICES
IAT	464288778	iShares Dow Jones US Regional Banks Index Fund	Equity	FINANCIAL SERVICES
IAU	464285105	iShares COMEX Gold Trust	Commodity	PRECIOUS METALS
IBB	464287556	iShares Nasdaq Biotechnology Index Fund	Equity	HEALTH/BIOTECHNOLOGY
IBND	78464A151	SPDR Barclays International Corporate Bond ETF	Fixed Income	INCOME
ICF	464287564	iShares Cohen & Steers Realty Majors Index Fund	Equity	REAL ESTATE
ICI	06739H412	iPath Optimized Currency Carry ETN	Currency	CURRENCY
ICLN	464288224	iShares S&P Global Clean Energy Index Fund	Global Equity	NATURAL RESOURCES
ICN	97717W166	WisdomTree Dreyfus Indian Rupee Fund	Currency	EMERGING MARKETS
IDHB	73937B696	Powershares S&P International Developed High Beta Portfolio	Global Equity	LARGE-CAP
IDHQ	73936T805	PowerShares S&P International Developed High Quality Portfolio	Global Equity	INTERNATIONAL
IDLV	73937B688	PowerShares S&P International Developed Low Volatility Portfolio	Global Equity	LARGE-CAP
IDU	464287697	iShares Dow Jones US Utilities Sector Index Fund	Equity	UTILITY
IDV	464288448	iShares Dow Jones EPAC Select Dividend Fund	Global Equity	INCOME
IDX	57060U753	Market Vectors Indonesia Index ETF	Global Equity	EMERGING MARKETS
IDXJ	57060U167	Market Vectors Indonesia Small-Cap ETF	Global Equity	SMALL-CAP
IEF	464287440	iShares Barclays 7-10 Year Treasury Bond Fund	Fixed Income	FIXED INCOME
IEFA	46432F842	iShares Core MSCI EAFE ETF	Global Equity	INTERNATIONAL
IEI	464288661	iShares Barclays 3-7 Year Treasury Bond Fund	Fixed Income	FIXED INCOME
IEMG	46434G103	iShares Core MSCI Emerging Markets ETF	Global Equity	EMERGING MARKETS
IEO	464288851	iShares Dow Jones US Oil & Gas Exploration & Production Index Fund	Equity	NATURAL RESOURCES
IEV	464287861	iShares S&P Europe 350 Index Fund	Global Equity	EUROPEAN REGION
IEZ	464288844	iShares Dow Jones US Oil Equipment & Services Index Fund	Equity	NATURAL RESOURCES
IFAS	464288463	iShares FTSE EPRA/NAREIT Developed Asia Index Fund	Global Equity	REAL ESTATE
IFEU	464288471	iShares FTSE EPRA/NAREIT Developed Europe Index Fund	Global Equity	REAL ESTATE
IFGL	464288489	iShares FTSE EPRA/NAREIT Developed Real Estate ex-US Index Fund	Global Equity	REAL ESTATE
IFNA	464288455	iShares FTSE EPRA/NAREIT North America Index Fund	Global Equity	REAL ESTATE
IFSM	464288497	iShares FTSE Developed Small Cap ex-North America Index Fund	Global Equity	SMALL-CAP
IGE	464287374	iShares S&P North American Natural Resources Sector Index Fund	Equity	NATURAL RESOURCES
IGEM	268461704	EGShares Industrials GEMS ETF	Equity	INDUSTRIALS
IGF	464288372	iShares S&P Global Infrastructure Index Fund	Global Equity	GLOBAL
IGM	464287549	iShares S&P North American Technology Sector Index Fund	Equity	TECHNOLOGY
IGN	464287531	iShares S&P North American Technology-Multimedia Networking Index Fund	Equity	TELECOMMUNICATION
IGOV	464288117	iShares S&P/Citigroup International Treasury Bond Fund Ex-US	Fixed Income	INCOME
IGS	74347R123	ProShares Short Investment Grade Corporate	Fixed Income	FIXED INCOME
IGU	74348A806	ProShares Ultra Investment Grade Corporate	Fixed Income	FIXED INCOME
IGV	464287515	iShares S&P North American Technology-Software Index Fund	Equity	TECHNOLOGY
IHE	464288836	iShares Dow Jones US Pharmaceuticals Index Fund	Equity	HEALTH/BIOTECHNOLOGY
IHF	464288828	iShares Dow Jones US Health Care Providers Index Fund	Equity	HEALTH/BIOTECHNOLOGY
IHI	464288810	iShares Dow Jones US Medical Devices Index Fund	Equity	HEALTH/BIOTECHNOLOGY
IHY	57061R205	Market Vectors International High Yield Bond ETF	Fixed Income	FIXED INCOME
IJH	464287507	iShares Core S&P MidCap ETF	Equity	MID-CAP
IJJ	464287705	iShares S&P MidCap 400 Value Index Fund	Equity	VALUE
IJK	464287606	iShares S&P MidCap 400 Growth Index Fund	Equity	GROWTH
IJR	464287804	iShares Core S&P Small-Cap ETF	Equity	SMALL-CAP
IJS	464287879	iShares S&P SmallCap 600 Value Index Fund	Equity	VALUE
IJT	464287887	iShares S&P SmallCap 600 Growth Index Fund	Equity	GROWTH
ILB	72201R791	PIMCO Global Advantage Inflation-Linked Bond Exchange-Traded Fund	Fixed Income	FIXED INCOME
ILF	464287390	iShares S&P Latin America 40 Index Fund	Global Equity	LARGE-CAP
ILTB	464289479	iShares Core Long-Term U.S. Bond ETF	Fixed Income	FIXED INCOME
INCO	268461761	EG Shares India Consumer ETF	Global Equity	CONSUMER
INDA	46429B598	iShares MSCI India Index Fund	Global Equity	EMERGING MARKETS
INDL	25459W383	Direxion Daily India Bull 3X Shares	Global Equity	EMERGING MARKETS
INDY	464289529	iShares S&P India Nifty 50 Index Fund	Global Equity	EMERGING MARKETS
INFL	25154W226	PowerShares DB US Inflation Exchange Traded Notes	Fixed Income	FIXED INCOME
INKM	78467V202	SPDR SSgA Income Allocation ETF	Global Equity	INCOME
INP	06739F291	iPath MSCI India Index ETN	Global Equity	EMERGING MARKETS
INR	61747W265	Market Vectors Indian Rupee/USD Exchange Traded Notes	Currency	EMERGING MARKETS
INSD	25459Y777	Direxion Large Cap Insider Sentiment Shares	Equity	LARGE-CAP
INXX	268461845	EGShares India Infrastructure ETF	Global Equity	GLOBAL
INY	78464A433	SPDR Nuveen Barclays New York Municipal Bond ETF	Fixed Income	FIXED INCOME
IOIL	45409B842	IQ Global Oil Small Cap ETF	Global Equity	NATURAL RESOURCES
IOO	464287572	iShares S&P Global 100 Index Fund	Global Equity	LARGE-CAP
IPAL	22542D613	VelocityShares 2x Inverse Palladium ETN linked to the S&P GSCI Palladium Index ER	Commodity	PRECIOUS METALS
IPD	78463X731	SPDR S&P International Consumer Discretionary Sector ETF	Global Equity	CONSUMER
IPE	78464A656	SPDR Barclays TIPS ETF	Fixed Income	FIXED INCOME
IPF	78463X699	SPDR S&P International Financial Sector ETF	Global Equity	FINANCIAL SERVICES
IPFF	46429B135	iShares S&P International Preferred Stock Index Fund	Global Equity	INCOME
IPK	78463X657	SPDR S&P International Technology Sector ETF	Global Equity	TECHNOLOGY
IPLT	22542D639	VelocityShares 2x Inverse Platinum ETN linked to the S&P GSCI Platinum Index ER	Commodity	PRECIOUS METALS
IPN	78463X673	SPDR S&P International Industrial Sector ETF	Global Equity	INDUSTRIALS
IPS	78463X723	SPDR S&P International Consumer Staples Sector ETF	Global Equity	CONSUMER
IPU	78463X632	SPDR S&P International Utilities Sector ETF	Global Equity	UTILITY
IPW	78463X715	SPDR S&P International Energy Sector ETF	Global Equity	NATURAL RESOURCES
IRV	78463X665	SPDR S&P International Materials Sector ETF	Global Equity	BASIC MATERIALS
IRY	78463X681	SPDR S&P International Health Care Sector ETF	Global Equity	HEALTH/BIOTECHNOLOGY
ISHG	464288125	iShares S&P/Citigroup 1-3 Year International Treasury Bond Fund	Fixed Income	INCOME
IST	78463X640	SPDR S&P International Telecommunications Sector ETF	Global Equity	TELECOMMUNICATION
ISTB	46432F859	iShares Core Short-Term U.S. Bond ETF	Fixed Income	FIXED INCOME
ITA	464288760	iShares Dow Jones US Aerospace & Defense Index Fund	Equity	INDUSTRIALS
ITB	464288752	iShares Dow Jones US Home Construction Index Fund	Equity	CONSUMER
ITE	78464A672	SPDR Barclays Intermediate Term Treasury ETF	Fixed Income	FIXED INCOME
ITF	464287382	iShares S&P/TOPIX 150 Index Fund	Global Equity	LARGE-CAP
ITIP	46429B770	iShares International Inflation-Linked Bond Fund	Fixed Income	INTERNATIONAL
ITLY	25154W704	PowerShares DB Italian Treasury Bond Futures ETN	Fixed Income	FIXED INCOME
ITM	57060U845	Market Vectors Intermediate Municipal Index ETF	Fixed Income	FIXED INCOME
ITOT	464287150	iShares Core S&P Total U.S. Stock Market ETF	Equity	LARGE-CAP
ITR	78464A375	SPDR Barclays Intermediate Term Corporate Bond ETF	Fixed Income	FIXED INCOME
IVE	464287408	iShares S&P 500 Value Index Fund	Equity	VALUE
IVO	06740P668	iPath Inverse January 2021 S&P 500 VIX Short-Term Futures ETN	Equity	EQUITY SPECIALTY
IVOG	921932869	Vanguard S&P Mid-Cap 400 Growth ETF	Equity	GROWTH
IVOO	921932885	Vanguard S&P Mid-Cap 400 ETF	Equity	MID-CAP
IVOP	06741K486	iPath Inverse S&P 500 VIX Short-Term Futures	Equity	EQUITY SPECIALTY
IVOV	921932844	Vanguard S&P Mid-Cap 400 Value ETF	Equity	VALUE
IVV	464287200	iShares Core S&P 500 ETF	Equity	LARGE-CAP
IVW	464287309	iShares S&P 500 Growth Index Fund	Equity	GROWTH
IWB	464287622	iShares Russell 1000 Index Fund	Equity	GROWTH
IWC	464288869	iShares Russell Microcap Index Fund	Equity	SMALL-CAP
IWD	464287598	iShares Russell 1000 Value Index Fund	Equity	VALUE
IWF	464287614	iShares Russell 1000 Growth Index Fund	Equity	GROWTH
IWL	464289446	iShares Russell Top 200 Index Fund	Equity	LARGE-CAP
IWM	464287655	iShares Russell 2000 Index Fund	Equity	SMALL-CAP
IWN	464287630	iShares Russell 2000 Value Index Fund	Equity	VALUE
IWO	464287648	iShares Russell 2000 Growth Index Fund	Equity	GROWTH
IWP	464287481	iShares Russell Midcap Growth Index Fund	Equity	GROWTH
IWR	464287499	iShares Russell Midcap Index Fund	Equity	MID-CAP
IWS	464287473	iShares Russell Midcap Value Index Fund	Equity	VALUE
IWV	464287689	iShares Russell 3000 Index Fund	Equity	LARGE-CAP
IWW	464287663	iShares Russell 3000 Value Index Fund	Equity	VALUE
IWX	464289420	iShares Russell Top 200 Value Index Fund	Equity	VALUE
IWY	464289438	iShares Russell Top 200 Growth Index Fund	Equity	GROWTH
IWZ	464287671	iShares Russell 3000 Growth Index Fund	Equity	GROWTH
IXC	464287341	iShares S&P Global Energy Sector Index Fund	Global Equity	NATURAL RESOURCES
IXG	464287333	iShares S&P Global Financials Sector Index Fund	Global Equity	FINANCIAL SERVICES
IXJ	464287325	iShares S&P Global Healthcare Sector Index Fund	Global Equity	HEALTH/BIOTECHNOLOGY
IXN	464287291	iShares S&P Global Technology Sector Index Fund	Global Equity	TECHNOLOGY
IXP	464287275	iShares S&P Global Telecommunications Sector Index Fund	Global Equity	TELECOMMUNICATION
IXUS	46432F834	iShares Core MSCI Total International Stock ETF	Global Equity	INTERNATIONAL
IYC	464287580	iShares Dow Jones US Consumer Services Sector Index Fund	Equity	CONSUMER
IYE	464287796	iShares Dow Jones US Energy Sector Index Fund	Equity	NATURAL RESOURCES
IYF	464287788	iShares Dow Jones US Financial Sector Index Fund	Equity	FINANCIAL SERVICES
IYG	464287770	iShares Dow Jones US Financial Services Index Fund	Equity	FINANCIAL SERVICES
IYH	464287762	iShares Dow Jones US Healthcare Sector Index Fund	Equity	HEALTH/BIOTECHNOLOGY
IYJ	464287754	iShares Dow Jones US Industrial Sector Index Fund	Equity	INDUSTRIALS
IYK	464287812	iShares Dow Jones US Consumer Goods Sector Index Fund	Equity	CONSUMER
IYLD	46432F875	iShares Morningstar Multi-Asset Income Index Fund	Fixed Income	INCOME
IYM	464287838	iShares Dow Jones US Basic Materials Sector Index Fund	Equity	BASIC MATERIALS
IYR	464287739	iShares Dow Jones US Real Estate Index Fund	Equity	REAL ESTATE
IYT	464287192	iShares Dow Jones Transportation Average Index Fund	Equity	INDUSTRIALS
IYW	464287721	iShares Dow Jones US Technology Sector Index Fund	Equity	TECHNOLOGY
IYY	464287846	iShares Dow Jones US Index Fund	Equity	LARGE-CAP
IYZ	464287713	iShares Dow Jones US Telecommunications Sector Index Fund	Equity	TELECOMMUNICATION
JEM	06739H453	iPath GEMS Index ETN	Currency	EMERGING MARKETS
JFT	46625H761	KEYnotes First Trust Enhanced 130/30 Large Cap Index ETN	Equity	EQUITY SPECIALTY
JGBD	25154P188	PowerShares DB 3x Inverse Japanese Govt Bond Futures ETN	Fixed Income	ASIAN REGION
JGBL	25154W308	PowerShares DB Japanese Govt Bond Futures Exchange Traded Notes	Fixed Income	FIXED INCOME
JGBS	25154P170	PowerShares DB Inverse Japanese Govt Bond Futures ETN	Fixed Income	ASIAN REGION
JGBT	25154W209	PowerShares DB 3x Japanese Govt Bond Futures Exchange Traded Note	Fixed Income	FIXED INCOME
JJA	06739H206	iPath Dow Jones-UBS Agriculture Total Return Sub-Index ETN	Commodity	AGRICULTURE
JJC	06739F101	iPath Dow Jones-UBS Copper Subindex Total Return ETN	Commodity	PRECIOUS METALS
JJE	06739H750	iPath Dow Jones-UBS Energy Subindex Total Return ETN	Commodity	NATURAL RESOURCES
JJG	06739H305	iPath Dow Jones-UBS Grains Subindex Total Return ETN	Commodity	AGRICULTURE
JJM	06738G407	iPath Dow Jones-UBS Industrial Metals Subindex Total Return ETN	Commodity	COMMODITIES
JJN	06739F119	iPath Dow Jones-UBS Nickel Subindex Total Return ETN	Commodity	COMMODITIES
JJP	06739H248	iPath Dow Jones-UBS Precious Metals Subindex Total Return ETN	Commodity	PRECIOUS METALS
JJS	06739H230	iPath Dow Jones-UBS Softs Subindex Total Return ETN	Commodity	COMMODITIES
JJT	06739H198	iPath Dow Jones-UBS Tin Subindex Total Return ETN	Commodity	COMMODITIES
JJU	06739H321	iPath Dow Jones-UBS Aluminum Subindex Total Return ETN	Commodity	COMMODITIES
JKD	464287127	iShares Morningstar Large Core Index Fund	Equity	LARGE-CAP
JKE	464287119	iShares Morningstar Large Growth Index Fund	Equity	GROWTH
JKF	464288109	iShares Morningstar Large Value Index Fund	Equity	VALUE
JKG	464288208	iShares Morningstar Mid Core Index Fund	Equity	MID-CAP
JKH	464288307	iShares Morningstar Mid Growth Index Fund	Equity	GROWTH
JKI	464288406	iShares Morningstar Mid Value Index Fund	Equity	VALUE
JKJ	464288505	iShares Morningstar Small Core Index Fund	Equity	SMALL-CAP
JKK	464288604	iShares Morningstar Small Growth Index Fund	Equity	GROWTH
JKL	464288703	iShares Morningstar Small Value Index Fund	Equity	VALUE
JNK	78464A417	SPDR Barclays High Yield Bond ETF	Fixed Income	FIXED INCOME
JO	06739H297	iPath Dow Jones-UBS Coffee Subindex Total Return ETN	Commodity	AGRICULTURE
JPP	78463X830	SPDR Russell/Nomura Prime Japan ETF	Global Equity	LARGE-CAP
JPX	74347X229	ProShares UltraShort MSCI Pacific ex-Japan	Global Equity	ASIAN REGION
JSC	78463X822	SPDR Russell/Nomura Small Cap Japan ETF	Global Equity	SMALL-CAP
JUNR	37950E630	Global X Junior Miners ETF	Commodity	NATURAL RESOURCES
JXI	464288711	iShares S&P Global Utilities Sector Index Fund	Global Equity	UTILITY
JYF	97717W224	WisdomTree Dreyfus Japanese Yen Fund	Fixed Income	FIXED INCOME
JYN	06739G851	iPath JPY/USD Exchange Rate ETN	Currency	ASIAN REGION
KBE	78464A797	SPDR S&P Bank ETF	Equity	FINANCIAL SERVICES
KBWB	73937B746	PowerShares KBW Bank Portfolio	Equity	FINANCIAL SERVICES
KBWC	73937B738	PowerShares KBW Capital Markets Portfolio	Equity	FINANCIAL SERVICES
KBWD	73936Q793	PowerShares KBW High Dividend Yield Financial Portfolio	Equity	FINANCIAL SERVICES
KBWI	73937B720	PowerShares KBW Insurance Portfolio	Equity	FINANCIAL SERVICES
KBWP	73936Q777	PowerShares KBW Property & Casualty Insurance Portfolio	Equity	REAL ESTATE
KBWR	73937B712	PowerShares KBW Regional Banking Portfolio	Equity	FINANCIAL SERVICES
KBWX	73936Q785	PowerShares KBW International Financial Portfolio	Global Equity	FLEXIBLE PORTFOLIO
KBWY	73936Q819	PowerShares KBW Premium Yield Equity REIT Portfolio	Equity	REAL ESTATE
KCE	78464A771	SPDR S&P Capital Markets ETF	Equity	FINANCIAL SERVICES
KIE	78464A789	SPDR S&P Insurance ETF	Equity	FINANCIAL SERVICES
KLD	464288802	iShares KLD Select Social Index Fund	Equity	EQUITY SPECIALTY
KME	78464A524	SPDR S&P Mortgage Finance ETF	Equity	FINANCIAL SERVICES
KNOW	25459Y769	Direxion All Cap Insider Sentiment Shares	Equity	EQUITY SPECIALTY
KOL	57060U837	Market Vectors Coal ETF	Global Equity	GLOBAL
KOLD	74347W767	ProShares UltraShort DJ-UBS Natural Gas	Commodity	NATURAL RESOURCES
KRE	78464A698	SPDR S&P Regional Banking ETF	Equity	FINANCIAL SERVICES
KROO	45409B826	IQ Australia Small Cap ETF	Global Equity	SMALL-CAP
KRS	74347X476	ProShares Short KBW Regional Banking	Equity	FINANCIAL SERVICES
KRU	74347X484	ProShares Ultra KBW Regional Banking	Equity	FINANCIAL SERVICES
KWT	57061R783	Market Vectors Solar Energy ETF	Global Equity	NATURAL RESOURCES
KXI	464288737	iShares S&P Global Consumer Staples Index Fund	Global Equity	CONSUMER
LAG	78464A649	SPDR Barclays Aggregate Bond ETF	Fixed Income	FIXED INCOME
LATM	57060U530	Market Vectors Latin America Small-Cap Index ETF	Global Equity	INTERNATIONAL
LBJ	25459Y652	Direxion Daily Latin America Bull 3x Shares	Global Equity	INTERNATIONAL
LBND	25154N522	PowerShares DB 3x Long 25+ Year Treasury Bond ETN	Fixed Income	FIXED INCOME
LCPR	22542D563	VelocityShares 2x Long Copper ETN linked to the S&P GSCI Copper Index Excess Return	Commodity	PRECIOUS METALS
LD	06739H263	iPath Dow Jones-UBS Lead Subindex Total Return ETN	Commodity	COMMODITIES
LEDD	06740P197	iPath Pure Beta Lead ETN	Commodity	COMMODITIES
LEMB	464286517	iShares Emergine Markets Local Currency Bond Fund	Fixed Income	FIXED INCOME
LGEM	268461209	EGShares Basic Materials GEMS ETF	Equity	BASIC MATERIALS
LIT	37950E762	Global X Lithium ETF	Commodity	COMMODITIES
LPAL	22542D621	VelocityShares 2x Long Palladium ETN linked to the S&P GSCI Palladium Index ER	Commodity	PRECIOUS METALS
LPLT	22542D647	VelocityShares 2x Long Platinum ETN linked to the S&P GSCI Platinum Index ER	Commodity	PRECIOUS METALS
LQD	464287242	iShares iBoxx $ Investment Grade Corporate Bond Fund	Fixed Income	FIXED INCOME
LSC	4042EP602	ELEMENTS S&P Commodity Trends Indicator -- Total Return ETN	Commodity	COMMODITIES
LSKY	90267E330	Etracs Monthly 2x Leveraged ISE Cloud Computing Total Return Index	Global Equity	TECHNOLOGY
LSTK	06740P320	iPath Pure Beta Livestock ETN	Commodity	AGRICULTURE
LTL	74347R263	ProShares Ultra Telecommunications	Equity	TELECOMMUNICATION
LTPZ	72201R304	PIMCO 15+ Year U.S. TIPS Index Exchange-Traded Fund	Fixed Income	FIXED INCOME
LVL	18383M860	Guggenheim S&P Global Dividend Opportunities Index ETF	Global Equity	INCOME
LWC	78464A367	SPDR Barclays Long Term Corporate Bond ETF	Fixed Income	FIXED INCOME
MATH	00768Y826	Meidell Tactical Advantage ETF	Global Equity	FLEXIBLE PORTFOLIO
MATL	25459Y504	Direxion Daily Basic Materials Bull 3X Shares	Equity	BASIC MATERIALS
MBB	464288588	iShares Barclays MBS Bond Fund	Fixed Income	FIXED INCOME
MBG	78464A383	SPDR Barclays Mortgage Backed Bond ETF	Fixed Income	FIXED INCOME
MCHI	46429B671	iShares MSCI China Index Fund	Global Equity	ASIAN REGION
MCRO	45409B206	IQ Hedge Macro Tracker ETF	Global Equity	EQUITY SPECIALTY
MDD	78463X764	SPDR S&P International Mid Cap ETF	Global Equity	MID-CAP
MDIV	33738R100	Multi-Asset Diversified Income Index Fund	Equity	EQUITY SPECIALTY
MDY	78467Y107	MidCap SPDR Trust, Series 1	Equity	MID-CAP
MDYG	78464A821	SPDR S&P 400 Mid Cap Growth ETF	Equity	GROWTH
MDYV	78464A839	SPDR S&P 400 Mid Cap Value ETF	Equity	VALUE
MES	57060U779	Market Vectors Gulf States Index ETF	Global Equity	EMERGING MARKETS
MFLA	06740P809	iPath Long Enhanced MSCI EAFE Index ETN	Global Equity	GLOBAL
MFSA	06740P882	iPath Short Enhanced MSCI EAFE Index ETN	Global Equity	GLOBAL
MGC	921910873	Vanguard Mega Cap 300 Index Fund	Equity	LARGE-CAP
MGK	921910816	Vanguard Mega Cap 300 Growth Index Fund	Equity	GROWTH
MGV	921910840	Vanguard Mega Cap 300 Value Index Fund	Equity	VALUE
MIDU	25459W730	Direxion Daily Mid Cap Bull 3X Shares	Equity	MID-CAP
MIDZ	25459W136	Direxion Daily Mid Cap Bear 3X Shares	Equity	MID-CAP
MINT	72201R833	PIMCO Enhanced Short Maturity Exchange-Traded Fund	Fixed Income	FIXED INCOME
MLN	57060U886	Market Vectors Long Municipal Index ETF	Fixed Income	FIXED INCOME
MLPA	37950E473	Global X MLP ETF	Equity	NATURAL RESOURCES
MLPG	902641620	UBS E-TRACS Linked to the Alerian Natural Gas MLP ETN	Commodity	NATURAL RESOURCES
MLPI	902641646	UBS E-TRACS Alerian MLP Infrastructure ETN	Commodity	NATURAL RESOURCES
MLPL	902664200	UBS E-TRACS 2x Leveraged Long Alerian MLP Infrastructure ETN	Fixed Income	EQUITY SPECIALTY
MLPN	22542D852	Credit Suisse Cushing 30 MLP Index ETN	Equity	NATURAL RESOURCES
MLPS	902641612	UBS E-TRACS 1x Short Alerian MLP Infrastructure Total Return Index	Commodity	AGRICULTURE
MLPW	902664408	UBS AG Exchange Traded Access Securities Linked to the Wells Fargo MLP Index	Global Equity	FLEXIBLE PORTFOLIO
MLPY	61760E846	Morgan Stanley Cushing High Income Index ETN	Fixed Income	INCOME
MMTM	78468R705	SPDR S&P 1500 Momentum Tilt ETF	Equity	EQUITY SPECIALTY
MNA	45409B800	IQ ARB Merger Arbitrage ETF	Global Equity	GROWTH
MOAT	57060U134	Market Vectors Morningstar Wide Moat Research ETF	Equity	GROWTH
MOM	351680103	QuantShares U.S. Market Neutral Momentum Fund	Equity	EQUITY SPECIALTY
MONY	46429B259	iShares Financials Sector Bond Fund	Fixed Income	FINANCIAL SERVICES
MOO	57060U605	Market Vectors Agribusiness ETF	Global Equity	AGRICULTURE
MORL	90269A302	ETRACS Monthly Pay 2xLeveraged Mortgage REIT ETN	Equity	FIXED INCOME
MORT	57060U324	Market Vectors Mortgage REIT Income ETF	Fixed Income	REAL ESTATE
MTK	78464A102	SPDR Morgan Stanley Technology ETF	Equity	TECHNOLOGY
MUAB	464289388	iShares 2013 S&P AMT-Free Municipal Series	Fixed Income	FIXED INCOME
MUAC	464289362	iShares 2014 S&P AMT-Free Municipal Series	Fixed Income	FIXED INCOME
MUAD	464289339	iShares 2015 S&P AMT-Free Municipal Series	Fixed Income	FIXED INCOME
MUAE	464289313	iShares 2016 S&P AMT-Free Municipal Series	Fixed Income	FIXED INCOME
MUAF	464289271	iShares 2017 S&P AMT-Free Municipal Series	Fixed Income	FIXED INCOME
MUB	464288414	iShares S&P National Municipal Bond Fund	Fixed Income	FIXED INCOME
MUNI	72201R866	PIMCO Intermediate Municipal Bond Exchange-Traded Fund	Fixed Income	FIXED INCOME
MVV	74347R404	ProShares Ultra MidCap 400	Equity	MID-CAP
MXI	464288695	iShares S&P Global Materials Sector Index Fund	Global Equity	BASIC MATERIALS
MYY	74347R800	ProShares Short MidCap 400	Equity	MID-CAP
MZZ	74347X211	ProShares UltraShort MidCap 400	Equity	MID-CAP
NAGS	88166A201	Teucrium Natural Gas Fund	Commodity	NATURAL RESOURCES
NASI	70422P107	Pax ESG Shares North America Sustainability Index ETF	Equity	EQUITY SPECIALTY
NFO	18383M209	Guggenheim Insider Sentiment ETF	Equity	EQUITY SPECIALTY
NIB	06739H313	iPath Dow Jones-UBS Cocoa Subindex Total Return ETN	Commodity	AGRICULTURE
NINI	06740P213	iPath Pure Beta Nickel ETN	Commodity	COMMODITIES
NKY	74016W106	MAXIS Nikkei 225 Index Fund	Global Equity	ASIAN REGION
NLR	57060U704	Market Vectors Uranium+Nuclear Energy ETF	Global Equity	TECHNOLOGY
NORW	37950E747	Global X FTSE Norway 30 ETF	Global Equity	EUROPEAN REGION
NUCL	464288232	iShares S&P Global Nuclear Energy Index Fund	Global Equity	UTILITY
NUGT	25459W250	Direxion Daily Gold Miners Bull 3X Shares	Commodity	PRECIOUS METALS
NY	464287135	iShares NYSE 100 Index Fund	Equity	LARGE-CAP
NYC	464287143	iShares NYSE Composite Index Fund	Equity	LARGE-CAP
NYF	464288323	iShares S&P New York Municipal Bond Fund	Fixed Income	FIXED INCOME
OEF	464287101	iShares S&P 100 Index Fund	Equity	LARGE-CAP
OFF	90268A691	ETRACS Fisher-Gartman Risk Off ETN	Global Equity	EQUITY SPECIALTY
OGEM	268461860	EGShares Energy GEMS ETF	Global Equity	EMERGING MARKETS
OIH	57060U191	Market Vectors Oil Services ETF	Equity	NATURAL RESOURCES
OIL	06738C786	iPath S&P GSCI Crude Oil Total Return Index ETN	Commodity	NATURAL RESOURCES
OILZ	90267B815	Oil Futures Contango ETN due June 14, 2041	Commodity	NATURAL RESOURCES
OLEM	06740P221	iPath Pure Beta Crude Oil ETN	Commodity	NATURAL RESOURCES
OLO	25154K866	PowerShares DB Crude Oil Long ETN	Commodity	NATURAL RESOURCES
ONEF	782474522	Russell Equity ETF	Global Equity	GROWTH & INCOME
ONEQ	315912808	Fidelity NASDAQ Composite Index Tracking Stock Fund	Equity	LARGE-CAP
ONG	06740P312	iPath Pure Beta Energy ETN	Commodity	NATURAL RESOURCES
ONN	90268A717	ETRACS Fisher-Gartman Risk On ETN	Global Equity	EQUITY SPECIALTY
PAF	73936T854	PowerShares FTSE RAFI Asia Pacific ex-Japan Portfolio	Global Equity	ASIAN REGION
PAGG	73936Q702	PowerShares Global Agriculture Portfolio	Global Equity	AGRICULTURE
PALL	26923A106	ETFS Physical Palladium Shares	Commodity	PRECIOUS METALS
PAO	73936Q405	PowerShares RiverFront Tactical Balanced Growth Portfolio	Global Equity	FLEXIBLE PORTFOLIO
PBD	73936T615	PowerShares Global Clean Energy Portfolio	Global Equity	NATURAL RESOURCES
PBE	73935X856	PowerShares Dynamic Biotechnology & Genome Portfolio	Equity	HEALTH/BIOTECHNOLOGY
PBJ	73935X849	PowerShares Dynamic Food & Beverage Portfolio	Equity	CONSUMER
PBP	73936G308	PowerShares S&P 500 BuyWrite Portfolio	Equity	EQUITY SPECIALTY
PBS	73935X823	PowerShares Dynamic Media Portfolio	Equity	CONSUMER
PBW	73935X500	PowerShares WilderHill Clean Energy Portfolio	Equity	NATURAL RESOURCES
PCA	73936Q504	PowerShares RiverFront Tactical Growth & Income Portfolio	Global Equity	GROWTH & INCOME
PCEF	73936Q843	PowerShares CEF Income Composite Portfolio	Equity	INCOME
PCY	73936T573	PowerShares Emerging Markets Sovereign Debt Portfolio	Fixed Income	FIXED INCOME
PDN	73936T771	PowerShares FTSE RAFI Developed Markets ex-US Small-Mid Portfolio	Global Equity	SMALL-CAP
PDP	73935X153	PowerShares DWA Technical Leaders Portfolio	Equity	LARGE-CAP
PEJ	73935X757	PowerShares Dynamic Leisure & Entertainment Portfolio	Equity	CONSUMER
PEK	57060U597	Market Vectors China A shares ETF	Global Equity	ASIAN REGION
PERM	37950E358	Global X Permanent ETF	Fixed Income	FIXED INCOME
PEY	73935X302	PowerShares High Yield Equity Dividend Achievers Portfolio	Equity	INCOME
PEZ	73935X419	PowerShares Dynamic Consumer Discretionary Sector Portfolio	Equity	CONSUMER
PFF	464288687	iShares S&P US Preferred Stock Index Fund	Equity	INCOME
PFI	73935X377	PowerShares Dynamic Financial Sector Portfolio	Equity	FINANCIAL SERVICES
PFIG	73937B761	PowerShares Fundamental Investment Grade Corporate Bond Portfolio	Fixed Income	FIXED INCOME
PFM	73935X732	PowerShares Dividend Achievers Portfolio	Equity	INCOME
PFXF	57061R791	Market Vectors Preferred Securities ex Financials ETF	Equity	INCOME
PGD	06739H420	iPath Asian & Gulf Currency Revaluation ETN	Currency	EMERGING MARKETS
PGF	73935X229	PowerShares Financial Preferred Portfolio	Equity	FINANCIAL SERVICES
PGJ	73935X401	PowerShares Golden Dragon China Portfolio	Global Equity	ASIAN REGION
PGM	06739H255	iPath Dow Jones-UBS Platinum Subindex Total Return ETN	Commodity	PRECIOUS METALS
PGX	73936T565	PowerShares Preferred Portfolio	Equity	INCOME
PHB	73936T557	PowerShares Fundamental High Yield Corporate Bond Fund	Fixed Income	FIXED INCOME
PHO	73935X575	PowerShares Water Resources Portfolio	Equity	NATURAL RESOURCES
PIC	73935X641	PowerShares Dynamic Insurance Portfolio	Equity	FINANCIAL SERVICES
PICB	73936Q835	PowerShares International Corporate Bond Portfolio ETF	Fixed Income	FIXED INCOME
PICK	464286368	iShares MSCI Global Select Metals & Mining Producers Fund	Global Equity	NATURAL RESOURCES
PID	73935X716	PowerShares International Dividend Achievers Portfolio	Global Equity	INCOME
PIE	73936Q207	PowerShares DWA Emerging Markets Technical Leaders Portfolio	Global Equity	EMERGING MARKETS
PIN	73935L100	PowerShares India Portfolio	Global Equity	EMERGING MARKETS
PIO	73936T623	PowerShares Global Water Portfolio	Global Equity	GLOBAL
PIQ	73935X468	PowerShares Dynamic MagniQuant Portfolio	Equity	GROWTH
PIZ	73936Q108	PowerShares DWA Developed Markets Technical Leaders Portfolio	Global Equity	GLOBAL
PJB	73935X336	PowerShares Dynamic Banking Sector Portfolio	Equity	FINANCIAL SERVICES
PJP	73935X799	PowerShares Dynamic Pharmaceuticals Portfolio	Equity	HEALTH/BIOTECHNOLOGY
PKB	73935X666	PowerShares Dynamic Building & Construction Portfolio	Equity	INDUSTRIALS
PKN	73937B100	PowerShares Global Nuclear Energy Portfolio	Global Equity	UTILITY
PKOL	73936Q884	PowerShares Global Coal Portfolio	Global Equity	NATURAL RESOURCES
PKW	73935X286	PowerShares Buyback Achievers Portfolio	Equity	GROWTH
PLK	73935B409	PowerShares Active Low Duration Fund	Fixed Income	FIXED INCOME
PLND	57060U571	Market Vectors Poland ETF	Global Equity	EMERGING MARKETS
PLTM	33737C104	First Trust ISE Global Platinum Index Fund	Global Equity	PRECIOUS METALS
PLW	73936T524	PowerShares 1-30 Laddered Treasury Portfolio	Fixed Income	FIXED INCOME
PMA	73935B300	PowerShares Active Mega Cap Fund	Equity	GROWTH
PMNA	73936Q603	PowerShares MENA Frontier Countries Portfolio	Global Equity	EMERGING MARKETS
PMR	73935X617	PowerShares Dynamic Retail Portfolio	Equity	CONSUMER
PNQI	73935X146	PowerShares NASDAQ Internet Portfolio	Equity	TECHNOLOGY
PPA	73935X690	PowerShares Aerospace & Defense Portfolio	Equity	INDUSTRIALS
PPH	57060U217	Market Vectors Pharmaceutical ETF	Equity	HEALTH/BIOTECHNOLOGY
PPLT	26922V101	ETFS Physical Platinum Shares	Commodity	PRECIOUS METALS
PQY	73935B102	PowerShares Active AlphaQ Fund	Equity	GROWTH
PQZ	73935B201	PowerShares Active Alpha Multi-Cap Fund	Equity	GROWTH
PRB	57060U738	Market Vectors Pre-Refunded Municipal Index ETF	Fixed Income	FIXED INCOME
PRF	73935X583	PowerShares FTSE RAFI US 1000 Portfolio	Equity	LARGE-CAP
PRFZ	73935X567	PowerShares FTSE RAFI US 1500 Small-Mid Portfolio	Equity	MID-CAP
PRN	73935X369	PowerShares Dynamic Industrials Sector Portfolio	Equity	INDUSTRIALS
PSAU	73936Q876	PowerShares Global Gold and Precious Metals Portfolio	Global Equity	PRECIOUS METALS
PSCC	73937B605	PowerShares S&P SmallCap Consumer Staples Portfolio	Equity	SMALL-CAP
PSCD	73937B506	PowerShares S&P SmallCap Consumer Discretionary Portfolio	Equity	SMALL-CAP
PSCE	73937B704	PowerShares S&P SmallCap Energy Portfolio	Equity	SMALL-CAP
PSCF	73937B803	PowerShares S&P SmallCap Financials Portfolio	Equity	SMALL-CAP
PSCH	73937B886	PowerShares S&P SmallCap Health Care Portfolio	Equity	SMALL-CAP
PSCI	73937B878	PowerShares S&P SmallCap Industrials Portfolio	Equity	SMALL-CAP
PSCM	73937B852	PowerShares S&P SmallCap Materials Portfolio	Equity	SMALL-CAP
PSCT	73937B860	PowerShares S&P SmallCap Information Technology Portfolio	Equity	SMALL-CAP
PSCU	73937B837	PowerShares S&P SmallCap Utilities Portfolio	Equity	SMALL-CAP
PSI	73935X781	PowerShares Dynamic Semiconductors Portfolio	Equity	TECHNOLOGY
PSJ	73935X773	PowerShares Dynamic Software Portfolio	Equity	TECHNOLOGY
PSK	78464A292	SPDR Wells Fargo Preferred Stock ETF	Equity	INCOME
PSL	73935X393	PowerShares Dynamic Consumer Staples Sector Portfolio	Equity	CONSUMER
PSP	73935X195	PowerShares Listed Private Equity Portfolio	Global Equity	FINANCIAL SERVICES
PSQ	74347R602	ProShares Short QQQ	Equity	LARGE-CAP
PSR	73935B508	PowerShares Active U.S. Real Estate Fund	Equity	REAL ESTATE
PST	74347R313	ProShares UltraShort 7-10 Treasury	Fixed Income	FIXED INCOME
PSTL	73936Q868	PowerShares Global Steel Portfolio	Global Equity	BASIC MATERIALS
PTD	902641729	UBS E-TRACS Short Platinum UBS Bloomberg CMCI Platinum Excess Return ETN	Commodity	PRECIOUS METALS
PTF	73935X344	PowerShares Dynamic Technology Sector Portfolio	Equity	TECHNOLOGY
PTH	73935X351	PowerShares Dynamic Healthcare Sector Portfolio	Equity	HEALTH/BIOTECHNOLOGY
PTM	902641786	UBS E-TRACS Long Platinum UBS Bloomberg CMCI Platinum Total Return ETN	Commodity	PRECIOUS METALS
PTO	73936Q306	PowerShares Ibbotson Alternative Completion Portfolio	Global Equity	GLOBAL
PUI	73935X591	PowerShares Dynamic Utilities Portfolio	Equity	UTILITY
PUW	73935X161	PowerShares WilderHill Progressive Energy Portfolio	Equity	NATURAL RESOURCES
PVI	73936T433	PowerShares VRDO Tax-Free Weekly Portfolio	Fixed Income	FIXED INCOME
PWB	73935X609	PowerShares Dynamic Large Cap Growth Portfolio	Equity	GROWTH
PWC	73935X104	PowerShares Dynamic Market Portfolio	Equity	LARGE-CAP
PWND	73937B308	PowerShares Global Wind Energy Portfolio	Global Equity	NATURAL RESOURCES
PWO	73935X203	PowerShares Dynamic OTC Portfolio	Equity	GROWTH
PWV	73935X708	PowerShares Dynamic Large Cap Value Portfolio	Equity	VALUE
PWZ	73936T441	PowerShares Insured California Municipal Bond Portfolio	Fixed Income	FIXED INCOME
PXE	73935X658	PowerShares Dynamic Energy Exploration & Production Portfolio	Equity	NATURAL RESOURCES
PXF	73936T789	PowerShares FTSE RAFI Developed Markets ex-US Portfolio	Global Equity	INTERNATIONAL
PXH	73936T763	PowerShares FTSE RAFI Emerging Markets Portfolio	Global Equity	EMERGING MARKETS
PXI	73935X385	PowerShares Dynamic Energy Sector Portfolio	Equity	NATURAL RESOURCES
PXJ	73935X625	PowerShares Dynamic Oil & Gas Services Portfolio	Equity	NATURAL RESOURCES
PXLC	73935X450	PowerShares Fundamental Pure Large Core Portfolio	Equity	LARGE-CAP
PXLG	739371102	PowerShares Fundamental Pure Large Growth Portfolio	Equity	GROWTH
PXLV	739371201	PowerShares Fundamental Pure Large Value Portfolio	Equity	VALUE
PXMC	73935X443	PowerShares Fundamental Pure Mid Core Portfolio	Equity	MID-CAP
PXMG	73935X807	PowerShares Fundamental Pure Mid Growth Portfolio	Equity	GROWTH
PXMV	73935X880	PowerShares Fundamental Pure Mid Value Portfolio	Equity	VALUE
PXN	73935X633	PowerShares Lux Nanotech Portfolio	Equity	TECHNOLOGY
PXQ	73935X815	PowerShares Dynamic Networking Portfolio	Equity	TECHNOLOGY
PXR	73937B209	PowerShares Emerging Markets Infrastructure Portfolio	Global Equity	EMERGING MARKETS
PXSC	73935X435	PowerShares Fundamental Pure Small Core Portfolio	Equity	SMALL-CAP
PXSG	73935X872	PowerShares Fundamental Pure Small Growth Portfolio	Equity	GROWTH
PXSV	73935X864	PowerShares Fundamental Pure Small Value Portfolio	Equity	VALUE
PYH	73935X179	PowerShares Morningstar StockInvestor Core Portfolio	Equity	GROWTH
PYZ	73935X427	PowerShares Dynamic Basic Materials Sector Portfolio	Equity	BASIC MATERIALS
PZA	73936T474	PowerShares Insured National Municipal Bond Portfolio	Fixed Income	FIXED INCOME
PZD	73935X278	PowerShares Cleantech Portfolio	Global Equity	INDUSTRIALS
PZI	73935X740	PowerShares Zacks Micro Cap Portfolio	Equity	SMALL-CAP
PZT	73936T458	PowerShares Insured New York Municipal Bond Portfolio	Fixed Income	FIXED INCOME
QABA	33736Q104	First Trust NASDAQ ABA Community Bank Index Fund	Equity	FINANCIAL SERVICES
QAI	45409B107	IQ Hedge Multi-Strategy Tracker ETF	Global Equity	FLEXIBLE PORTFOLIO
QCLN	33733E500	First Trust NASDAQ Clean Edge Green Energy Index Fund	Equity	NATURAL RESOURCES
QEH	00768Y750	AdvisorShares QAM Equity Hedge ETF	Global Equity	EQUITY SPECIALTY
QGEM	268461803	EGShares Technology GEMS ETF	Equity	TECHNOLOGY
QID	74347X237	ProShares UltraShort QQQ	Equity	LARGE-CAP
QLD	74347R206	ProShares Ultra QQQ	Equity	LARGE-CAP
QLTA	46429B291	iShares Aaa - A Rated Corporate Bond Fund	Fixed Income	FIXED INCOME
QLTB	46432F107	iShares Baa-Ba Rated Corporate Bond Fund	Fixed Income	FIXED INCOME
QLTC	46432F404	iShares B-Ca Rated Corporate Bond Fund	Fixed Income	FIXED INCOME
QMN	45409B503	IQ Hedge Market Neutral Tracker ETF	Global Equity	FLEXIBLE PORTFOLIO
QQEW	337344105	First Trust NASDAQ-100 Equal Weighted Index Fund	Equity	LARGE-CAP
QQQ	73935A104	PowerShares QQQ Trust, Series 1	Equity	LARGE-CAP
QQQC	37950E804	Global X NASDAQ China Technology ETF	Global Equity	ASIAN REGION
QQQE	25459Y207	Direxion NASDAQ-100 Equal Weighted Index Shares	Equity	LARGE-CAP
QQXT	33733E401	First Trust NASDAQ-100 Ex-Technology Sector Index Fund	Equity	LARGE-CAP
QTEC	337345102	First Trust NASDAQ-100 Technology Sector Index Fund	Equity	TECHNOLOGY
RALS	74347X310	ProShares RAFI Long/Short	Equity	EQUITY SPECIALTY
RAVI	33939L886	FlexShares Ready Access Variable Income Fund	Fixed Income	GROWTH & INCOME
RBL	78463X558	SPDR S&P Russia ETF	Global Equity	EMERGING MARKETS
RCD	78355W882	Guggenheim S&P 500 Equal Weight Consumer Discretionary ETF	Equity	CONSUMER
REK	74347X641	ProShares Short Real Estate	Equity	REAL ESTATE
REM	464288539	iShares FTSE NAREIT Mortgage Plus Capped Index Fund	Equity	REAL ESTATE
REMX	57060U472	Market Vectors Rare Earth/Strategic Metals ETF	Commodity	NATURAL RESOURCES
RETL	25459W417	Direxion Daily Retail Bull 3X Shares	Equity	CONSUMER
REW	74347X153	ProShares UltraShort Technology	Equity	TECHNOLOGY
REZ	464288562	iShares FTSE NAREIT Residential Plus Capped Index Fund	Equity	REAL ESTATE
RFG	78355W601	Guggenheim S&P Midcap 400 Pure Growth ETF	Equity	GROWTH
RFV	78355W502	Guggenheim S&P Midcap 400 Pure Value ETF	Equity	VALUE
RGI	78355W833	Guggenheim S&P 500 Equal Weight Industrials ETF	Equity	INDUSTRIALS
RGRA	78009P184	RBS Rogers Enhanced Agriculture ETN	Commodity	AGRICULTURE
RGRC	78009P176	RBS Rogers Enhanced Commodity ETN	Commodity	COMMODITIES
RGRE	78009P192	RBS Rogers Enhanced Energy ETN	Commodity	NATURAL RESOURCES
RGRI	78009P218	RBS Rogers Enhanced Industrial Metals ETN	Commodity	NATURAL RESOURCES
RGRP	78009P200	RBS Rogers Enhanced Precious Metals ETN	Commodity	PRECIOUS METALS
RHS	78355W874	Guggenheim S&P 500 Equal Weight Consumer Staples ETF	Equity	CONSUMER
RINF	74348A814	ProShares 30 Year TIPS/TSY Spread	Fixed Income	FIXED INCOME
RING	464286335	iShares MSCI Global Gold Miners Fund	Global Equity	PRECIOUS METALS
RJA	870297603	ELEMENTS Rogers Intl Commodity Index - Agriculture Total Return ETN	Commodity	AGRICULTURE
RJI	870297801	ELEMENTS Rogers Intl Commodity Index - Total Return ETN	Commodity	COMMODITIES
RJN	870297306	ELEMENTS Rogers Intl Commodity Index - Energy Total Return ETN	Commodity	NATURAL RESOURCES
RJZ	870297405	ELEMENTS Rogers Intl Commodity Index - Metals Total Return ETN	Commodity	COMMODITIES
RKH	57060U175	Market Vectors Bank and Brokerage ETF	Equity	FINANCIAL SERVICES
RLY	78467V103	SPDR SSgA Multi-Asset Real Return ETF	Equity	FLEXIBLE PORTFOLIO
RMB	18383Q747	Guggenheim Yuan Bond ETF	Fixed Income	ASIAN REGION
ROI	97717X107	WisdomTree LargeCap Growth Fund	Equity	GROWTH
ROLA	06740P205	iPath Long Extended Russell 1000 TR Index ETN	Equity	LARGE-CAP
ROM	74347R693	ProShares Ultra Technology	Equity	TECHNOLOGY
ROOF	45409B628	IQ US Real Estate Small Cap ETF	Equity	REAL ESTATE
RPG	78355W403	Guggenheim S&P 500 Pure Growth ETF	Equity	GROWTH
RPV	78355W304	Guggenheim S&P 500 Pure Value ETF	Equity	VALUE
RPX	19761R307	Columbia Growth Equity Strategy Fund	Equity	LARGE-CAP
RRF	97717X883	WisdomTree Global Real Return Fund	Fixed Income	GROWTH & INCOME
RRGR	00768Y743	AdvisorShares Global Alpha & Beta ETF	Global Equity	FLEXIBLE PORTFOLIO
RSP	78355W106	Guggenheim S&P 500 Equal Weight ETF	Equity	LARGE-CAP
RSU	78355W783	Guggenheim 2x S&P 500 ETF	Equity	LARGE-CAP
RSW	78355W767	Guggenheim Inverse 2x S&P 500 ETF	Equity	LARGE-CAP
RSX	57060U506	Market Vectors Russia ETF	Global Equity	EMERGING MARKETS
RSXJ	57060U399	Market Vectors Russia Small-Cap ETF	Global Equity	SMALL-CAP
RTH	57060U225	Market Vectors Retail ETF	Equity	CONSUMER
RTL	464288547	iShares FTSE NAREIT Retail Capped Index Fund	Equity	REAL ESTATE
RTLA	06740P403	iPath Long Extended Russell 2000 TR Index ETN	Equity	SMALL-CAP
RTM	78355W825	Guggenheim S&P 500 Equal Weight Materials ETF	Equity	BASIC MATERIALS
RTR	761396605	RevenueShares ADR Fund	Equity	LARGE-CAP
RUSL	25459Y645	Direxion Daily Russia Bull 3x Shares	Global Equity	EMERGING MARKETS
RUSS	25459W284	Direxion Daily Russia Bear 3x Shares	Global Equity	EMERGING MARKETS
RWG	19761R406	Columbia Large-Cap Growth Equity Strategy Fund	Equity	GROWTH
RWJ	761396308	RevenueShares Small Cap Fund	Equity	SMALL-CAP
RWK	761396209	RevenueShares Mid Cap Fund	Equity	MID-CAP
RWL	761396100	RevenueShares Large Cap Fund	Equity	LARGE-CAP
RWM	74347R826	ProShares Short Russell2000	Equity	SMALL-CAP
RWO	78463X749	SPDR Dow Jones Global Real Estate ETF	Global Equity	REAL ESTATE
RWR	78464A607	SPDR Dow Jones REIT ETF	Equity	REAL ESTATE
RWV	761396704	RevenueShares Navellier Overall A-100 Fund	Equity	EQUITY SPECIALTY
RWW	761396506	RevenueShares Financials Sector Fund	Equity	FINANCIAL SERVICES
RWX	78463X863	SPDR Dow Jones International Real Estate ETF	Global Equity	REAL ESTATE
RWXL	90268A667	ETRACS Monthly Pay 2x Leveraged Dow Jones International Real Estate ETN	Global Equity	REAL ESTATE
RXD	74347B102	ProShares UltraShort Health Care	Equity	HEALTH/BIOTECHNOLOGY
RXI	464288745	iShares S&P Global Consumer Discretionary Sector Index Fund	Global Equity	CONSUMER
RXL	74347R735	ProShares Ultra Health Care	Equity	HEALTH/BIOTECHNOLOGY
RYE	78355W866	Guggenheim S&P 500 Equal Weight Energy ETF	Equity	NATURAL RESOURCES
RYF	78355W858	Guggenheim S&P 500 Equal Weight Financials ETF	Equity	FINANCIAL SERVICES
RYH	78355W841	Guggenheim S&P 500 Equal Weight Health Care ETF	Equity	HEALTH/BIOTECHNOLOGY
RYJ	18383M613	Guggenheim Raymond James SB-1 Equity ETF	Equity	GROWTH
RYT	78355W817	Guggenheim S&P 500 Equal Weight Technology ETF	Equity	TECHNOLOGY
RYU	78355W791	Guggenheim S&P 500 Equal Weight Utilities ETF	Equity	UTILITY
RZG	78355W809	Guggenheim S&P Smallcap 600 Pure Growth ETF	Equity	GROWTH
RZV	78355W700	Guggenheim S&P Smallcap 600 Pure Value ETF	Equity	VALUE
SAA	74347R818	ProShares Ultra SmallCap600	Equity	SMALL-CAP
SAGG	25459Y306	Direxion Daily Total Bond Market Bear 1X Shares	Fixed Income	FIXED INCOME
SBB	74347R784	ProShares Short SmallCap600	Equity	SMALL-CAP
SBM	74347X559	ProShares Short Basic Materials	Equity	BASIC MATERIALS
SBND	25154N530	PowerShares DB 3x Short 25+ Year Treasury Bond ETN	Fixed Income	FIXED INCOME
SBV	06740P122	iPath Pure Beta S&P GSCI-Weighted ETN	Commodity	COMMODITIES
SCC	74348A616	ProShares UltraShort Consumer Services	Equity	CONSUMER
SCHA	808524607	Schwab U.S. Small-Cap ETF	Equity	SMALL-CAP
SCHB	808524102	Schwab U.S. Broad Market ETF	Equity	LARGE-CAP
SCHC	808524888	Schwab International Small-Cap Equity ETF	Global Equity	SMALL-CAP
SCHD	808524797	Schwab US Dividend Equity ETF	Equity	INCOME
SCHE	808524706	Schwab Emerging Markets Equity ETF	Global Equity	EMERGING MARKETS
SCHF	808524805	Schwab International Equity ETF	Global Equity	INTERNATIONAL
SCHG	808524300	Schwab U.S. Large-Cap Growth ETF	Equity	GROWTH
SCHH	808524847	Schwab U.S. REIT ETF	Equity	REAL ESTATE
SCHM	808524508	Schwab U.S. Mid-Cap ETF	Equity	MID-CAP
SCHO	808524862	Schwab Short-Term  U.S. Treasury ETF	Fixed Income	FIXED INCOME
SCHP	808524870	Schwab U.S. TIPs ETF	Fixed Income	FIXED INCOME
SCHR	808524854	Schwab Intermediate-Term U.S. Treasury ETF	Fixed Income	FIXED INCOME
SCHV	808524409	Schwab U.S. Large-Cap Value ETF	Equity	VALUE
SCHX	808524201	Schwab U.S. Large-Cap ETF	Equity	LARGE-CAP
SCHZ	808524839	Schwab US Aggregate Bond ETF	Fixed Income	FIXED INCOME
SCIF	57060U563	Market Vectors India Small-Cap Index ETF	Global Equity	SMALL-CAP
SCIN	268461811	EGShares India Small Cap ETF	Global Equity	SMALL-CAP
SCJ	464286582	iShares MSCI Japan Small Cap Index Fund	Global Equity	SMALL-CAP
SCLP	782474472	Russell Small Cap Low P/E ETF	Equity	VALUE
SCO	74347W668	ProShares UltraShort DJ-UBS Crude Oil	Commodity	NATURAL RESOURCES
SCOG	782474498	Russell Small Cap Consistent Growth ETF	Equity	GROWTH
SCPB	78464A474	SPDR Barclays Short Term Corporate Bond ETF	Fixed Income	FIXED INCOME
SCPR	22542D522	VelocityShares 2x Inverse Copper ETN linked to the S&P GSCI Copper Index Excess Return	Commodity	PRECIOUS METALS
SCTR	782474480	Russell Small Cap Contrarian ETF	Equity	SMALL-CAP
SCZ	464288273	iShares MSCI EAFE Small Cap Index Fund	Global Equity	SMALL-CAP
SDD	74348A400	ProShares UltraShort SmallCap600	Equity	SMALL-CAP
SDIV	37950E549	Global X SuperDividend ETF	Global Equity	INCOME
SDK	74347X187	ProShares UltraShort Russell MidCap Growth	Equity	GROWTH
SDOG	00162Q858	ALPS Sector Dividend Dogs ETF	Equity	INCOME
SDOW	74347X112	ProShares UltraPro Short Dow30	Equity	LARGE-CAP
SDP	74348A863	ProShares UltraShort Utilities	Equity	UTILITY
SDS	74347B300	ProShares UltraShort S&P 500	Equity	LARGE-CAP
SDY	78464A763	SPDR S&P Dividend ETF	Equity	INCOME
SDYL	90267L409	ETRACS Monthly Pay 2xLeveraged S&P Dividend ETN	Equity	INCOME
SEA	18383Q796	Guggenheim Shipping ETF	Global Equity	INDUSTRIALS
SEF	74347R230	ProShares Short Financials	Equity	FINANCIAL SERVICES
SFK	74348A624	ProShares UltraShort Russell1000 Growth	Equity	GROWTH
SFLA	06740P601	iPath Long Extended S&P 500 TR Index ETN	Equity	LARGE-CAP
SGAR	06740P163	iPath Pure Beta Sugar ETN	Commodity	AGRICULTURE
SGG	06739H214	iPath Dow Jones-UBS Sugar Subindex Total Return ETN	Commodity	AGRICULTURE
SGGG	782474514	Russell Small Cap Aggressive Growth ETF	Equity	GROWTH
SGOL	26922Y105	ETFS Physical Swiss Gold Shares	Commodity	PRECIOUS METALS
SH	74347R503	ProShares Short S&P 500	Equity	LARGE-CAP
SHM	78464A425	SPDR Nuveen Barclays Short Term Municipal Bond ETF	Fixed Income	FIXED INCOME
SHV	464288679	iShares Barclays Short Treasury Bond Fund	Fixed Income	FIXED INCOME
SHY	464287457	iShares Barclays 1-3 Year Treasury Bond Fund	Fixed Income	FIXED INCOME
SIJ	74348A103	ProShares UltraShort Industrials	Equity	LARGE-CAP
SIL	37950E853	Global X Silver Miners ETF	Global Equity	PRECIOUS METALS
SINF	74348A830	ProShares UltraPro Short 10 Year TIPS/TSY Spread	Fixed Income	FIXED INCOME
SIVR	26922X107	ETFS Physical Silver Shares	Commodity	PRECIOUS METALS
SIZ	351680400	QuantShares U.S. Market Neutral Size Fund	Equity	EQUITY SPECIALTY
SJB	74347R131	ProShares Short High Yield	Fixed Income	FIXED INCOME
SJF	74347R453	ProShares UltraShort Russell1000 Value	Equity	VALUE
SJH	74348A509	ProShares UltraShort Russell2000 Value	Equity	VALUE
SJL	74347X161	ProShares UltraShort Russell MidCap Value	Equity	VALUE
SJNK	78468R408	SPDR Barclays Short Term High Yield Bond ETF	Fixed Income	FIXED INCOME
SKF	74347X146	ProShares UltraShort Financials	Equity	FINANCIAL SERVICES
SKK	74347X195	ProShares UltraShort Russell2000 Growth	Equity	GROWTH
SKYY	33734X192	First Trade ISE Cloud Computing Index	Global Equity	GLOBAL
SLV	46428Q109	iShares Silver Trust	Commodity	PRECIOUS METALS
SLVP	464286327	iShares MSCI Global Silver Miners Fund	Global Equity	PRECIOUS METALS
SLX	57060U308	Market Vectors Steel ETF	Equity	BASIC MATERIALS
SLY	78464A813	SPDR S&P 600 Small Cap ETF	Equity	SMALL-CAP
SLYG	78464A201	SPDR S&P 600 Small Cap Growth ETF	Equity	GROWTH
SLYV	78464A300	SPDR S&P 600 Small Cap Value ETF	Equity	VALUE
SMB	57060U803	Market Vectors Short Municipal Index ETF	Fixed Income	FIXED INCOME
SMDD	74348A657	ProShares UltraPro Short MidCap400	Equity	MID-CAP
SMH	57060U233	Market Vectors Semiconductor ETF	Equity	TECHNOLOGY
SMIN	46429B614	iShares MSCI India Small Cap Index Fund	Global Equity	SMALL-CAP
SMK	74347X179	ProShares UltraShort MSCI Mexico	Global Equity	INTERNATIONAL
SMMU	72201R874	PIMCO Short Term Municipal Bond Exchange-Traded Fund	Fixed Income	FIXED INCOME
SMN	74347X138	ProShares UltraShort Basic Materials	Equity	BASIC MATERIALS
SNDS	301505301	Sustainable North American Oil Sands ETF	Commodity	NATURAL RESOURCES
SNLN	74735F103	Pyxis/iBoxx Senior Loan ETF	Fixed Income	FIXED INCOME
SOCL	37950E416	Global X Social Media Index Fund	Global Equity	SMALL-CAP
SOIL	37950E499	Global X Fertilizers/Potash ETF	Commodity	NATURAL RESOURCES
SOXL	25459W458	Direxion Daily Semiconductor Bull 3X Shares	Equity	TECHNOLOGY
SOXS	25459W128	Direxion Daily Semiconductor Bear 3X Shares	Equity	TECHNOLOGY
SOXX	464287523	iShares PHLX SOX Semiconductor Sector Index Fund	Equity	TECHNOLOGY
SOYB	88166A607	Teucrium Soybean Fund	Commodity	AGRICULTURE
SPFF	37950E333	Global X SuperIncome Preferred ETF	Equity	INCOME
SPGH	902641661	UBS E-TRACS S&P 500 Gold Hedged ETN	Commodity	PRECIOUS METALS
SPHB	73937B829	PowerShares S&P 500 High Beta Portfolio	Equity	LARGE-CAP
SPHD	73937B654	PowerShares S&P 500 High Dividend Portfolio	Equity	INCOME
SPHQ	73935X682	PowerShares S&P 500 High Quality Portfolio	Equity	GROWTH
SPLV	73937B779	PowerShares S&P 500 Low Volatility Portfolio	Equity	LARGE-CAP
SPXL	25459W862	Direxion Daily S&P 500 Bull 3x Shares	Equity	LARGE-CAP
SPXS	25459W151	Direxion Daily S&P 500 Bear 3x Shares	Equity	LARGE-CAP
SPXU	74348A632	ProShares UltraPro Short S&P500	Equity	LARGE-CAP
SPY	78462F103	SPDR S&P 500 Trust	Equity	LARGE-CAP
SPYG	78464A409	SPDR S&P 500 Growth ETF	Equity	GROWTH
SPYV	78464A508	SPDR S&P 500 Value ETF	Equity	VALUE
SQQQ	74348A665	ProShares UltraPro Short QQQ	Equity	LARGE-CAP
SRS	74348A871	ProShares UltraShort Real Estate	Equity	REAL ESTATE
SRTY	74348A640	ProShares UltraPro Short Russell2000	Equity	SMALL-CAP
SSAM	00768Y792	ROCKLEDGE SectorSAM ETF	Equity	EQUITY SPECIALTY
SSDD	90268A758	ETRACS ISE Solid State Drive Index ETN	Equity	TECHNOLOGY
SSDL	90268A741	ETRACS Monthly 2xLeveraged ISE Solid State Drive Index ETN	Equity	TECHNOLOGY
SSG	74347X245	ProShares UltraShort Semiconductors	Equity	TECHNOLOGY
SSO	74347R107	ProShares Ultra S&P 500	Equity	LARGE-CAP
SST	78468R101	SPDR Barclays Short Term Treasury ETF	Fixed Income	FIXED INCOME
STIP	46429B747	iShares Barclays 0-5 Year TIPS Bond Fund	Fixed Income	FIXED INCOME
STPP	06740L477	iPath US Treasury Steepener ETN	Fixed Income	FIXED INCOME
STPZ	72201R205	PIMCO 1-5 Year U.S. TIPS Index Exchange-Traded Fund	Fixed Income	FIXED INCOME
SUB	464288158	iShares S&P Short Term National Municipal Bond Fund	Fixed Income	FIXED INCOME
SVXY	74347W627	ProShares Short VIX Short-Term Futures ETF	Equity	EQUITY SPECIALTY
SZK	74347R115	ProShares UltraShort Consumer Goods	Equity	CONSUMER
SZO	25154K874	PowerShares DB Crude Oil Short ETN	Commodity	NATURAL RESOURCES
SZR	97717W158	WisdomTree Dreyfus South African Rand Fund	Fixed Income	EMERGING MARKETS
TAGS	88166A706	Teucrium Agricultural Fund	Commodity	AGRICULTURE
TAN	18383Q739	Guggenheim Solar ETF	Global Equity	NATURAL RESOURCES
TAO	18383Q861	Guggenheim China Real Estate ETF	Global Equity	REAL ESTATE
TBAR	78009L407	RBS Gold Trendpilot ETNs	Commodity	PRECIOUS METALS
TBF	74347X849	ProShares Short 20+ Year Treasury	Fixed Income	FIXED INCOME
TBT	74347B201	ProShares UltraShort 20+ Year Treasury	Fixed Income	FIXED INCOME
TBX	74348A608	ProShares Short 7-10 Year Treasury	Fixed Income	FIXED INCOME
TBZ	74347X344	ProShares UltraShort 3-7 Year Treasury	Fixed Income	FIXED INCOME
TCHI	78009P150	RBS China Trendpilot Exchange Traded Notes	Global Equity	ASIAN REGION
TDD	233052109	db-X 2010 Target Date Fund	Global Equity	FLEXIBLE PORTFOLIO
TDH	233052208	db-X 2020 Target Date Fund	Global Equity	FLEXIBLE PORTFOLIO
TDIV	33738R118	First Trust NASDAQ Technology Dividend Index Fund	Equity	TECHNOLOGY
TDN	233052307	db-X 2030 Target Date Fund	Global Equity	FLEXIBLE PORTFOLIO
TDTF	33939L605	FlexShares iBoxx 5-Year Target Duration TIPS Index Fund	Fixed Income	FIXED INCOME
TDTT	33939L506	FlexShares iBoxx 3-Year Target Duration TIPS Index Fund	Fixed Income	FIXED INCOME
TDV	233052406	db-X 2040 Target Date Fund	Global Equity	FLEXIBLE PORTFOLIO
TDX	233052505	db-X In-Target Date Fund	Global Equity	FLEXIBLE PORTFOLIO
TECL	25459W102	Direxion Daily Technology Bull 3X Shares	Equity	TECHNOLOGY
TECS	25459W318	Direxion Daily Technology Bear 3X Shares	Equity	TECHNOLOGY
TENZ	72201R700	PIMCO 7-15 Year U.S. Treasury Index Exchange-Traded Fund	Fixed Income	FIXED INCOME
TFI	78464A458	SPDR Nuveen Barclays Municipal Bond ETF	Fixed Income	FIXED INCOME
TGEM	268461886	EGShares Telecom GEMS ETF	Equity	TELECOMMUNICATION
TGR	464289107	iShares S&P Target Date Retirement Income Index Fund	Equity	INCOME
THD	464286624	iShares MSCI Thailand Index Fund	Global Equity	ASIAN REGION
TILT	33939L100	FlexShares Morningstar US Market Factors Tilt Index Fund	Equity	EQUITY SPECIALTY
TIP	464287176	iShares Barclays TIPS Bond Fund	Fixed Income	FIXED INCOME
TIPZ	72201R403	PIMCO Broad U.S. TIPS Index Exchange-Traded Fund	Fixed Income	FIXED INCOME
TLH	464288653	iShares Barclays 10-20 Year Treasury Bond Fund	Fixed Income	FIXED INCOME
TLL	74347X252	ProShares UltraShort Telecommunications	Equity	TELECOMMUNICATION
TLO	78464A664	SPDR Barclays Long Term Treasury ETF	Fixed Income	FIXED INCOME
TLT	464287432	iShares Barclays 20+ Year Treasury Bond Fund	Fixed Income	FIXED INCOME
TLTD	33939L803	FlexShares Morningstar Developed Markets ex-US Factor Tilt Index Fund	Global Equity	INTERNATIONAL
TLTE	33939L308	FlexShares Morningstar Emerging Markets Factor Tilt Index Fund	Global Equity	EMERGING MARKETS
TMF	25459W540	Direxion Daily 20+ Year Treasury Bull 3x Shares ETF	Fixed Income	FIXED INCOME
TMV	25459Y678	Direxion Daily 20+ Year Treasury Bear 3x Shares ETF	Fixed Income	FIXED INCOME
TMW	78464A805	SPDR Dow Jones Total Market ETF	Equity	LARGE-CAP
TNA	25459W847	Direxion Daily Small Cap Bull 3X Shares	Equity	SMALL-CAP
TNDQ	78009P143	RBS NASDAQ 100 Trendpilot ETN	Fixed Income	FIXED INCOME
TOK	464288265	iShares MSCI Kokusai Index Fund	Global Equity	GLOBAL
TOTS	25459Y819	Direxion Daily Total Market Bear 1X Shares	Equity	LARGE-CAP
TPS	74347X336	ProShares UltraShort TIPS	Fixed Income	FIXED INCOME
TQQQ	74347X831	ProShares UltraPro QQQ	Equity	LARGE-CAP
TRND	78009L308	RBS US Large Cap Trendpilot Exchange Traded Notes	Equity	LARGE-CAP
TRNM	78009L209	RBS US Mid Cap Trendpilot Exchange Traded Notes	Fixed Income	MID-CAP
TRSY	72201R809	PIMCO Broad U.S. Treasury Index Exchange-Traded Fund	Fixed Income	FIXED INCOME
TTFS	00768Y818	Trim Tabs Float Shrink	Equity	LARGE-CAP
TTT	74347X740	ProShares UltraPro Short 20+ Year Treasury	Fixed Income	FIXED INCOME
TUR	464286715	iShares MSCI Turkey Index Fund	Global Equity	EMERGING MARKETS
TUZ	72201R106	PIMCO 1-3 Year U.S. Treasury Index Exchange-Traded Fund	Fixed Income	FIXED INCOME
TVIX	22542D761	VelocityShares Daily 2x VIX Short Term ETN	Equity	EQUITY SPECIALTY
TVIZ	22542D779	VelocityShares Daily 2x VIX Medium Term ETN	Equity	EQUITY SPECIALTY
TWM	74348A202	ProShares UltraShort Russell2000	Equity	SMALL-CAP
TWQ	74348A681	ProShares UltraShort Russell3000	Equity	LARGE-CAP
TYBS	25459Y405	Direxion Daily 20+ Year Treasury Bear 1X Shares	Fixed Income	FIXED INCOME
TYD	25459W565	Direxion Daily 7-10 Year Treasury Bull 3X Shares	Fixed Income	FIXED INCOME
TYNS	25459Y108	Direxion Daily 7-10 Year Treasury Bear 1X Shares	Fixed Income	FIXED INCOME
TYO	25459W557	Direxion Daily 7-10 Year Treasury Bear 3x Shares ETF	Fixed Income	FIXED INCOME
TZA	25459W110	Direxion Daily Small Cap Bear 3X Shares	Equity	SMALL-CAP
TZD	464289206	iShares S&P Target Date 2010 Index Fund	Equity	GROWTH & INCOME
TZE	464289305	iShares S&P Target Date 2015 Index Fund	Equity	GROWTH & INCOME
TZG	464289404	iShares S&P Target Date 2020 Index Fund	Equity	GROWTH & INCOME
TZI	464289503	iShares S&P Target Date 2025 Index Fund	Equity	GROWTH & INCOME
TZL	464289602	iShares S&P Target Date 2030 Index Fund	Equity	GROWTH & INCOME
TZO	464289701	iShares S&P Target Date 2035 Index Fund	Equity	GROWTH & INCOME
TZV	464289800	iShares S&P Target Date 2040 Index Fund	Global Equity	GROWTH & INCOME
TZW	46429B648	iShares S&P Target Date 2045 Index Fund	Global Equity	GROWTH & INCOME
TZY	46429B630	iShares S&P Target Date 2050 Index Fund	Global Equity	GROWTH & INCOME
UAG	902641760	UBS E-TRACS UBS Bloomberg CMCI Agriculture TR ETN	Commodity	AGRICULTURE
UBC	902641828	UBS E-TRACS UBS Bloomberg CMCI Livestock TR ETN	Commodity	AGRICULTURE
UBG	902641810	UBS E-TRACS UBS Bloomberg CMCI Gold TR ETN	Commodity	PRECIOUS METALS
UBM	902641752	UBS E-TRACS UBS Bloomberg CMCI Industrial Metals TR ETN	Commodity	BASIC MATERIALS
UBN	902641745	UBS E-TRACS UBS Bloomberg CMCI Energy TR ETN	Commodity	NATURAL RESOURCES
UBR	74347X542	ProShares Ultra MSCI Brazil	Global Equity	EMERGING MARKETS
UBT	74347R172	ProShares Ultra 20+ Year Treasury	Fixed Income	FIXED INCOME
UCC	74347R750	ProShares Ultra Consumer Services	Equity	CONSUMER
UCD	74347W106	ProShares Ultra DJ-UBS Commodity	Commodity	COMMODITIES
UCI	902641778	UBS E-TRACS UBS Bloomberg CMCI TR ETN	Commodity	COMMODITIES
UCO	74347W650	ProShares Ultra DJ-UBS Crude Oil	Commodity	NATURAL RESOURCES
UDN	73936D206	PowerShares DB US Dollar Index Bearish Fund	Currency	CURRENCY
UDNT	25154P881	PowerShares DB 3x Short US Dollar Index Futures ETN	Currency	CURRENCY
UDOW	74347X823	ProShares UltraPro Dow 30	Equity	LARGE-CAP
UGA	91201T102	United States Gasoline Fund, LP	Commodity	NATURAL RESOURCES
UGAZ	22542D571	VelocityShares 3x Long Natural Gas ETN linked to the S&P GSCI Natural Gas Index Excess Return	Commodity	NATURAL RESOURCES
UGE	74347R768	ProShares Ultra Consumer Goods	Equity	CONSUMER
UGEM	268461878	EGShares Utilities GEMS ETF	Equity	UTILITY
UGL	74347W601	ProShares Ultra Gold	Commodity	PRECIOUS METALS
UGLD	22542D688	VelocityShares 3x Long Gold ETN linked to the S&P GSCI Gold Index ER	Commodity	PRECIOUS METALS
UHN	911783108	United States Diesel-Heating Oil Fund, LP	Commodity	NATURAL RESOURCES
UINF	74348A848	ProShares UltraPro 10 Year TIPS/TSY Spread	Fixed Income	FIXED INCOME
UJB	74348A707	ProShares Ultra High Yield	Fixed Income	FIXED INCOME
UKF	74347R537	ProShares Ultra Russell 1000 Growth	Equity	LARGE-CAP
UKK	74347R487	ProShares Ultra Russell 2000 Growth	Equity	SMALL-CAP
UKW	74347R511	ProShares Ultra Russell MidCap Growth	Equity	MID-CAP
ULE	74347W874	ProShares Ultra Euro	Currency	EUROPEAN REGION
UMDD	74347X815	ProShares UltraPro MidCap 400	Equity	MID-CAP
UMX	74347X518	ProShares Ultra MSCI Mexico Investable Market	Global Equity	INTERNATIONAL
UNG	912318201	United States Natural Gas Fund, LP	Commodity	NATURAL RESOURCES
UNL	91288X109	United States 12 Month Natural Gas Fund, LP	Commodity	NATURAL RESOURCES
UOIL	22542D597	VelocityShares 3x Long Brent Crude ETN linked to the S&P GSCI Brent Crude Index Excess Return	Commodity	NATURAL RESOURCES
UPRO	74347X864	ProShares UltraPro S&P 500	Equity	LARGE-CAP
UPV	74347X526	ProShares Ultra MSCI Europe	Global Equity	EUROPEAN REGION
UPW	74347R685	ProShares Ultra Utilities	Equity	UTILITY
URA	37950E754	Global X Uranium ETF	Commodity	COMMODITIES
URE	74347X625	ProShares Ultra Real Estate	Equity	REAL ESTATE
URR	617480272	Market Vectors Double Long Euro ETN	Currency	EUROPEAN REGION
URTH	464286392	iShares MSCI World Index Fund	Global Equity	LARGE-CAP
URTY	74347X799	ProShares UltraPro Russell 2000	Equity	SMALL-CAP
USAG	911718203	United States Agriculture Index Fund	Commodity	AGRICULTURE
USCI	911717106	United States Commodity Index Fund	Commodity	COMMODITIES
USD	74347R669	ProShares Ultra Semiconductors	Equity	TECHNOLOGY
USL	91288V103	United States 12 Month Oil Fund, LP	Commodity	NATURAL RESOURCES
USLV	22542D662	VelocityShares 3x Long Silver ETN linked to the S&P GSCI Silver Index ER	Commodity	PRECIOUS METALS
USMI	911718302	United States Metals Index Fund	Commodity	PRECIOUS METALS
USMV	46429B697	iShares MSCI USA Minimum Volatility Index Fund	Equity	LARGE-CAP
USO	91232N108	United States Oil Fund, LP	Commodity	NATURAL RESOURCES
UST	74347R180	ProShares Ultra 7-10 Year Treasury	Fixed Income	FIXED INCOME
USV	902641794	UBS E-TRACS UBS Bloomberg CMCI Silver TR ETN	Commodity	PRECIOUS METALS
UUP	73936D107	PowerShares DB US Dollar Index Bullish Fund	Currency	CURRENCY
UUPT	25154P873	PowerShares DB 3x Long US Dollar Index Futures ETN	Currency	CURRENCY
UVG	74347R529	ProShares Ultra Russell1000 Value	Equity	VALUE
UVT	74347R479	ProShares Ultra Russell 2000 Value	Equity	VALUE
UVU	74347R495	ProShares Ultra Russell MidCap Value	Equity	VALUE
UVXY	74347W411	ProShares Ultra VIX Short-Term Futures ETF	Equity	EQUITY SPECIALTY
UWC	74347X104	ProShares Ultra Russell 3000	Equity	LARGE-CAP
UWM	74347R842	ProShares Ultra Russell 2000	Equity	LARGE-CAP
UWTI	22542D589	VelocityShares 3x Long Crude ETN linked to the S&P GSCI Crude Oil Index Excess Return	Commodity	NATURAL RESOURCES
UXI	74347R727	ProShares Ultra Industrials	Equity	LARGE-CAP
UXJ	74347X534	ProShares Ultra MSCI Pacific ex-Japan	Global Equity	ASIAN REGION
UYG	74347X633	ProShares Ultra Financials	Equity	FINANCIAL SERVICES
UYM	74347R776	ProShares Ultra Basic Materials	Equity	BASIC MATERIALS
VAW	92204A801	Vanguard Materials Index Fund	Equity	BASIC MATERIALS
VB	922908751	Vanguard Small-Cap Index Fund	Equity	SMALL-CAP
VBK	922908595	Vanguard Small-Cap Growth Index Fund	Equity	GROWTH
VBR	922908611	Vanguard Small-Cap Value Index Fund	Equity	VALUE
VCIT	92206C870	Vanguard Intermediate-Term Corporate Bond ETF	Fixed Income	FIXED INCOME
VCLT	92206C813	Vanguard Long-Term Corporate Bond ETF	Fixed Income	FIXED INCOME
VCR	92204A108	Vanguard Consumer Discretionary Index Fund	Equity	CONSUMER
VCSH	92206C409	Vanguard Short-Term Corporate Bond Index Fund	Fixed Income	FIXED INCOME
VDC	92204A207	Vanguard Consumer Staples Index Fund	Equity	CONSUMER
VDE	92204A306	Vanguard Energy Index Fund	Equity	NATURAL RESOURCES
VEA	921943858	Vanguard Europe Pacific ETF	Global Equity	GROWTH & INCOME
VEGA	00768Y768	AdvisorShares STAR Global Buy-Write ETF	Global Equity	LARGE-CAP
VEGI	464286350	iShares MSCI Global Agriculture Producers Fund	Global Equity	AGRICULTURE
VEU	922042775	Vanguard FTSE All-World ex US Index Fund	Global Equity	INTERNATIONAL
VFH	92204A405	Vanguard Financials Index Fund	Equity	FINANCIAL SERVICES
VGEM	268461407	EGShares Consumer Services GEMS ETF	Equity	CONSUMER
VGIT	92206C706	Vanguard Intermediate-Term Government Bond ETF	Fixed Income	FIXED INCOME
VGK	922042874	Vanguard European Index Fund	Global Equity	EUROPEAN REGION
VGLT	92206C847	Vanguard Long-Term Government Bond ETF	Fixed Income	FIXED INCOME
VGSH	92206C102	Vanguard Short-Term Government Bond ETF	Fixed Income	FIXED INCOME
VGT	92204A702	Vanguard Information Technology Index Fund	Equity	TECHNOLOGY
VHT	92204A504	Vanguard Health Care Index Fund	Equity	HEALTH/BIOTECHNOLOGY
VIG	921908844	Vanguard Dividend Appreciation Index Fund	Equity	INCOME
VIIX	22542D811	VelocityShares Daily Long VIX Short Term ETN	Equity	EQUITY SPECIALTY
VIIZ	22542D787	VelocityShares Daily Long VIX Medium Term ETN	Equity	EQUITY SPECIALTY
VIOG	921932794	Vanguard S&P Small-Cap 600 Growth ETF	Equity	GROWTH
VIOO	921932828	Vanguard S&P Small-Cap 600 ETF	Equity	SMALL-CAP
VIOV	921932778	Vanguard S&P Small-Cap 600 Value ETF	Equity	VALUE
VIS	92204A603	Vanguard Industrials Index Fund	Equity	INDUSTRIALS
VIXH	33733E609	First Trust CBOE S&P 500 VIX Tail Hedge Fund	Equity	EQUITY SPECIALTY
VIXM	74347W684	ProShares VIX  Mid-Term Futures ETF	Equity	EQUITY SPECIALTY
VIXY	74347W692	ProShares VIX  Short-Term Futures ETF	Equity	EQUITY SPECIALTY
VLAT	25459Y710	Direxion S&P Latin America 40 DRRC Volatility Response Shares	Global Equity	LARGE-CAP
VLU	78464A128	SPDR S&P 1500 Value Tilt ETF	Equity	VALUE
VMBS	92206C771	Vanguard Mortgage-Backed Securities ETF	Fixed Income	FIXED INCOME
VNM	57060U761	Market Vectors Vietnam ETF	Global Equity	EMERGING MARKETS
VNQ	922908553	Vanguard REIT ETF	Equity	REAL ESTATE
VNQI	922042676	Vanguard Global ex-U.S. Real Estate Index	Global Equity	REAL ESTATE
VO	922908629	Vanguard Mid-Cap Index Fund	Equity	MID-CAP
VOE	922908512	Vanguard Mid-Cap Value Index Fund	Equity	VALUE
VONE	92206C730	Vanguard Russell 1000 ETF	Equity	LARGE-CAP
VONG	92206C680	Vanguard Russell 1000 Growth ETF	Equity	GROWTH
VONV	92206C714	Vanguard Russell 1000 Value ETF	Equity	VALUE
VOO	922908413	Vanguard S&P 500 ETF	Equity	LARGE-CAP
VOOG	921932505	Vanguard S&P 500 Growth ETF	Equity	GROWTH
VOOV	921932703	Vanguard S&P 500 Value ETF	Equity	VALUE
VOT	922908538	Vanguard Mid-Cap Growth Index Fund	Equity	GROWTH
VOX	92204A884	Vanguard Telecommunication Services Index Fund	Equity	TELECOMMUNICATION
VPL	922042866	Vanguard Pacific Stock Index Fund	Global Equity	ASIAN REGION
VPU	92204A876	Vanguard Utilities Index Fund	Equity	UTILITY
VQT	06740C337	Barclays ETN+ S&P VEQTOR ETN	Global Equity	LARGE-CAP
VRD	78464A318	SPDR S&P VRDO Municipal Bond ETF	Fixed Income	FIXED INCOME
VSPR	25459Y744	Direxion S&P 1500 DRRC Volatility Response Shares	Equity	EQUITY SPECIALTY
VSPY	25459Y728	Direxion S&P PR 500 DRRC Volatility Response Shares	Equity	LARGE-CAP
VSS	922042718	Vanguard FTSE All-World ex-US Small-Cap Index Fund	Global Equity	SMALL-CAP
VT	922042742	Vanguard Total World Stock Index Fund	Global Equity	GLOBAL
VTHR	92206C599	Vanguard Russell 3000 ETF	Equity	LARGE-CAP
VTI	922908769	Vanguard Total Stock Market Index Fund	Equity	GROWTH & INCOME
VTIP	922020805	Vanguard Short-Term Inflation-Protected Securities ETF	Fixed Income	FIXED INCOME
VTV	922908744	Vanguard Value Index Fund	Equity	VALUE
VTWG	92206C623	Vanguard Russell 2000 Growth ETF	Equity	GROWTH
VTWO	92206C664	Vanguard Russell 2000 ETF	Equity	SMALL-CAP
VTWV	92206C649	Vanguard Russell 2000 Value ETF	Equity	VALUE
VUG	922908736	Vanguard Growth Index Fund	Equity	GROWTH
VV	922908637	Vanguard Large-Cap Index Fund	Equity	LARGE-CAP
VWO	922042858	Vanguard Emerging Markets Index Fund	Global Equity	EMERGING MARKETS
VXF	922908652	Vanguard Extended Market Index Fund	Equity	MID-CAP
VXUS	921909768	Vanguard Total International Stock ETF	Global Equity	INTERNATIONAL
VXX	06740C188	iPath S&P 500 VIX Short-Term Futures ETN	Equity	EQUITY SPECIALTY
VXZ	06740C519	iPath S&P 500 VIX Mid-Term Futures ETN	Equity	EQUITY SPECIALTY
VYM	921946406	Vanguard High Dividend Yield Index Fund	Equity	INCOME
WDTI	97717W125	WisdomTree Managed Futures Strategy Fund	Equity	EQUITY SPECIALTY
WEAT	88166A508	Teucrium Wheat Fund	Commodity	AGRICULTURE
WEET	06740P270	iPath Pure Beta Grains ETN	Commodity	AGRICULTURE
WFVK	18383M498	Wilshire 5000 Total Market ETF	Equity	LARGE-CAP
WIP	78464A490	SPDR DB International Government Inflation-Protected Bond ETF	Fixed Income	INCOME
WITE	26923B104	ETFS White Metals Basket Trust	Commodity	PRECIOUS METALS
WMCR	18383M308	Wilshire Micro-Cap ETF	Equity	SMALL-CAP
WMW	25153Q708	ELEMENTS Morningstar Wide Moat Focus Total Return Index ETN	Equity	LARGE-CAP
WOOD	464288174	iShares S&P Global Timber & Forestry Index Fund	Global Equity	NATURAL RESOURCES
WPS	464288422	iShares S&P Developed ex-US Property Index Fund	Global Equity	INTERNATIONAL
WREI	18383M472	Wilshire US REIT ETF	Equity	REAL ESTATE
WXSP	18383M480	Wilshire 4500 Completion ETF	Equity	LARGE-CAP
XAR	78464A631	SPDR S&P Aerospace & Defense ETF	Equity	INDUSTRIALS
XBI	78464A870	SPDR S&P Biotech ETF	Equity	HEALTH/BIOTECHNOLOGY
XES	78464A748	SPDR S&P Oil & Gas Equipment & Services ETF	Equity	NATURAL RESOURCES
XHB	78464A888	SPDR S&P Homebuilders ETF	Equity	CONSUMER
XHE	78464A581	SPDR S&P Health Care Equipment ETF	Equity	HEALTH/BIOTECHNOLOGY
XHS	78464A573	SPDR S&P Health Care Services ETF	Equity	HEALTH/BIOTECHNOLOGY
XIV	22542D795	VelocityShares Daily Inverse VIX Short Term ETN	Equity	EQUITY SPECIALTY
XLB	81369Y100	Materials Select Sector SPDR Fund	Equity	BASIC MATERIALS
XLE	81369Y506	Energy Select Sector SPDR Fund	Equity	NATURAL RESOURCES
XLF	81369Y605	Financial Select Sector SPDR Fund	Equity	FINANCIAL SERVICES
XLG	78355W205	Guggenheim Russell Top 50 Mega Cap ETF	Equity	LARGE-CAP
XLI	81369Y704	Industrial Select Sector SPDR Fund	Equity	INDUSTRIALS
XLK	81369Y803	Technology Select Sector SPDR Fund	Equity	TECHNOLOGY
XLP	81369Y308	Consumer Staples Select Sector SPDR Fund	Equity	CONSUMER
XLU	81369Y886	Utilities Select Sector SPDR Fund	Equity	UTILITY
XLV	81369Y209	Health Care Select Sector SPDR Fund	Equity	HEALTH/BIOTECHNOLOGY
XLY	81369Y407	Consumer Discretionary Select Sector SPDR Fund	Equity	CONSUMER
XME	78464A755	SPDR S&P Metals & Mining ETF	Equity	BASIC MATERIALS
XMPT	57060U332	Market Vectors Municipal Bond Closed-End Fund ETF	Fixed Income	FIXED INCOME
XOP	78464A730	SPDR S&P Oil & Gas Exploration & Production ETF	Equity	NATURAL RESOURCES
XOVR	78468R606	SPDR BofA Merrill Lynch Crossover Corporate Bond ETF	Fixed Income	FIXED INCOME
XPH	78464A722	SPDR S&P Pharmaceuticals ETF	Equity	HEALTH/BIOTECHNOLOGY
XPP	74347X880	ProShares Ultra FTSE / Xinhua China 25	Global Equity	ASIAN REGION
XRT	78464A714	SPDR S&P Retail ETF	Equity	CONSUMER
XSD	78464A862	SPDR S&P Semiconductor ETF	Equity	TECHNOLOGY
XSW	78464A599	SPDR S&P Software & Services ETF	Equity	TECHNOLOGY
XTL	78464A540	SPDR S&P Telecom ETF	Equity	TELECOMMUNICATION
XTN	78464A532	SPDR S&P Transportation ETF	Equity	INDUSTRIALS
XVIX	902641596	UBS AG Exchange Traded Access Securities Daily Long-Short VIX ETN	Equity	EQUITY SPECIALTY
XVZ	06741L609	iPath S&P 500 Dynamic VIX ETN	Equity	EQUITY SPECIALTY
XXV	06740L592	Barclays ETN+ Inverse S&P 500 VIX Short-Term Futures ETN	Equity	EQUITY SPECIALTY
YANG	25459W763	Direxion Daily China Bear 3X Shares	Global Equity	ASIAN REGION
YAO	18385P101	Guggenheim China All-Cap ETF	Global Equity	ASIAN REGION
YCL	74347W866	ProShares Ultra Yen	Currency	ASIAN REGION
YCS	74347W569	ProShares UltraShort Yen	Currency	ASIAN REGION
YINN	25459W771	Direxion Daily China Bull 3X Shares	Global Equity	ASIAN REGION
YMLP	301505103	Yorkville High Income MLP ETF	Equity	NATURAL RESOURCES
YXI	74347X658	ProShares Short FTSE/Xinhua China 25	Global Equity	ASIAN REGION
ZIV	22542D829	VelocityShares Daily Inverse VIX Medium Term ETN	Equity	EQUITY SPECIALTY
ZROZ	72201R882	PIMCO 25+ Year Zero Coupon U.S. Treasury Index Exchange-Traded Fund	Fixed Income	FIXED INCOME
ZSL	74347W114	ProShares UltraShort Silver	Commodity	PRECIOUS METALS