Name,Symbol,Industry,SubIndustry,SandP,Dow,Country,Region,
Agilent Technologies Inc.,A,Industrials,Electronic Equipment,YES,NO,United States,United States,A
Alcoa Inc.,AA,Basic Materials,Aluminum,YES,YES,United States,United States,AA
Aaron's Inc.,AAN,Consumer Services,Specialized Consumer Services,NO,NO,United States,United States,AAN
Advance Auto Parts Inc.,AAP,Consumer Services,Specialty Retailers,NO,NO,United States,United States,AAP
American Assets Trust Inc.,AAT,Financials,undefined,NO,NO,United States,United States,4
Advantage Oil & Gas Ltd.,AAV,Oil and Gas,Exploration and Production,NO,NO,Canada,Canada,AAV
ABB Ltd.,ABB,Industrials,Industrial Machinery,NO,NO,Switzerland,Europe,ABB
AmerisourceBergen Corp.,ABC,Consumer Services,Drug Retailers,YES,NO,United States,United States,ABC
ACCO Brands Corp.,ABD,Consumer Goods,Durable Household Products,NO,NO,United States,United States,ABD
Asbury Automotive Group Inc.,ABG,Consumer Services,Specialty Retailers,NO,NO,United States,United States,ABG
AbitibiBowater Inc.,ABH,Basic Materials,undefined,NO,NO,Canada,Canada,10
ABM Industries Inc.,ABM,Industrials,Business Support Services,NO,NO,United States,United States,ABM
Arbor Realty Trust Inc.,ABR,Financials,Mortgage Real Estate Investment Trusts,NO,NO,United States,United States,ABR
Abbott Laboratories,ABT,Health Care,Pharmaceuticals,YES,NO,United States,United States,ABT
Companhia de Bebidas das Americas,ABV-C,Consumer Goods,undefined,NO,NO,Brazil,Latin America,14
AboveNet Inc.,ABVT,Telecommunications,Fixed Line Telecommunications,NO,NO,United States,United States,ABVT
Barrick Gold Corp.,ABX,Basic Materials,Gold Mining,NO,NO,Canada,Canada,ABX
American Campus Communities Inc.,ACC,Financials,Residential Real Estate Investment Trusts,NO,NO,United States,United States,ACC
ACE Ltd.,ACE,Financials,Property and Casualty Insurance,NO,NO,United States,United States,ACE
Aluminum Corp. of China Ltd.,ACH,Basic Materials,Aluminum,NO,NO,China,Asia-Pacific,ACH
Arch Coal Inc.,ACI,Basic Materials,Coal,NO,NO,United States,United States,ACI
AECOM Technology Corp.,ACM,Industrials,Business Support Services,NO,NO,United States,United States,ACM
Accenture PLC Cl A,ACN,Industrials,Business Support Services,NO,NO,United States,United States,ACN
AMCOL International Corp.,ACO,Basic Materials,General Mining,NO,NO,United States,United States,ACO
Active Network Inc.,ACTV,Technology,undefined,NO,NO,United States,United States,24
Accuride Corp.,ACW,Industrials,undefined,NO,NO,United States,United States,25
Agree Realty Corp.,ADC,Financials,Retail Real Estate Investment Trusts,NO,NO,United States,United States,ADC
Analog Devices Inc.,ADI,Technology,Semiconductors,YES,NO,United States,United States,ADI
Archer Daniels Midland Co.,ADM,Consumer Goods,Food Products,YES,NO,United States,United States,ADM
Alliance Data Systems Corp.,ADS,Industrials,Financial Administration,NO,NO,United States,United States,ADS
American Dairy Inc.,ADY,Consumer Goods,Food Products,NO,NO,United States,United States,ADY
Advance America Cash Advance Centers Inc.,AEA,Financials,Consumer Finance,NO,NO,United States,United States,AEA
Associated Estates Realty Corp.,AEC,Financials,Residential Real Estate Investment Trusts,NO,NO,United States,United States,AEC
Ameren Corp.,AEE,Utilities,Multiutilities,YES,NO,United States,United States,AEE
Aegon N.V.,AEG,Financials,Life Insurance,NO,NO,Netherlands,Europe,AEG
American Equity Investment Life Holding Co.,AEL,Financials,Life Insurance,NO,NO,United States,United States,AEL
Agnico-Eagle Mines Ltd.,AEM,Basic Materials,Gold Mining,NO,NO,Canada,Canada,AEM
American Eagle Outfitters Inc.,AEO,Consumer Services,Apparel Retailers,NO,NO,United States,United States,AEO
American Electric Power Co. Inc.,AEP,Utilities,Conventional Electricity,YES,NO,United States,United States,AEP
AerCap Holdings N.V.,AER,Industrials,Transportation Services,NO,NO,Netherlands,Europe,AER
AES Corp.,AES,Utilities,Conventional Electricity,YES,NO,United States,United States,AES
Aetna Inc.,AET,Health Care,Health Care Providers,YES,NO,United States,United States,AET
Astoria Financial Corp.,AF,Financials,Banks,NO,NO,United States,United States,AF
American Financial Group Inc.,AFG,Financials,Property and Casualty Insurance,NO,NO,United States,United States,AFG
AFLAC Inc.,AFL,Financials,Life Insurance,YES,NO,United States,United States,AFL
First Majestic Silver Corp.,AG,Basic Materials,Silver,NO,NO,Canada,Canada,45
AGCO Corp.,AGCO,Industrials,Commerical Vehicles and Trucks,NO,NO,United States,United States,AGCO
Federal Agricultural Mortgage Corp. Cl C,AGM,Financials,Mortgage Finance,NO,NO,United States,United States,AGM
Allergan Inc.,AGN,Health Care,Pharmaceuticals,YES,NO,United States,United States,AGN
Assured Guaranty Ltd.,AGO,Financials,Property and Casualty Insurance,NO,NO,United States,United States,AGO
AMERIGROUP Corp.,AGP,Health Care,Health Care Providers,NO,NO,United States,United States,AGP
Adecoagro S.A.,AGRO,Consumer Goods,undefined,NO,NO,United States,United States,51
Agrium Inc.,AGU,Basic Materials,Specialty Chemicals,NO,NO,Canada,Canada,AGU
Accretive Health Inc.,AH,Health Care,undefined,NO,NO,United States,United States,53
A. H. Belo Corp. Series A,AHC,Consumer Services,Publishing,NO,NO,United States,United States,AHC
Aspen Insurance Holdings Ltd.,AHL,Financials,Reinsurance,NO,NO,United States,United States,AHL
AMN Healthcare Services Inc.,AHS,Industrials,Business Training and Employment Agencies,NO,NO,United States,United States,AHS
Ashford Hospitality Trust Inc.,AHT,Financials,Hotel and Lodging Real Estate Investment Trusts,NO,NO,United States,United States,AHT
Arlington Asset Investment Corp. Cl A,AI,Financials,Mortgage Real Estate Investment Trusts,NO,NO,United States,United States,AI
American International Group Inc.,AIG,Financials,Full Line Insurance,YES,NO,United States,United States,AIG
Albany International Corp. Cl A,AIN,Industrials,Industrial Machinery,NO,NO,United States,United States,AIN
Alliance HealthCare Services Inc.,AIQ,Health Care,Health Care Providers,NO,NO,United States,United States,AIQ
AAR Corp.,AIR,Industrials,Aerospace,NO,NO,United States,United States,AIR
Applied Industrial Technologies Inc.,AIT,Industrials,Industrial Suppliers,NO,NO,United States,United States,AIT
Apartment Investment & Management Co.,AIV,Financials,Residential Real Estate Investment Trusts,YES,NO,United States,United States,AIV
Assurant Inc.,AIZ,Financials,Life Insurance,YES,NO,United States,United States,AIZ
Arthur J. Gallagher & Co.,AJG,Financials,Property and Casualty Insurance,NO,NO,United States,United States,AJG
Embotelladora Andina S.A. (Series A),AKO-A,Consumer Goods,Soft Drinks,NO,NO,Chile,Latin America,AKO-A
Embotelladora Andina S.A. (Series B),AKO-B,Consumer Goods,Soft Drinks,NO,NO,Chile,Latin America,AKO-B
Acadia Realty Trust,AKR,Financials,Retail Real Estate Investment Trusts,NO,NO,United States,United States,AKR
AK Steel Holding Corp.,AKS,Basic Materials,Iron and Steel,YES,NO,United States,United States,AKS
Air Lease Corp.,AL,Industrials,undefined,NO,NO,United States,United States,71
Albemarle Corp.,ALB,Basic Materials,Specialty Chemicals,NO,NO,United States,United States,ALB
Assisted Living Concepts Inc. Cl A,ALC,Health Care,Health Care Providers,NO,NO,United States,United States,ALC
Allete Inc.,ALE,Utilities,Conventional Electricity,NO,NO,United States,United States,ALE
Alexander & Baldwin Inc.,ALEX,Industrials,Marine Transportation,NO,NO,United States,United States,ALEX
Alamo Group Inc.,ALG,Industrials,Commerical Vehicles and Trucks,NO,NO,United States,United States,ALG
Alon USA Energy Inc.,ALJ,Oil and Gas,Exploration and Production,NO,NO,United States,United States,ALJ
Alaska Air Group Inc.,ALK,Consumer Services,Airlines,NO,NO,United States,United States,ALK
Allstate Corp.,ALL,Financials,Property and Casualty Insurance,YES,NO,United States,United States,ALL
Alere Inc.,ALR,Health Care,undefined,NO,NO,United States,United States,80
Alcatel-Lucent,ALU,Technology,Telecommunications Equipment,NO,NO,France,Europe,ALU
Autoliv Inc.,ALV,Consumer Goods,Auto Parts,NO,NO,Sweden,Europe,ALV
Alexander's Inc.,ALX,Financials,Retail Real Estate Investment Trusts,NO,NO,United States,United States,ALX
American Greetings Corp. Cl A,AM,Consumer Services,Publishing,NO,NO,United States,United States,AM
Ambow Education Holding Ltd.,AMBO,Industrials,undefined,NO,NO,China,Asia-Pacific,85
Advanced Micro Devices Inc.,AMD,Technology,Semiconductors,YES,NO,United States,United States,AMD
Ametek Inc.,AME,Industrials,Electronic Equipment,NO,NO,United States,United States,AME
Affiliated Managers Group Inc.,AMG,Financials,Asset Managers,NO,NO,United States,United States,AMG
Ameriprise Financial Inc.,AMP,Financials,Investment Services,YES,NO,United States,United States,AMP
AMR Corp.,AMR,Consumer Services,Airlines,NO,NO,United States,United States,AMR
Ameresco Inc. Cl A,AMRC,Industrials,undefined,NO,NO,United States,United States,91
American Tower Corp. Cl A,AMT,Technology,Telecommunications Equipment,YES,NO,United States,United States,AMT
Apollo Residential Mortgage Inc.,AMTG,Financials,undefined,NO,NO,United States,United States,93
America Movil S.A.B. de C.V.,AMX,Telecommunications,Mobile Telecommunications,NO,NO,Mexico,Latin America,AMX
AutoNation Inc.,AN,Consumer Services,Specialty Retailers,YES,NO,United States,United States,AN
Abercrombie & Fitch Co.,ANF,Consumer Services,Apparel Retailers,YES,NO,United States,United States,ANF
Anworth Mortgage Asset Corp.,ANH,Financials,Mortgage Real Estate Investment Trusts,NO,NO,United States,United States,ANH
Ann Taylor Stores Corp.,ANN,Consumer Services,Apparel Retailers,NO,NO,United States,United States,ANN
Alpha Natural Resources Inc.,ANR,Basic Materials,Coal,NO,NO,United States,United States,ANR
Aegean Marine Petroleum Network Inc.,ANW,Industrials,Marine Transportation,NO,NO,Greece,Europe,ANW
American Oriental Bioengineering Inc.,AOB,Consumer Goods,Food Products,NO,NO,China,Asia-Pacific,AOB
Alliance One International Inc.,AOI,Consumer Goods,Tobacco,NO,NO,United States,United States,AOI
AOL Inc.,AOL,Technology,Technology,NO,NO,United States,United States,AOL
AON Corp.,AON,Financials,Insurance,NO,NO,United States,United States,AON
A.O. Smith Corp.,AOS,Industrials,Building Materials and Fixtures,NO,NO,United States,United States,AOS
Ampco-Pittsburgh Corp.,AP,Basic Materials,Iron and Steel,NO,NO,United States,United States,AP
Apache Corp.,APA,Oil and Gas,Exploration and Production,YES,NO,United States,United States,APA
Anadarko Petroleum Corp.,APC,Oil and Gas,Exploration and Production,YES,NO,United States,United States,APC
Air Products & Chemicals Inc.,APD,Basic Materials,Commodity Chemicals,YES,NO,United States,United States,APD
Amphenol Corp. Cl A,APH,Industrials,Electrical Components and Equipment,YES,NO,United States,United States,APH
Arbitron Inc.,ARB,Consumer Services,Media Agencies,NO,NO,United States,United States,ARB
American Reprographics Co.,ARC,Industrials,undefined,NO,NO,United States,United States,112
Arcos Dorados Holdings Inc. Cl A,ARCO,Consumer Services,undefined,NO,NO,United States,United States,113
Alexandria Real Estate Equities Inc.,ARE,Financials,Industrial and Office Real Estate Investment Trusts,NO,NO,United States,United States,ARE
Airgas Inc.,ARG,Basic Materials,Commodity Chemicals,YES,NO,United States,United States,ARG
Apollo Commercial Real Estate Finance Inc.,ARI,Financials,Mortgage Real Estate Investment Trusts,NO,NO,United States,United States,ARI
American Realty Investors Inc.,ARL,Financials,Real Estate Holding and Development,NO,NO,United States,United States,ARL
Aeropostale Inc.,ARO,Consumer Services,Apparel Retailers,NO,NO,United States,United States,ARO
Armour Residential REIT Inc.,ARR,Financials,undefined,NO,NO,United States,United States,119
Artio Global Investors Inc. Cl A,ART,Financials,Asset Managers,NO,NO,United States,United States,ART
Arrow Electronics Inc.,ARW,Industrials,Electrical Components and Equipment,NO,NO,United States,United States,ARW
Aeroflex Holding Corp.,ARX,Industrials,undefined,NO,NO,United States,United States,122
Ashland Inc.,ASH,Basic Materials,Specialty Chemicals,NO,NO,United States,United States,ASH
American Safety Insurance Holdings Ltd.,ASI,Financials,Property and Casualty Insurance,NO,NO,United States,United States,ASI
Grupo Aeroportuario del Sureste S.A.B. de C.V,ASR,Industrials,Transportation Services,NO,NO,Mexico,Latin America,ASR
Advanced Semiconductor Engineering Inc.,ASX,Technology,Semiconductors,NO,NO,Taiwan,Asia-Pacific,ASX
Atlantic Power Corp.,AT,Utilities,Electric Utilities,NO,NO,Canada,Canada,127
Advantest Corp.,ATE,Technology,Semiconductors,NO,NO,Japan,Asia-Pacific,ATE
Allegheny Technologies Inc.,ATI,Basic Materials,Iron and Steel,YES,NO,United States,United States,ATI
Alliant Techsystems Inc.,ATK,Industrials,Defense,NO,NO,United States,United States,ATK
Atmos Energy Corp.,ATO,Utilities,Gas Distribution,NO,NO,United States,United States,ATO
Aptargroup Inc.,ATR,Industrials,Containers and Packaging,NO,NO,United States,United States,ATR
Actuant Corp. Cl A,ATU,Industrials,Diversified Industrials,NO,NO,United States,United States,ATU
Acorn International Inc.,ATV,Consumer Services,Broadline Retailers,NO,NO,China,Asia-Pacific,ATV
Atwood Oceanics Inc.,ATW,Oil and Gas,Oil Equipment and Services,NO,NO,United States,United States,ATW
AngloGold Ashanti Ltd.,AU,Basic Materials,Gold Mining,NO,NO,South Africa,MidEast-Africa,AU
AU Optronics Corp.,AUO,Technology,Computer Hardware,NO,NO,Taiwan,Asia-Pacific,AUO
AuRico Gold Inc.,AUQ,Basic Materials,undefined,NO,NO,Canada,Canada,138
Yamana Gold Inc.,AUY,Basic Materials,Gold Mining,NO,NO,Canada,Canada,AUY
Aviva PLC (ADS),AV,Financials,Life Insurance,NO,NO,United Kingdom,Europe,AV
Avista Corp.,AVA,Utilities,Multiutilities,NO,NO,United States,United States,AVA
Avalonbay Communities Inc.,AVB,Financials,Residential Real Estate Investment Trusts,YES,NO,United States,United States,AVB
American Vanguard Corp.,AVD,Basic Materials,Specialty Chemicals,NO,NO,United States,United States,AVD
Avon Products Inc.,AVP,Consumer Goods,Personal Products,YES,NO,United States,United States,AVP
Avnet Inc.,AVT,Industrials,Electrical Components and Equipment,NO,NO,United States,United States,AVT
AVX Corp.,AVX,Industrials,Electrical Components and Equipment,NO,NO,United States,United States,AVX
Avery Dennison Corp.,AVY,Basic Materials,Specialty Chemicals,YES,NO,United States,United States,AVY
Alumina Ltd.,AWC,Basic Materials,Aluminum,NO,NO,Australia,Asia-Pacific,AWC
Allied World Assurance Co. Holdings Ltd.,AWH,Financials,Property and Casualty Insurance,NO,NO,United States,United States,AWH
Armstrong World Industries Inc.,AWI,Industrials,Building Materials and Fixtures,NO,NO,United States,United States,AWI
American Water Works Co.,AWK,Utilities,Water,NO,NO,United States,United States,AWK
American States Water Co.,AWR,Utilities,Water,NO,NO,United States,United States,AWR
Anixter International Inc.,AXE,Industrials,Electrical Components and Equipment,NO,NO,United States,United States,AXE
American Axle & Manufacturing Holdings Inc.,AXL,Consumer Goods,Auto Parts,NO,NO,United States,United States,AXL
American Express Co.,AXP,Financials,Consumer Finance,YES,YES,United States,United States,AXP
Amrep Corp.,AXR,Industrials,Business Support Services,NO,NO,United States,United States,AXR
Axis Capital Holdings Ltd.,AXS,Financials,Property and Casualty Insurance,NO,NO,United States,United States,AXS
Acuity Brands Inc.,AYI,Industrials,Building Materials and Fixtures,NO,NO,United States,United States,AYI
Aircastle Ltd.,AYR,Industrials,Transportation Services,NO,NO,United States,United States,AYR
AstraZeneca PLC,AZN,Health Care,Pharmaceuticals,NO,NO,United Kingdom,Europe,AZN
AutoZone Inc.,AZO,Consumer Services,Specialty Retailers,YES,NO,United States,United States,AZO
AZZ Inc.,AZZ,Industrials,Electrical Components and Equipment,NO,NO,United States,United States,AZZ
Barnes Group Inc.,B,Industrials,Industrial Suppliers,NO,NO,United States,United States,B
Boeing Co.,BA,Industrials,Aerospace,YES,YES,United States,United States,BA
Bank of America Corp.,BAC,Financials,Banks,YES,YES,United States,United States,BAC
Booz Allen & Hamilton Inc.,BAH,Industrials,undefined,NO,NO,United States,United States,166
Baltic Trading Ltd.,BALT,Industrials,undefined,NO,NO,United States,United States,167
Brookfield Asset Management Inc. Cl A,BAM,Financials,Real Estate Holding and Development,NO,NO,Canada,Canada,BAM
Credicorp Ltd.,BAP,Financials,Banks,NO,NO,Peru,Latin America,BAP
Basic Energy Services Inc.,BAS,Oil and Gas,Oil Equipment and Services,NO,NO,United States,United States,BAS
Baxter International Inc.,BAX,Health Care,Medical Supplies,YES,NO,United States,United States,BAX
Bill Barrett Corp.,BBG,Oil and Gas,Exploration and Production,NO,NO,United States,United States,BBG
BHP Billiton PLC,BBL,Basic Materials,General Mining,NO,NO,United Kingdom,Europe,BBL
BB&T Corp.,BBT,Financials,Banks,YES,NO,United States,United States,BBT
Banco Bilbao Vizcaya Argentaria S.A.,BBVA,Financials,Banks,NO,NO,Spain,Europe,BBVA
Build-A-Bear Workshop Inc.,BBW,Consumer Services,Specialty Retailers,NO,NO,United States,United States,BBW
BankAtlantic Bancorp Inc. Cl A,BBX,Financials,Banks,NO,NO,United States,United States,BBX
Best Buy Co. Inc.,BBY,Consumer Services,Specialty Retailers,YES,NO,United States,United States,BBY
Brunswick Corp.,BC,Consumer Goods,Recreational Products,NO,NO,United States,United States,BC
CorpBanca S.A.,BCA,Financials,Banks,NO,NO,Chile,Latin America,BCA
BCE Inc.,BCE,Telecommunications,Fixed Line Telecommunications,NO,NO,Canada,Canada,BCE
Bonanza Creek Energy Inc.,BCEI,Oil and Gas,undefined,NO,NO,United States,United States,182
Banco de Chile,BCH,Financials,Banks,NO,NO,Chile,Latin America,BCH
Brink's Co.,BCO,Industrials,Business Support Services,NO,NO,United States,United States,BCO
C.R. Bard Inc.,BCR,Health Care,Medical Supplies,NO,NO,United States,United States,BCR
Barclays PLC,BCS,Financials,Banks,NO,NO,United Kingdom,Europe,BCS
Belden Inc.,BDC,Industrials,Electrical Components and Equipment,NO,NO,United States,United States,BDC
Brandywine Realty Trust,BDN,Financials,Industrial and Office Real Estate Investment Trusts,NO,NO,United States,United States,BDN
Becton Dickinson & Co.,BDX,Health Care,Medical Supplies,NO,NO,United States,United States,BDX
Beam Inc.,BEAM,Consumer Goods,undefined,NO,NO,United States,United States,190
Strategic Hotels & Resorts Inc.,BEE,Financials,Hotel and Lodging Real Estate Investment Trusts,NO,NO,United States,United States,BEE
Franklin Resources Inc.,BEN,Financials,Asset Managers,YES,NO,United States,United States,BEN
Brown-Forman Corp. Cl A,BF-A,Consumer Goods,Distillers and Vintners,NO,NO,United States,United States,BF-A
Brown-Forman Corp. Cl B,BF-B,Consumer Goods,Distillers and Vintners,NO,NO,United States,United States,BF-B
BBVA Banco Frances S.A.,BFR,Financials,Banks,NO,NO,Argentina,Latin America,BFR
Saul Centers Inc.,BFS,Financials,Retail Real Estate Investment Trusts,NO,NO,United States,United States,BFS
Bunge Ltd.,BG,Consumer Goods,Food Products,NO,NO,United States,United States,BG
General Cable Corp.,BGC,Industrials,Electrical Components and Equipment,NO,NO,United States,United States,BGC
Briggs & Stratton Corp.,BGG,Consumer Goods,Durable Household Products,NO,NO,United States,United States,BGG
B&G Foods Inc. Cl A,BGS,Consumer Goods,Food Products,NO,NO,United States,United States,BGS
Biglari Holdings Inc.,BH,Consumer Services,undefined,NO,NO,United States,United States,201
Benchmark Electronics Inc.,BHE,Industrials,Electrical Components and Equipment,NO,NO,United States,United States,BHE
Baker Hughes Inc.,BHI,Oil and Gas,Oil Equipment and Services,YES,NO,United States,United States,BHI
BHP Billiton Ltd.,BHP,Basic Materials,General Mining,NO,NO,Australia,Asia-Pacific,BHP
Sotheby's,BID,Consumer Services,Specialized Consumer Services,NO,NO,United States,United States,BID
Big Lots Inc.,BIG,Consumer Services,Broadline Retailers,YES,NO,United States,United States,BIG
IESI-BFC Ltd.,BIN,Industrials,Waste and Disposal Services,NO,NO,Canada,Canada,BIN
Bio-Rad Laboratories Inc.,BIO,Health Care,Medical Equipment,NO,NO,United States,United States,BIO
Bio-Rad Laboratories Inc. Cl B,BIO-B,Health Care,undefined,NO,NO,United States,United States,209
Bitauto Holdings Ltd.,BITA,Consumer Services,undefined,NO,NO,United States,United States,210
Bank of New York Mellon Corp.,BK,Financials,Asset Managers,YES,NO,United States,United States,BK
Brookdale Senior Living Inc.,BKD,Health Care,Health Care Providers,NO,NO,United States,United States,BKD
Buckle Inc.,BKE,Consumer Services,Apparel Retailers,NO,NO,United States,United States,BKE
Black Hills Corp.,BKH,Utilities,Conventional Electricity,NO,NO,United States,United States,BKH
Buckeye Technologies Inc.,BKI,Basic Materials,Paper,NO,NO,United States,United States,BKI
Barnes & Noble Inc.,BKS,Consumer Services,Specialty Retailers,NO,NO,United States,United States,BKS
BankUnited Inc.,BKU,Financials,undefined,NO,NO,United States,United States,217
Belo Corp. Series A,BLC,Consumer Services,Broadcasting and Entertainment,NO,NO,United States,United States,BLC
BlackRock Inc.,BLK,Financials,Asset Managers,NO,NO,United States,United States,BLK
Ball Corp.,BLL,Industrials,Containers and Packaging,YES,NO,United States,United States,BLL
Blount International Inc.,BLT,Consumer Goods,Durable Household Products,NO,NO,United States,United States,BLT
Banco Latinoamericano de Comercio Exterior S.,BLX,Financials,Banks,NO,NO,Panama,Latin America,BLX
Banco Macro S.A.,BMA,Financials,Banks,NO,NO,Argentina,Latin America,BMA
Badger Meter Inc.,BMI,Industrials,Electronic Equipment,NO,NO,United States,United States,BMI
Bank of Montreal,BMO,Financials,Banks,NO,NO,Canada,Canada,BMO
BioMed Realty Trust Inc.,BMR,Financials,Specialty Real Estate Investment Trusts,NO,NO,United States,United States,BMR
Bemis Co. Inc.,BMS,Industrials,Containers and Packaging,YES,NO,United States,United States,BMS
Bristol-Myers Squibb Co.,BMY,Health Care,Pharmaceuticals,YES,NO,United States,United States,BMY
Bank of Nova Scotia,BNS,Financials,Banks,NO,NO,Canada,Canada,BNS
Bank of Hawaii Corp.,BOH,Financials,Banks,NO,NO,United States,United States,BOH
China New Borun Corp.,BORN,Consumer Goods,undefined,NO,NO,China,Asia-Pacific,231
SeaCube Container Leasing Ltd.,BOX,Industrials,undefined,NO,NO,United States,United States,232
BP PLC,BP,Oil and Gas,Integrated Oil and Gas,NO,NO,United Kingdom,Europe,BP
Bridgepoint Education Inc.,BPI,Consumer Services,Specialized Consumer Services,NO,NO,United States,United States,BPI
Brookfield Properties Corp.,BPO,Financials,Real Estate Holding and Development,NO,NO,Canada,Canada,BPO
BPZ Resources Inc.,BPZ,Oil and Gas,Exploration and Production,NO,NO,United States,United States,BPZ
Broadridge Financial Solutions Inc.,BR,Industrials,Financial Administration,NO,NO,United States,United States,BR
Brady Corp. Cl A,BRC,Industrials,Electronic Equipment,NO,NO,United States,United States,BRC
BRE Properties Inc.,BRE,Financials,Residential Real Estate Investment Trusts,NO,NO,United States,United States,BRE
BRF-Brazil Foods S-A,BRFS,Consumer Goods,undefined,NO,NO,Brazil,Latin America,240
Berkshire Hathaway Inc. Cl A,BRK-A,Financials,Reinsurance,NO,NO,United States,United States,BRK-A
Berkshire Hathaway Inc. Cl B,BRK-B,Financials,Reinsurance,NO,NO,United States,United States,BRK-B
Brown & Brown Inc.,BRO,Financials,Property and Casualty Insurance,NO,NO,United States,United States,BRO
Brookfield Residential Properties Inc.,BRP,Consumer Goods,undefined,NO,NO,United States,United States,244
Bristow Group Inc.,BRS,Oil and Gas,Oil Equipment and Services,NO,NO,United States,United States,BRS
BRT Realty Trust,BRT,Financials,Mortgage Real Estate Investment Trusts,NO,NO,United States,United States,BRT
Berry Petroleum Co. Cl A,BRY,Oil and Gas,Exploration and Production,NO,NO,United States,United States,BRY
Blue Square-Israel Ltd.,BSI,Consumer Services,Food Retailers and Wholesalers,NO,NO,Israel,MidEast-Africa,BSI
Boston Scientific Corp.,BSX,Health Care,Medical Equipment,YES,NO,United States,United States,BSX
BT Group PLC,BT,Telecommunications,Fixed Line Telecommunications,NO,NO,United Kingdom,Europe,BT
Baytex Energy Trust Un,BTE,Oil and Gas,Exploration and Production,NO,NO,Canada,Canada,BTE
BLYTH Inc.,BTH,Consumer Goods,Nondurable Household Products,NO,NO,United States,United States,BTH
Brasil Telecom S-A,BTM-C,Telecommunications,undefined,NO,NO,Brazil,Latin America,253
Peabody Energy Corp.,BTU,Basic Materials,Coal,YES,NO,United States,United States,BTU
Anheuser-Busch Inbev,BUD,Consumer Goods,Brewers,NO,NO,Belgium,Europe,BUD
Compania de Minas Buenaventura S.A.,BVN,Basic Materials,Gold Mining,NO,NO,Peru,Latin America,BVN
BorgWarner Inc.,BWA,Consumer Goods,Auto Parts,NO,NO,United States,United States,BWA
Babcock & Wilcox Co.,BWC,Industrials,undefined,NO,NO,United States,United States,258
Brown Shoe Co. Inc.,BWS,Consumer Services,Apparel Retailers,NO,NO,United States,United States,BWS
BlueLinx Holdings Inc.,BXC,Industrials,Building Materials and Fixtures,NO,NO,United States,United States,BXC
Bluegreen Corp.,BXG,Consumer Services,Hotels,NO,NO,United States,United States,BXG
Boston Properties Inc.,BXP,Financials,Industrial and Office Real Estate Investment Trusts,YES,NO,United States,United States,BXP
BancorpSouth Inc.,BXS,Financials,Banks,NO,NO,United States,United States,BXS
Boyd Gaming Corp.,BYD,Consumer Services,Gambling,NO,NO,United States,United States,BYD
Bally Technologies Inc.,BYI,Consumer Services,Gambling,NO,NO,United States,United States,BYI
Boise Inc.,BZ,Basic Materials,Paper,NO,NO,United States,United States,BZ
Beazer Homes USA Inc.,BZH,Consumer Goods,Home Construction,NO,NO,United States,United States,BZH
Citigroup Inc.,C,Financials,Banks,YES,NO,United States,United States,C
Cabela's Inc.,CAB,Consumer Services,Specialty Retailers,NO,NO,United States,United States,CAB
CACI International Inc. Cl A,CACI,Technology,Computer Services,NO,NO,United States,United States,CACI
CAE Inc.,CAE,Industrials,Aerospace,NO,NO,Canada,Canada,CAE
ConAgra Foods Inc.,CAG,Consumer Goods,Food Products,YES,NO,United States,United States,CAG
Cardinal Health Inc.,CAH,Consumer Services,Drug Retailers,YES,NO,United States,United States,CAH
Canon Inc.,CAJ,Technology,Electronic Office Equipment,NO,NO,Japan,Asia-Pacific,CAJ
Calix Inc.,CALX,Technology,undefined,NO,NO,United States,United States,275
Cameron International Corp.,CAM,Oil and Gas,Oil Equipment and Services,YES,NO,United States,United States,CAM
CAI International Inc.,CAP,Industrials,Containers and Packaging,NO,NO,United States,United States,CAP
A.M. Castle & Co.,CAS,Industrials,Industrial Suppliers,NO,NO,United States,United States,CAS
Cascade Corp.,CASC,Industrials,Commerical Vehicles and Trucks,NO,NO,Canada,Canada,CASC
Caterpillar Inc.,CAT,Industrials,Commerical Vehicles and Trucks,YES,YES,United States,United States,CAT
Cato Corp. Cl A,CATO,Consumer Services,Apparel Retailers,NO,NO,United States,United States,CATO
Chubb Corp.,CB,Financials,Property and Casualty Insurance,YES,NO,United States,United States,CB
Cincinnati Bell Inc.,CBB,Telecommunications,Fixed Line Telecommunications,NO,NO,United States,United States,CBB
Cooper Industries PLC Cl A,CBE,Industrials,Electrical Components and Equipment,NO,NO,United States,United States,CBE
CB Richard Ellis Group Inc. Cl A,CBG,Financials,Real Estate Services,YES,NO,United States,United States,CBG
Chicago Bridge & Iron Co. N.V.,CBI,Industrials,Heavy Construction,NO,NO,Netherlands,Europe,CBI
Christopher & Banks Corp.,CBK,Consumer Services,Apparel Retailers,NO,NO,United States,United States,CBK
CBL & Associates Properties Inc.,CBL,Financials,Retail Real Estate Investment Trusts,NO,NO,United States,United States,CBL
Cambrex Corp.,CBM,Basic Materials,Specialty Chemicals,NO,NO,United States,United States,CBM
Ciber Inc.,CBR,Technology,Computer Services,NO,NO,United States,United States,CBR
CBS Corp. Cl B,CBS,Consumer Services,Broadcasting and Entertainment,YES,NO,United States,United States,CBS
CBS Corp. Cl A,CBS-A,Consumer Services,undefined,NO,NO,United States,United States,292
Cabot Corp.,CBT,Basic Materials,Specialty Chemicals,NO,NO,United States,United States,CBT
Community Bank System Inc.,CBU,Financials,Banks,NO,NO,United States,United States,CBU
CBIZ Inc,CBZ,Industrials,Financial Administration,NO,NO,United States,United States,CBZ
Calgon Carbon Corp.,CCC,Basic Materials,Specialty Chemicals,NO,NO,United States,United States,CCC
Coca-Cola Enterprises Inc.,CCE,Consumer Goods,Soft Drinks,YES,NO,United States,United States,CCE
Campus Crest Communities Inc.,CCG,Financials,undefined,NO,NO,United States,United States,298
Coca-Cola Hellenic Bottling Co. S.A.,CCH,Consumer Goods,Soft Drinks,NO,NO,Greece,Europe,CCH
Crown Castle International Corp.,CCI,Technology,Telecommunications Equipment,NO,NO,United States,United States,CCI
Cameco Corp.,CCJ,Basic Materials,Nonferrous Metals,NO,NO,Canada,Canada,CCJ
Crown Holdings Inc.,CCK,Industrials,Containers and Packaging,NO,NO,United States,United States,CCK
Carnival Corp.,CCL,Consumer Services,Recreational Services,YES,NO,United States,United States,CCL
Concord Medical Services Holdings Ltd.,CCM,Health Care,Health Care,NO,NO,China,Asia-Pacific,CCM
Clear Channel Outdoor Holdings Inc.,CCO,Consumer Services,Media Agencies,NO,NO,United States,United States,CCO
Country Style Cooking Restaurant Chain Co. Ltd.,CCSC,Consumer Services,undefined,NO,NO,China,Asia-Pacific,306
Compania Cervecerias Unidas S.A.,CCU,Consumer Goods,Brewers,NO,NO,Chile,Latin America,CCU
Coeur d'Alene Mines Corp.,CDE,Basic Materials,Gold Mining,NO,NO,United States,United States,CDE
CDI Corp.,CDI,Industrials,Business Training and Employment Agencies,NO,NO,United States,United States,CDI
Cedar Shopping Centers Inc.,CDR,Financials,Retail Real Estate Investment Trusts,NO,NO,United States,United States,CDR
Celanese Corp. Series A,CE,Basic Materials,Commodity Chemicals,NO,NO,United States,United States,CE
China Eastern Airlines Corp. Ltd.,CEA,Consumer Services,Airlines,NO,NO,China,Asia-Pacific,CEA
CEC Entertainment Inc.,CEC,Consumer Services,Restaurants and Bars,NO,NO,United States,United States,CEC
Constellation Energy Group Inc.,CEG,Utilities,Conventional Electricity,YES,NO,United States,United States,CEG
Cellcom Israel Ltd.,CEL,Telecommunications,Mobile Telecommunications,NO,NO,United States,United States,CEL
CNOOC Ltd.,CEO,Oil and Gas,Exploration and Production,NO,NO,China,Asia-Pacific,CEO
CF Industries Holdings Inc.,CF,Basic Materials,Specialty Chemicals,YES,NO,United States,United States,CF
Culp Inc.,CFI,Consumer Goods,Clothing and Accessories,NO,NO,United States,United States,CFI
CareFusion Corp.,CFN,Health Care,Medical Equipment,YES,NO,United States,United States,CFN
Cullen-Frost Bankers Inc.,CFR,Financials,Banks,NO,NO,United States,United States,CFR
Colfax Corp.,CFX,Industrials,Diversified Industrials,NO,NO,United States,United States,CFX
China Green Agriculture Inc.,CGA,Basic Materials,Chemicals,NO,NO,China,Asia-Pacific,CGA
Celadon Group Inc.,CGI,Industrials,Trucking,NO,NO,United States,United States,CGI
CGG Veritas,CGV,Oil and Gas,Oil Equipment and Services,NO,NO,France,Europe,CGV
Consolidated Graphics Inc.,CGX,Industrials,Business Support Services,NO,NO,United States,United States,CGX
China Telecom Corp. Ltd.,CHA,Telecommunications,Fixed Line Telecommunications,NO,NO,China,Asia-Pacific,CHA
China Hydroelectric Corporation,CHC,Financials,Diversified Investments,NO,NO,China,Asia-Pacific,CHC
Church & Dwight Co.,CHD,Consumer Goods,Nondurable Household Products,NO,NO,United States,United States,CHD
Chemed Corp.,CHE,Consumer Services,Specialized Consumer Services,NO,NO,United States,United States,CHE
CH Energy Group Inc. (Holding Co.),CHG,Utilities,Conventional Electricity,NO,NO,United States,United States,CHG
Choice Hotels International Inc.,CHH,Consumer Services,Hotels,NO,NO,United States,United States,CHH
Chesapeake Energy Corp.,CHK,Oil and Gas,Exploration and Production,YES,NO,United States,United States,CHK
China Mobile Ltd.,CHL,Telecommunications,Mobile Telecommunications,NO,NO,China,Asia-Pacific,CHL
Chemtura Corp.,CHMT,Basic Materials,undefined,NO,NO,United States,United States,335
Chico's Fas Inc.,CHS,Consumer Services,Apparel Retailers,NO,NO,United States,United States,CHS
Chesapeake Lodging Trust,CHSP,Financials,Real Estate,NO,NO,United States,United States,CHSP
Chunghwa Telecom Co. Ltd.,CHT,Telecommunications,undefined,NO,NO,Taiwan,Asia-Pacific,338
China Unicom (Hong Kong) Ltd.,CHU,Telecommunications,Mobile Telecommunications,NO,NO,China,Asia-Pacific,CHU
CIGNA Corp.,CI,Health Care,Health Care Providers,YES,NO,United States,United States,CI
Citizens Inc. Cl A,CIA,Financials,Life Insurance,NO,NO,United States,United States,CIA
Cobalt International Energy Inc.,CIE,Oil and Gas,Oil and Gas,NO,NO,United States,United States,CIE
Companhia Energetica de Minas Gerais-Cemig,CIG-C,Utilities,undefined,NO,NO,Brazil,Latin America,343
Chimera Investment Corp.,CIM,Financials,Mortgage Real Estate Investment Trusts,NO,NO,United States,United States,CIM
Circor International Inc.,CIR,Industrials,undefined,NO,NO,United States,United States,345
Camelot Information Systems Inc.,CIS,Technology,undefined,NO,NO,China,Asia-Pacific,346
CIT Group Inc.,CIT,Financials,Credit Services,NO,NO,United States,United States,CIT
C&J Energy Services Inc.,CJES,Oil and Gas,undefined,NO,NO,United States,United States,348
SEACOR Holding Inc.,CKH,Oil and Gas,Oil Equipment and Services,NO,NO,United States,United States,CKH
Checkpoint Systems Inc.,CKP,Industrials,Electronic Equipment,NO,NO,United States,United States,CKP
Colgate-Palmolive Co.,CL,Consumer Goods,Personal Products,YES,NO,United States,United States,CL
Core Laboratories N.V.,CLB,Oil and Gas,Oil Equipment and Services,NO,NO,United States,United States,CLB
Clarcor Inc.,CLC,Industrials,Industrial Machinery,NO,NO,United States,United States,CLC
Cloud Peak Energy Inc.,CLD,Basic Materials,Coal,NO,NO,United States,United States,CLD
Chatham Lodging Trust,CLDT,Financials,undefined,NO,NO,United States,United States,355
Cliffs Natural Resources Inc.,CLF,Basic Materials,Iron and Steel,NO,NO,United States,United States,CLF
CoreLogic Inc.,CLGX,Industrials,undefined,NO,NO,United States,United States,357
Clean Harbors Inc.,CLH,Industrials,Waste and Disposal Services,NO,NO,United States,United States,CLH
Mack-Cali Realty Corp.,CLI,Financials,Industrial and Office Real Estate Investment Trusts,NO,NO,United States,United States,CLI
Colony Financial Inc.,CLNY,Financials,Mortgage Real Estate Investment Trusts,NO,NO,United States,United States,CLNY
Colonial Properties Trust,CLP,Financials,Diversified Real Estate Investment Trusts,NO,NO,United States,United States,CLP
Continental Resources Inc.,CLR,Oil and Gas,Exploration and Production,NO,NO,United States,United States,CLR
Celestica Inc.,CLS,Industrials,Electrical Components and Equipment,NO,NO,Canada,Canada,CLS
Clearwater Paper Corp.,CLW,Basic Materials,Paper,NO,NO,United States,United States,CLW
Clorox Co.,CLX,Consumer Goods,Nondurable Household Products,YES,NO,United States,United States,CLX
Canadian Imperial Bank of Commerce,CM,Financials,Banks,NO,NO,Canada,Canada,CM
Comerica Inc.,CMA,Financials,Banks,YES,NO,United States,United States,CMA
Commercial Metals Co.,CMC,Basic Materials,Iron and Steel,NO,NO,United States,United States,CMC
Chipotle Mexican Grill Inc. Cl A,CMG,Consumer Services,Restaurants and Bars,NO,NO,United States,United States,CMG
Cummins Inc.,CMI,Industrials,Commerical Vehicles and Trucks,YES,NO,United States,United States,CMI
China Mass Media Corp.,CMM,Consumer Services,Media Agencies,NO,NO,China,Asia-Pacific,CMM
Cantel Medical Corp.,CMN,Health Care,Medical Equipment,NO,NO,United States,United States,CMN
Capstead Mortgage Corp.,CMO,Financials,Mortgage Real Estate Investment Trusts,NO,NO,United States,United States,CMO
Compass Minerals International Inc.,CMP,Basic Materials,General Mining,NO,NO,United States,United States,CMP
Costamare Inc.,CMRE,Industrials,undefined,NO,NO,United States,United States,375
CMS Energy Corp.,CMS,Utilities,Conventional Electricity,YES,NO,United States,United States,CMS
CNA Financial Corp.,CNA,Financials,Full Line Insurance,NO,NO,United States,United States,CNA
Centene Corp.,CNC,Health Care,Health Care Providers,NO,NO,United States,United States,CNC
CNH Global N.V.,CNH,Industrials,Commerical Vehicles and Trucks,NO,NO,Netherlands,Europe,CNH
Canadian National Railway Co.,CNI,Industrials,Railroads,NO,NO,Canada,Canada,CNI
Cinemark Holdings Inc.,CNK,Consumer Services,Recreational Services,NO,NO,United States,United States,CNK
Cleco Corp.,CNL,Utilities,Conventional Electricity,NO,NO,United States,United States,CNL
Conseco Inc.,CNO,Financials,Life Insurance,NO,NO,United States,United States,CNO
CenterPoint Energy Inc.,CNP,Utilities,Multiutilities,YES,NO,United States,United States,CNP
Canadian Natural Resources Ltd.,CNQ,Oil and Gas,Exploration and Production,NO,NO,Canada,Canada,CNQ
Cohen & Steers Inc.,CNS,Financials,Asset Managers,NO,NO,United States,United States,CNS
Con-way Inc.,CNW,Industrials,Trucking,NO,NO,United States,United States,CNW
Consol Energy Inc.,CNX,Basic Materials,Coal,YES,NO,United States,United States,CNX
China Cord Blood Corp.,CO,Health Care,Health Care Providers,NO,NO,United States,United States,CO
Spansion Inc. Cl A,CODE,Technology,undefined,NO,NO,United States,United States,390
Capital One Financial Corp.,COF,Financials,Consumer Finance,YES,NO,United States,United States,COF
Cabot Oil & Gas Corp.,COG,Oil and Gas,Exploration and Production,YES,NO,United States,United States,COG
Coach Inc.,COH,Consumer Goods,Clothing and Accessories,YES,NO,United States,United States,COH
Rockwell Collins Inc.,COL,Industrials,Aerospace,YES,NO,United States,United States,COL
Cooper Cos.,COO,Health Care,Medical Supplies,NO,NO,United States,United States,COO
ConocoPhillips,COP,Oil and Gas,Integrated Oil and Gas,YES,NO,United States,United States,COP
CoreSite Realty Corp.,COR,Financials,undefined,NO,NO,United States,United States,397
Cott Corp.,COT,Consumer Goods,Soft Drinks,NO,NO,Canada,Canada,COT
Covidien PLC,COV,Health Care,Medical Equipment,NO,NO,United States,United States,COV
Canadian Pacific Railway Ltd.,CP,Industrials,Railroads,NO,NO,Canada,Canada,CP
Copa Holdings S.A. Cl A,CPA,Consumer Services,Airlines,NO,NO,Panama,Latin America,CPA
Campbell Soup Co.,CPB,Consumer Goods,Food Products,YES,NO,United States,United States,CPB
Callon Petroleum Co.,CPE,Oil and Gas,Exploration and Production,NO,NO,United States,United States,CPE
Central Pacific Financial Corp.,CPF,Financials,Banks,NO,NO,United States,United States,CPF
Chesapeake Utilities Corp.,CPK,Utilities,Gas Distribution,NO,NO,United States,United States,CPK
CPFL Energia S.A.,CPL,Utilities,Conventional Electricity,NO,NO,Brazil,Latin America,CPL
Calpine Corp.,CPN,Utilities,Conventional Electricity,NO,NO,United States,United States,CPN
Corn Products International Inc.,CPO,Consumer Goods,Food Products,NO,NO,United States,United States,CPO
Camden Property Trust,CPT,Financials,Residential Real Estate Investment Trusts,NO,NO,United States,United States,CPT
Complete Production Services Inc.,CPX,Oil and Gas,Oil Equipment and Services,NO,NO,United States,United States,CPX
CPI Corp.,CPY,Consumer Services,Specialized Consumer Services,NO,NO,United States,United States,CPY
Chiquita Brands International Inc.,CQB,Consumer Goods,Food Products,NO,NO,United States,United States,CQB
Crane Co.,CR,Industrials,Industrial Machinery,NO,NO,United States,United States,CR
Crawford & Co. Cl A,CRD-A,Industrials,Business Support Services,NO,NO,United States,United States,CRD-A
Crawford & Co. Cl B,CRD-B,Industrials,Business Support Services,NO,NO,United States,United States,CRD-B
CRH PLC,CRH,Industrials,Building Materials and Fixtures,NO,NO,Ireland,Europe,CRH
Carters Inc.,CRI,Consumer Goods,Clothing and Accessories,NO,NO,United States,United States,CRI
Comstock Resources Inc.,CRK,Oil and Gas,Exploration and Production,NO,NO,United States,United States,CRK
Charles River Laboratories International Inc.,CRL,Health Care,Biotechnology,NO,NO,United States,United States,CRL
Salesforce.com Inc.,CRM,Technology,Software,YES,NO,United States,United States,CRM
Carbo Ceramics Inc.,CRR,Oil and Gas,Oil Equipment and Services,NO,NO,United States,United States,CRR
Carpenter Technology Corp.,CRS,Basic Materials,Iron and Steel,NO,NO,United States,United States,CRS
CryoLife Inc.,CRY,Health Care,Medical Equipment,NO,NO,United States,United States,CRY
Credit Suisse Group,CS,Financials,Banks,NO,NO,Switzerland,Europe,CS
Cogdell Spencer Inc.,CSA,Financials,Specialty Real Estate Investment Trusts,NO,NO,United States,United States,CSA
Computer Sciences Corp.,CSC,Technology,Computer Services,YES,NO,United States,United States,CSC
CapitalSource Inc.,CSE,Financials,Banks,NO,NO,United States,United States,CSE
Cash Store Financial Services Inc.,CSFS,Financials,undefined,NO,NO,Canada,Canada,428
Cash America International Inc.,CSH,Financials,Consumer Finance,NO,NO,United States,United States,CSH
Carlisle Cos.,CSL,Industrials,Diversified Industrials,NO,NO,United States,United States,CSL
CSS Industries Inc.,CSS,Consumer Services,Publishing,NO,NO,United States,United States,CSS
Capital Senior Living Corp.,CSU,Health Care,Health Care Providers,NO,NO,United States,United States,CSU
Carriage Services Inc.,CSV,Consumer Services,Specialized Consumer Services,NO,NO,United States,United States,CSV
CSX Corp.,CSX,Industrials,Railroads,YES,NO,United States,United States,CSX
Capital Trust Inc. Cl A,CT,Financials,Mortgage Real Estate Investment Trusts,NO,NO,United States,United States,CT
Cooper Tire & Rubber Co.,CTB,Consumer Goods,Tires,NO,NO,United States,United States,CTB
IFM Investments Ltd.,CTC,Financials,Real Estate,NO,NO,China,Asia-Pacific,CTC
CenturyTel Inc.,CTL,Telecommunications,Fixed Line Telecommunications,YES,NO,United States,United States,CTL
CTS Corp.,CTS,Industrials,Electrical Components and Equipment,NO,NO,United States,United States,CTS
Cubic Corp.,CUB,Industrials,Defense,NO,NO,United States,United States,CUB
CubeSmart,CUBE,Financials,undefined,NO,NO,United States,United States,441
Carnival PLC,CUK,Consumer Services,undefined,NO,NO,United Kingdom,United Kingdom,442
Cousins Properties Inc.,CUZ,Financials,Diversified Real Estate Investment Trusts,NO,NO,United States,United States,CUZ
Central Vermont Public Service Corp.,CV,Utilities,Conventional Electricity,NO,NO,United States,United States,CV
Covanta Holding Corp.,CVA,Utilities,Alternative Electricity,NO,NO,United States,United States,CVA
Cablevision Systems Corp.,CVC,Consumer Services,Broadcasting and Entertainment,NO,NO,United States,United States,CVC
Covance Inc.,CVD,Health Care,Health Care Providers,NO,NO,United States,United States,CVD
Cenovus Energy Inc.,CVE,Oil and Gas,Oil and Gas,NO,NO,Canada,Canada,CVE
Convergys Corp.,CVG,Industrials,Business Support Services,YES,NO,United States,United States,CVG
Coventry Health Care Inc.,CVH,Health Care,Health Care Providers,YES,NO,United States,United States,CVH
CVR Energy Inc.,CVI,Oil and Gas,Exploration and Production,NO,NO,United States,United States,CVI
Cenveo Inc.,CVO,Industrials,Business Support Services,NO,NO,United States,United States,CVO
CVS Caremark Corp.,CVS,Consumer Services,Drug Retailers,YES,NO,United States,United States,CVS
Chevron Corp.,CVX,Oil and Gas,Integrated Oil and Gas,YES,YES,United States,United States,CVX
Curtiss-Wright Corp.,CW,Industrials,Defense,NO,NO,United States,United States,CW
CommonWealth REIT,CWH,Financials,undefined,NO,NO,United States,United States,456
California Water Service Group,CWT,Utilities,Water,NO,NO,United States,United States,CWT
Cemex S.A.B. de C.V.,CX,Industrials,Building Materials and Fixtures,NO,NO,Mexico,Latin America,CX
Concho Resources Inc.,CXO,Oil and Gas,Exploration and Production,NO,NO,United States,United States,CXO
Crexus Investment Corp.,CXS,Financials,Mortgage Real Estate Investment Trusts,NO,NO,United States,United States,CXS
Corrections Corp. of America,CXW,Industrials,Business Support Services,NO,NO,United States,United States,CXW
China Yuchai International Ltd.,CYD,Industrials,Commerical Vehicles and Trucks,NO,NO,China,Asia-Pacific,CYD
Community Health Systems Inc.,CYH,Health Care,Health Care Providers,NO,NO,United States,United States,CYH
City National Corp.,CYN,Financials,Banks,NO,NO,United States,United States,CYN
Cypress Sharpridge Investments Inc.,CYS,Financials,Mortgage Real Estate Investment Trusts,NO,NO,United States,United States,CYS
Cytec Industries Inc.,CYT,Basic Materials,Specialty Chemicals,NO,NO,United States,United States,CYT
Cosan  Cl A,CZZ,Consumer Goods,Food Products,NO,NO,Brazil,Latin America,CZZ
Dominion Resources Inc. (Virginia),D,Utilities,Conventional Electricity,YES,NO,United States,United States,D
Danaos Corp.,DAC,Industrials,Marine Transportation,NO,NO,Greece,Europe,DAC
Delta Air Lines Inc.,DAL,Consumer Services,Airlines,NO,NO,United States,United States,DAL
Dana Holding Corp.,DAN,Consumer Goods,Auto Parts,NO,NO,United States,United States,DAN
E-Commerce China Dangdang Inc.,DANG,Consumer Services,undefined,NO,NO,China,Asia-Pacific,472
Darling International Inc.,DAR,Consumer Goods,Food Products,NO,NO,United States,United States,DAR
Deutsche Bank AG,DB,Financials,Banks,NO,NO,Germany,Europe,DB
Diebold Inc.,DBD,Technology,Computer Hardware,NO,NO,United States,United States,DBD
Donaldson Co. Inc.,DCI,Industrials,Industrial Machinery,NO,NO,United States,United States,DCI
NTT DoCoMo Inc.,DCM,Telecommunications,Mobile Telecommunications,NO,NO,Japan,Asia-Pacific,DCM
Ducommun Inc.,DCO,Industrials,Aerospace,NO,NO,United States,United States,DCO
DCT Industrial Trust Inc.,DCT,Financials,Industrial and Office Real Estate Investment Trusts,NO,NO,United States,United States,DCT
E.I. DuPont de Nemours & Co.,DD,Basic Materials,Commodity Chemicals,NO,YES,United States,United States,DD
3D Systems Corp.,DDD,Technology,undefined,NO,NO,United States,United States,481
Dover Downs Gaming & Entertainment Inc.,DDE,Consumer Services,Gambling,NO,NO,United States,United States,DDE
Digital Domain Media Group Inc.,DDMG,Consumer Services,undefined,NO,NO,United States,United States,483
Developers Diversified Realty Corp.,DDR,Financials,Retail Real Estate Investment Trusts,NO,NO,United States,United States,DDR
Dillard's Inc.,DDS,Consumer Services,Apparel Retailers,NO,NO,United States,United States,DDS
Deere & Co.,DE,Industrials,Commerical Vehicles and Trucks,YES,NO,United States,United States,DE
Delhaize Group,DEG,Consumer Services,Food Retailers and Wholesalers,NO,NO,Belgium,Europe,DEG
Douglas Emmett Inc.,DEI,Financials,Industrial and Office Real Estate Investment Trusts,NO,NO,United States,United States,DEI
Deltic Timber Corp.,DEL,Basic Materials,Forestry,NO,NO,United States,United States,DEL
Diageo PLC,DEO,Consumer Goods,Distillers and Vintners,NO,NO,United Kingdom,Europe,DEO
Dex One Corp.,DEXO,Consumer Services,Media,NO,NO,United States,United States,DEXO
Dean Foods Co.,DF,Consumer Goods,Food Products,YES,NO,United States,United States,DF
Delphi Financial Group Inc. Cl A,DFG,Financials,Life Insurance,NO,NO,United States,United States,DFG
Discover Financial Services,DFS,Financials,Consumer Finance,YES,NO,United States,United States,DFS
Dupont Fabros Technology Inc.,DFT,Financials,Industrial and Office Real Estate Investment Trusts,NO,NO,United States,United States,DFT
Dollar General Corp.,DG,Consumer Services,Broadline Retailers,NO,NO,United States,United States,DG
DigitalGlobe Inc.,DGI,Industrials,Business Support Services,NO,NO,United States,United States,DGI
Duoyuan Global Water Inc.,DGW,Industrials,Industrial Machinery,NO,NO,China,Asia-Pacific,DGW
Quest Diagnostics Inc.,DGX,Health Care,Health Care Providers,YES,NO,United States,United States,DGX
D.R. Horton Inc.,DHI,Consumer Goods,Home Construction,NO,NO,United States,United States,DHI
Danaher Corp.,DHR,Industrials,Electronic Equipment,YES,NO,United States,United States,DHR
DHT Maritime Inc.,DHT,Industrials,Marine Transportation,NO,NO,United States,United States,DHT
Dice Holdings Inc.,DHX,Industrials,Business Training and Employment Agencies,NO,NO,United States,United States,DHX
DineEquity Inc.,DIN,Consumer Services,Restaurants and Bars,NO,NO,United States,United States,DIN
Walt Disney Co.,DIS,Consumer Services,Broadcasting and Entertainment,YES,YES,United States,United States,DIS
Delek US Holdings Inc.,DK,Oil and Gas,Exploration and Production,NO,NO,United States,United States,DK
Dick's Sporting Goods Inc.,DKS,Consumer Services,Specialty Retailers,NO,NO,United States,United States,DKS
China Distance Education Holdings Ltd.,DL,Consumer Services,Specialized Consumer Services,NO,NO,China,Asia-Pacific,DL
Dolby Laboratories Inc. Cl A,DLB,Consumer Services,Broadcasting and Entertainment,NO,NO,United States,United States,DLB
Delphi Automotive PLC,DLPH,Consumer Goods,undefined,NO,NO,United States,United States,510
Digital Realty Trust Inc.,DLR,Financials,Industrial and Office Real Estate Investment Trusts,NO,NO,United States,United States,DLR
Deluxe Corp.,DLX,Industrials,Financial Administration,NO,NO,United States,United States,DLX
Dolan Media Co.,DM,Consumer Services,Publishing,NO,NO,United States,United States,DM
Demand Media Inc.,DMD,Consumer Services,undefined,NO,NO,United States,United States,514
Dun & Bradstreet Corp.,DNB,Consumer Services,Publishing,YES,NO,United States,United States,DNB
Denbury Resources Inc.,DNR,Oil and Gas,Exploration and Production,YES,NO,United States,United States,DNR
Diamond Offshore Drilling Inc.,DO,Oil and Gas,Oil Equipment and Services,YES,NO,United States,United States,DO
Dole Food Co. Inc.,DOLE,Consumer Goods,Food Products,NO,NO,United States,United States,DOLE
Dover Corp.,DOV,Industrials,Industrial Machinery,YES,NO,United States,United States,DOV
Dow Chemical Co.,DOW,Basic Materials,Commodity Chemicals,YES,NO,United States,United States,DOW
Amdocs Ltd.,DOX,Technology,Software,NO,NO,United States,United States,DOX
Dr Pepper Snapple Group Inc.,DPS,Consumer Goods,Soft Drinks,YES,NO,United States,United States,DPS
Domino's Pizza Inc.,DPZ,Consumer Services,Restaurants and Bars,NO,NO,United States,United States,DPZ
Daqo New Energy Corp.,DQ,Basic Materials,undefined,NO,NO,China,Asia-Pacific,524
Dresser-Rand Group Inc.,DRC,Oil and Gas,Oil Equipment and Services,NO,NO,United States,United States,DRC
Duke Realty Corp.,DRE,Financials,Industrial and Office Real Estate Investment Trusts,NO,NO,United States,United States,DRE
Diamondrock Hospitality Co.,DRH,Financials,Hotel and Lodging Real Estate Investment Trusts,NO,NO,United States,United States,DRH
Darden Restaurants Inc.,DRI,Consumer Services,Restaurants and Bars,YES,NO,United States,United States,DRI
Doral Financial Corp.,DRL,Financials,Banks,NO,NO,United States,United States,DRL
Dril-Quip Inc.,DRQ,Oil and Gas,Oil Equipment and Services,NO,NO,United States,United States,DRQ
DST Systems Inc.,DST,Technology,Computer Services,NO,NO,United States,United States,DST
DSW Inc. Cl A,DSW,Consumer Services,Apparel Retailers,NO,NO,United States,United States,DSW
Diana Shipping Inc.,DSX,Industrials,Marine Transportation,NO,NO,United States,United States,DSX
DTE Energy Co.,DTE,Utilities,Conventional Electricity,YES,NO,United States,United States,DTE
Dollar Thrifty Automotive Group Inc.,DTG,Consumer Services,Travel and Tourism,NO,NO,United States,United States,DTG
Duff & Phelps Corp. Cl A,DUF,Financials,Investment Services,NO,NO,United States,United States,DUF
Duke Energy Corp.,DUK,Utilities,Multiutilities,YES,NO,United States,United States,DUK
DeVry Inc.,DV,Consumer Services,Specialized Consumer Services,YES,NO,United States,United States,DV
DaVita Inc.,DVA,Health Care,Health Care Providers,YES,NO,United States,United States,DVA
Dover Motorsports Inc.,DVD,Consumer Services,Recreational Services,NO,NO,United States,United States,DVD
Devon Energy Corp.,DVN,Oil and Gas,Exploration and Production,YES,NO,United States,United States,DVN
Cal Dive International Inc.,DVR,Oil and Gas,Oil Equipment and Services,NO,NO,United States,United States,DVR
Drew Industries Inc.,DW,Consumer Goods,Recreational Products,NO,NO,United States,United States,DW
Dynex Capital Inc.,DX,Financials,Mortgage Real Estate Investment Trusts,NO,NO,United States,United States,DX
Dycom Industries Inc.,DY,Technology,Telecommunications Equipment,NO,NO,United States,United States,DY
Dynegy Inc. Cl A,DYN,Utilities,Conventional Electricity,YES,NO,United States,United States,DYN
ENI S.p.A.,E,Oil and Gas,Integrated Oil and Gas,NO,NO,Italy,Europe,E
Brinker International Inc.,EAT,Consumer Services,Restaurants and Bars,NO,NO,United States,United States,EAT
Ennis Inc.,EBF,Industrials,Business Support Services,NO,NO,United States,United States,EBF
Centrais Eletricas Brasileiras S-A,EBR,Utilities,Alternative Electricity,NO,NO,Brazil,Latin America,EBR
Emergent Biosolutions Inc.,EBS,Health Care,Biotechnology,NO,NO,United States,United States,EBS
Ecopetrol S.A.,EC,Oil and Gas,Integrated Oil and Gas,NO,NO,Columbia,Latin America,EC
EnCana Corp.,ECA,Oil and Gas,Exploration and Production,NO,NO,Canada,Canada,ECA
Ecolab Inc.,ECL,Basic Materials,Specialty Chemicals,YES,NO,United States,United States,ECL
Consolidated Edison Inc.,ED,Utilities,Conventional Electricity,YES,NO,United States,United States,ED
Empire District Electric Co.,EDE,Utilities,Conventional Electricity,NO,NO,United States,United States,EDE
Empresa Distribuidora y Comercializadora Nort,EDN,Utilities,Conventional Electricity,NO,NO,Argentina,Latin America,EDN
Education Realty Trust Inc.,EDR,Financials,Residential Real Estate Investment Trusts,NO,NO,United States,United States,EDR
New Oriental Education & Technology Group Inc,EDU,Consumer Services,Specialized Consumer Services,NO,NO,China,Asia-Pacific,EDU
El Paso Electric Co.,EE,Utilities,Conventional Electricity,NO,NO,United States,United States,EE
Equifax Inc.,EFX,Financials,Specialty Finance,YES,NO,United States,United States,EFX
Energen Corp.,EGN,Oil and Gas,Exploration and Production,NO,NO,United States,United States,EGN
Eldorado Gold Corp.,EGO,Basic Materials,Gold Mining,NO,NO,Canada,Canada,EGO
EastGroup Properties Inc.,EGP,Financials,Industrial and Office Real Estate Investment Trusts,NO,NO,United States,United States,EGP
Vaalco Energy Inc.,EGY,Oil and Gas,Exploration and Production,NO,NO,United States,United States,EGY
Employers Holdings Inc.,EIG,Financials,Life Insurance,NO,NO,United States,United States,EIG
Edison International,EIX,Utilities,Conventional Electricity,YES,NO,United States,United States,EIX
E-House (China) Holdings Ltd.,EJ,Financials,Real Estate Services,NO,NO,China,Asia-Pacific,EJ
Eastman Kodak Co.,EK,Consumer Goods,Recreational Products,YES,NO,United States,United States,EK
Estee Lauder Cos. Inc.,EL,Consumer Goods,Personal Products,YES,NO,United States,United States,EL
Elan Corp. PLC,ELN,Health Care,Pharmaceuticals,NO,NO,Ireland,Europe,ELN
Equity Lifestyle Properties Inc.,ELS,Financials,Residential Real Estate Investment Trusts,NO,NO,United States,United States,ELS
Elster Group SE,ELT,Industrials,undefined,NO,NO,Germany,Europe,573
Emulex Corp.,ELX,Technology,Telecommunications Equipment,NO,NO,United States,United States,ELX
Callaway Golf Co.,ELY,Consumer Goods,Recreational Products,NO,NO,United States,United States,ELY
EMC Corp.,EMC,Technology,Computer Hardware,YES,NO,United States,United States,EMC
EMCOR Group Inc.,EME,Industrials,Heavy Construction,NO,NO,United States,United States,EME
Eastman Chemical Co.,EMN,Basic Materials,Commodity Chemicals,YES,NO,United States,United States,EMN
Emerson Electric Co.,EMR,Industrials,Electronic Equipment,YES,NO,United States,United States,EMR
Enbridge Inc.,ENB,Oil and Gas,Pipelines,NO,NO,Canada,Canada,ENB
Endeavour International Corp.,END,Oil and Gas,undefined,NO,NO,United States,United States,581
Endurance Specialty Holdings Ltd.,ENH,Financials,Reinsurance,NO,NO,United States,United States,ENH
Enersis S.A.,ENI,Utilities,Conventional Electricity,NO,NO,Chile,Latin America,ENI
Reed Elsevier N.V.,ENL,Consumer Services,Publishing,NO,NO,Netherlands,Europe,ENL
Energizer Holdings Inc.,ENR,Consumer Goods,Nondurable Household Products,NO,NO,United States,United States,ENR
EnerSys Inc.,ENS,Industrials,Electrical Components and Equipment,NO,NO,United States,United States,ENS
Envestnet Inc.,ENV,Technology,undefined,NO,NO,United States,United States,587
Enzo Biochem Inc.,ENZ,Health Care,Biotechnology,NO,NO,United States,United States,ENZ
Empresa Nacional de Electricidad S.A.,EOC,Utilities,Alternative Electricity,NO,NO,Chile,Latin America,EOC
EOG Resources Inc.,EOG,Oil and Gas,Exploration and Production,YES,NO,United States,United States,EOG
El Paso Corp.,EP,Oil and Gas,Pipelines,YES,NO,United States,United States,EP
Energy Partners Ltd.,EPL,Oil and Gas,Exploration and Production,NO,NO,United States,United States,EPL
Entertainment Properties Trust,EPR,Financials,Diversified Real Estate Investment Trusts,NO,NO,United States,United States,EPR
Equity Residential,EQR,Financials,Residential Real Estate Investment Trusts,YES,NO,United States,United States,EQR
EQT Corp.,EQT,Utilities,Gas Distribution,YES,NO,United States,United States,EQT
Equal Energy Ltd.,EQU,Oil and Gas,undefined,NO,NO,Canada,Canada,596
Equity One Inc.,EQY,Financials,Retail Real Estate Investment Trusts,NO,NO,United States,United States,EQY
Embraer S-A,ERJ,Industrials,undefined,NO,NO,Brazil,Latin America,598
EnergySolutions Inc.,ES,Industrials,Waste and Disposal Services,NO,NO,United States,United States,ES
Emeritus Corp.,ESC,Health Care,Health Care Providers,NO,NO,United States,United States,ESC
ESCO Technologies Inc.,ESE,Industrials,Electronic Equipment,NO,NO,United States,United States,ESE
ITT Educational Services Inc.,ESI,Consumer Services,Specialized Consumer Services,NO,NO,United States,United States,ESI
Esterline Technologies Corp.,ESL,Industrials,Aerospace,NO,NO,United States,United States,ESL
Essex Property Trust Inc.,ESS,Financials,Residential Real Estate Investment Trusts,NO,NO,United States,United States,ESS
ENSCO International Inc.,ESV,Oil and Gas,Oil Equipment and Services,YES,NO,United States,United States,ESV
Ethan Allen Interiors Inc.,ETH,Consumer Goods,Furnishings,NO,NO,United States,United States,ETH
Entercom Communications Corp. Cl A,ETM,Consumer Services,Broadcasting and Entertainment,NO,NO,United States,United States,ETM
Eaton Corp.,ETN,Industrials,Diversified Industrials,YES,NO,United States,United States,ETN
Entergy Corp.,ETR,Utilities,Conventional Electricity,YES,NO,United States,United States,ETR
Eaton Vance Corp.,EV,Financials,Asset Managers,NO,NO,United States,United States,EV
Entravision Communications Corp.,EVC,Consumer Services,Broadcasting and Entertainment,NO,NO,United States,United States,EVC
Evercore Partners Inc. Cl A,EVR,Financials,Asset Managers,NO,NO,United States,United States,EVR
Edwards Lifesciences Corp.,EW,Health Care,Medical Supplies,NO,NO,United States,United States,EW
ExamWorks Group Inc.,EXAM,Industrials,undefined,NO,NO,United States,United States,614
Corporate Executive Board Co.,EXBD,Industrials,undefined,NO,NO,United States,United States,615
Exelon Corp.,EXC,Utilities,Conventional Electricity,YES,NO,United States,United States,EXC
Exterran Holdings Inc.,EXH,Oil and Gas,Oil Equipment and Services,NO,NO,United States,United States,EXH
Endeavour Silver Corp.,EXK,Basic Materials,undefined,NO,NO,Canada,Canada,618
Excel Trust Inc.,EXL,Financials,undefined,NO,NO,United States,United States,619
Excel Maritime Carriers Ltd.,EXM,Industrials,Marine Transportation,NO,NO,United States,United States,EXM
Eagle Materials Inc.,EXP,Industrials,Building Materials and Fixtures,NO,NO,United States,United States,EXP
Express Inc.,EXPR,Consumer Services,undefined,NO,NO,United States,United States,622
Extra Space Storage Inc.,EXR,Financials,Specialty Real Estate Investment Trusts,NO,NO,United States,United States,EXR
Ford Motor Co.,F,Consumer Goods,Automobiles,YES,NO,United States,United States,F
First Acceptance Corp.,FAC,Financials,Property and Casualty Insurance,NO,NO,United States,United States,FAC
First American Corp.,FAF,Financials,Property and Casualty Insurance,NO,NO,United States,United States,FAF
Flagstar Bancorp Inc.,FBC,Financials,Banks,NO,NO,United States,United States,FBC
Fortune Brands Home & Security Inc.,FBHS,Industrials,undefined,NO,NO,United States,United States,628
Furniture Brands International Inc.,FBN,Consumer Goods,Furnishings,NO,NO,United States,United States,FBN
First BanCorp (Puerto Rico),FBP,Financials,Banks,NO,NO,United States,United States,FBP
Fibria Celulose S.A.,FBR,Basic Materials,Paper,NO,NO,Brazil,Latin America,FBR
Franklin Covey Co.,FC,Industrials,Business Support Services,NO,NO,United States,United States,FC
Forest City Enterprises Inc. Cl A,FCE-A,Financials,Real Estate Holding and Development,NO,NO,United States,United States,FCE-A
Forest City Enterprises Inc. Cl B,FCE-B,Financials,Real Estate Holding and Development,NO,NO,United States,United States,FCE-B
First Commonwealth Financial Corp. (Pennsylva,FCF,Financials,Banks,NO,NO,United States,United States,FCF
Felcor Lodging Trust Inc.,FCH,Financials,Hotel and Lodging Real Estate Investment Trusts,NO,NO,United States,United States,FCH
FTI Consulting Inc.,FCN,Industrials,Business Support Services,NO,NO,United States,United States,FCN
Fairchild Semiconductor International Inc.,FCS,Technology,Semiconductors,NO,NO,United States,United States,FCS
Freeport-McMoRan Copper & Gold Inc.,FCX,Basic Materials,Nonferrous Metals,YES,NO,United States,United States,FCX
Family Dollar Stores Inc.,FDO,Consumer Services,Specialty Retailers,YES,NO,United States,United States,FDO
Fresh Del Monte Produce Inc.,FDP,Consumer Goods,Food Products,NO,NO,United States,United States,FDP
FactSet Research Systems Inc.,FDS,Consumer Services,Publishing,NO,NO,United States,United States,FDS
FedEx Corp.,FDX,Industrials,Delivery Services,YES,NO,United States,United States,FDX
FirstEnergy Corp.,FE,Utilities,Conventional Electricity,YES,NO,United States,United States,FE
Phoenix New Media Ltd. Cl A,FENG,Consumer Services,undefined,NO,NO,China,Asia-Pacific,645
FutureFuel Corp.,FF,Basic Materials,undefined,NO,NO,United States,United States,646
FBL Financial Group Inc.,FFG,Financials,Life Insurance,NO,NO,United States,United States,FFG
First Horizon National Corp.,FHN,Financials,Banks,YES,NO,United States,United States,FHN
Fair Isaac Corp.,FICO,Technology,Software,NO,NO,United States,United States,FICO
Federated Investors Inc.,FII,Financials,Asset Managers,YES,NO,United States,United States,FII
Fusion-io Inc.,FIO,Technology,undefined,NO,NO,United States,United States,651
Fidelity National Information Services Inc.,FIS,Industrials,Financial Administration,YES,NO,United States,United States,FIS
Comfort Systems USA Inc.,FIX,Industrials,Business Support Services,NO,NO,United States,United States,FIX
Foot Locker Inc.,FL,Consumer Services,Apparel Retailers,NO,NO,United States,United States,FL
Flowers Foods Inc.,FLO,Consumer Goods,Food Products,NO,NO,United States,United States,FLO
Fluor Corp.,FLR,Industrials,Heavy Construction,YES,NO,United States,United States,FLR
Flowserve Corp.,FLS,Industrials,Industrial Machinery,YES,NO,United States,United States,FLS
FleetCor Technologies Inc.,FLT,Industrials,undefined,NO,NO,United States,United States,658
Babcock & Brown Air Ltd.,FLY,Industrials,Transportation Services,NO,NO,Ireland,Europe,FLY
FMC Corp.,FMC,Basic Materials,Specialty Chemicals,YES,NO,United States,United States,FMC
First Marblehead Corp.,FMD,Financials,Consumer Finance,NO,NO,United States,United States,FMD
Fresenius Medical Care AG & Co. KGaA,FMS,Health Care,Health Care Providers,NO,NO,Germany,Europe,FMS
Fabrinet,FN,Industrials,undefined,NO,NO,China,Asia-Pacific,663
F.N.B. Corp.,FNB,Financials,Banks,NO,NO,United States,United States,FNB
Fidelity National Financial Inc.,FNF,Financials,Mortgage Finance,NO,NO,United States,United States,FNF
Franco-Nevada Corp.,FNV,Financials,undefined,NO,NO,Canada,Canada,666
Ferro Corp.,FOE,Basic Materials,Specialty Chemicals,NO,NO,United States,United States,FOE
Forestar Group Inc.,FOR,Financials,Real Estate Holding and Development,NO,NO,United States,United States,FOR
First Potomac Realty Trust,FPO,Financials,Industrial and Office Real Estate Investment Trusts,NO,NO,United States,United States,FPO
First Industrial Realty Trust Inc.,FR,Financials,Industrial and Office Real Estate Investment Trusts,NO,NO,United States,United States,FR
First Republic Bank,FRC,Financials,undefined,NO,NO,United States,United States,671
Fortegra Financial Corp.,FRF,Financials,undefined,NO,NO,United States,United States,672
Furmanite Corp.,FRM,Industrials,Business Support Services,NO,NO,United States,United States,FRM
Frontline Ltd.,FRO,Oil and Gas,Oil Equipment and Services,NO,NO,United States,United States,FRO
Federal Realty Investment Trust,FRT,Financials,Retail Real Estate Investment Trusts,NO,NO,United States,United States,FRT
Forest Laboratories Inc.,FRX,Health Care,Pharmaceuticals,YES,NO,United States,United States,FRX
Freescale Semiconductor Holdings I Ltd.,FSL,Technology,undefined,NO,NO,United States,United States,678
Fortuna Silver Mines Inc.,FSM,Basic Materials,undefined,NO,NO,Canada,Canada,679
Flagstone Reinsurance Holdings Ltd.,FSR,Financials,Reinsurance,NO,NO,United States,United States,FSR
Federal Signal Corp.,FSS,Industrials,Commerical Vehicles and Trucks,NO,NO,United States,United States,FSS
Forest Oil Corp.,FST,Oil and Gas,Exploration and Production,NO,NO,United States,United States,FST
France Telecom,FTE,Telecommunications,Fixed Line Telecommunications,NO,NO,France,Europe,FTE
FMC Technologies Inc.,FTI,Oil and Gas,Oil Equipment and Services,YES,NO,United States,United States,FTI
Flotek Industries Inc.,FTK,Oil and Gas,Oil Equipment and Services,NO,NO,United States,United States,FTK
H.B. Fuller Co.,FUL,Basic Materials,Specialty Chemicals,NO,NO,United States,United States,FUL
Winthrop Realty Trust,FUR,Financials,Mortgage Real Estate Investment Trusts,NO,NO,United States,United States,FUR
Five Star Quality Care Inc.,FVE,Health Care,undefined,NO,NO,United States,United States,688
FXCM Inc.,FXCM,Financials,undefined,NO,NO,United States,United States,689
Genpact Ltd.,G,Industrials,Business Support Services,NO,NO,United States,United States,G
Giant Interactive Group Inc.,GA,Consumer Goods,Toys,NO,NO,China,Asia-Pacific,GA
Nicor Inc.,GAS,Utilities,Gas Distribution,YES,NO,United States,United States,GAS
Greatbatch Inc.,GB,Industrials,Electrical Components and Equipment,NO,NO,United States,United States,GB
Grubb & Ellis Co.,GBE,Financials,Real Estate Services,NO,NO,United States,United States,GBE
GAMCO Investors Inc. Cl A,GBL,Financials,Asset Managers,NO,NO,United States,United States,GBL
Greenbrier Cos.,GBX,Industrials,Commerical Vehicles and Trucks,NO,NO,United States,United States,GBX
Global Cash Access Holdings Inc.,GCA,Industrials,Financial Administration,NO,NO,United States,United States,GCA
GAIN Capital Holdings Inc.,GCAP,Financials,undefined,NO,NO,United States,United States,698
Gannett Co. Inc.,GCI,Consumer Services,Publishing,YES,NO,United States,United States,GCI
Genesco Inc.,GCO,Consumer Services,Apparel Retailers,NO,NO,United States,United States,GCO
General Dynamics Corp.,GD,Industrials,Defense,YES,NO,United States,United States,GD
Gardner Denver Inc.,GDI,Industrials,Industrial Machinery,NO,NO,United States,United States,GDI
Green Dot Corp. Cl A,GDOT,Financials,undefined,NO,NO,United States,United States,703
Goodrich Petroleum Corp.,GDP,Oil and Gas,Exploration and Production,NO,NO,United States,United States,GDP
General Electric Co.,GE,Industrials,Diversified Industrials,YES,YES,United States,United States,GE
Greif Inc. Cl A,GEF,Industrials,Containers and Packaging,NO,NO,United States,United States,GEF
Greif Inc. Cl B,GEF-B,Industrials,Containers and Packaging,NO,NO,United States,United States,GEF-B
GenOn Energy Inc.,GEN,Utilities,undefined,NO,NO,United States,United States,708
Geo Group Inc.,GEO,Industrials,Business Support Services,NO,NO,United States,United States,GEO
Guess? Inc.,GES,Consumer Services,Apparel Retailers,NO,NO,United States,United States,GES
Gaylord Entertainment Co.,GET,Consumer Services,Hotels,NO,NO,United States,United States,GET
Gafisa S-A,GFA,Consumer Goods,Home Construction,NO,NO,United States,United States,GFA
Griffon Corp.,GFF,Industrials,Building Materials and Fixtures,NO,NO,United States,United States,GFF
Gold Fields Ltd.,GFI,Basic Materials,Gold Mining,NO,NO,South Africa,MidEast-Africa,GFI
GFI Group Inc.,GFIG,Financials,undefined,NO,NO,United States,United States,715
Goldcorp Inc.,GG,Basic Materials,Gold Mining,NO,NO,Canada,Canada,GG
Georgia Gulf Corp.,GGC,Basic Materials,Commodity Chemicals,NO,NO,United States,United States,GGC
Graco Inc.,GGG,Industrials,Industrial Machinery,NO,NO,United States,United States,GGG
General Growth Properties Inc.,GGP,Financials,undefined,NO,NO,United States,United States,719
Global Geophysical Services Inc.,GGS,Oil and Gas,undefined,NO,NO,United States,United States,720
Greenhill & Co. Inc.,GHL,Financials,Investment Services,NO,NO,United States,United States,GHL
CGI Group Inc. Cl A,GIB,Technology,Computer Services,NO,NO,Canada,Canada,GIB
Gildan Activewear Inc.,GIL,Consumer Goods,Clothing and Accessories,NO,NO,Canada,Canada,GIL
General Mills Inc.,GIS,Consumer Goods,Food Products,YES,NO,United States,United States,GIS
Gramercy Capital Corp.,GKK,Financials,Mortgage Real Estate Investment Trusts,NO,NO,United States,United States,GKK
Gulfmark Offshore Inc.,GLF,Oil and Gas,Oil Equipment and Services,NO,NO,United States,United States,GLF
Glatfelter,GLT,Basic Materials,Paper,NO,NO,United States,United States,GLT
Corning Inc.,GLW,Technology,Telecommunications Equipment,YES,NO,United States,United States,GLW
General Motors Co.,GM,Consumer Goods,undefined,NO,NO,United States,United States,729
GameStop Corp. Cl A,GME,Consumer Services,Specialty Retailers,YES,NO,United States,United States,GME
Gruma S.A.B. de C.V.,GMK,Consumer Goods,Food Products,NO,NO,Mexico,Latin America,GMK
GATX Corp.,GMT,Industrials,Commerical Vehicles and Trucks,NO,NO,United States,United States,GMT
GMX Resources Inc.,GMXR,Oil and Gas,Oil and Gas,NO,NO,United States,United States,GMXR
GNC Holdings Inc. Cl A,GNC,Consumer Services,undefined,NO,NO,United States,United States,734
Genie Energy Ltd. Cl B,GNE,Utilities,undefined,NO,NO,United States,United States,735
Genco Shipping & Trading Ltd.,GNK,Industrials,Marine Transportation,NO,NO,United States,United States,GNK
Generac Holdings Inc.,GNRC,Industrials,undefined,NO,NO,United States,United States,737
Genworth Financial Inc. Cl A,GNW,Financials,Life Insurance,YES,NO,United States,United States,GNW
Government Properties Income Trust,GOV,Financials,Specialty Real Estate Investment Trusts,NO,NO,United States,United States,GOV
Genuine Parts Co.,GPC,Consumer Goods,Auto Parts,YES,NO,United States,United States,GPC
Group 1 Automotive Inc.,GPI,Consumer Services,Specialty Retailers,NO,NO,United States,United States,GPI
Graphic Packaging Holding Co.,GPK,Industrials,Containers and Packaging,NO,NO,United States,United States,GPK
Global Payments Inc.,GPN,Industrials,Financial Administration,NO,NO,United States,United States,GPN
Gap Inc.,GPS,Consumer Services,Apparel Retailers,YES,NO,United States,United States,GPS
GP Strategies Corp.,GPX,Industrials,Business Support Services,NO,NO,United States,United States,GPX
Goodrich Corp.,GR,Industrials,Aerospace,YES,NO,United States,United States,GR
W.R. Grace & Co.,GRA,Basic Materials,Specialty Chemicals,NO,NO,United States,United States,GRA
AGRIA Corp.,GRO,Consumer Goods,Farming and Fishing,NO,NO,China,Asia-Pacific,GRO
Glimcher Realty Trust,GRT,Financials,Retail Real Estate Investment Trusts,NO,NO,United States,United States,GRT
Goldman Sachs Group Inc.,GS,Financials,Investment Services,YES,NO,United States,United States,GS
Guangshen Railway Co. Ltd.,GSH,Consumer Services,Travel and Tourism,NO,NO,China,Asia-Pacific,GSH
General Steel Holdings Inc.,GSI,Basic Materials,Iron and Steel,NO,NO,China,Asia-Pacific,GSI
GlaxoSmithKline PLC,GSK,Health Care,Pharmaceuticals,NO,NO,United Kingdom,Europe,GSK
Global Ship Lease Inc. Cl A,GSL,Industrials,Transportation Services,NO,NO,United States,United States,GSL
Goodyear Tire & Rubber Co.,GT,Consumer Goods,Tires,YES,NO,United States,United States,GT
GrafTech International Ltd.,GTI,Industrials,Electrical Components and Equipment,NO,NO,United States,United States,GTI
Gray Television Inc.,GTN,Consumer Services,Broadcasting and Entertainment,NO,NO,United States,United States,GTN
Gray Television Inc. Cl A,GTN-A,Consumer Services,Broadcasting and Entertainment,NO,NO,United States,United States,GTN-A
Triple-S Management Corp. Cl B,GTS,Health Care,Health Care Providers,NO,NO,United States,United States,GTS
Getty Realty Corp.,GTY,Financials,Retail Real Estate Investment Trusts,NO,NO,United States,United States,GTY
Gushan Environmental Energy Ltd.,GU,Oil and Gas,Alternative Fuels,NO,NO,China,Asia-Pacific,GU
Granite Construction Inc.,GVA,Industrials,Heavy Construction,NO,NO,United States,United States,GVA
Genesee & Wyoming Inc. Cl A,GWR,Industrials,Railroads,NO,NO,United States,United States,GWR
W.W. Grainger Inc.,GWW,Industrials,Industrial Suppliers,NO,NO,United States,United States,GWW
Great Plains Energy Inc.,GXP,Utilities,Conventional Electricity,NO,NO,United States,United States,GXP
GenCorp Inc.,GY,Industrials,Defense,NO,NO,United States,United States,GY
Gazit-Globe Ltd.,GZT,Financials,undefined,NO,NO,Israel,MidEast-Africa,767
Hyatt Hotels Corp.,H,Consumer Services,Hotels,NO,NO,United States,United States,H
Haemonetics Corp.,HAE,Health Care,Medical Supplies,NO,NO,United States,United States,HAE
Halliburton Co.,HAL,Oil and Gas,Oil Equipment and Services,YES,NO,United States,United States,HAL
Harman International Industries Inc.,HAR,Consumer Goods,Consumer Electronics,YES,NO,United States,United States,HAR
HSBC Holdings PLC,HBC,Financials,Banks,NO,NO,United Kingdom,Europe,HBC
Hanesbrands Inc.,HBI,Consumer Goods,Clothing and Accessories,NO,NO,United States,United States,HBI
HudBay Minerals Inc.,HBM,Basic Materials,undefined,NO,NO,Canada,Canada,774
HCA Holdings Inc.,HCA,Health Care,undefined,NO,NO,United States,United States,775
HCC Insurance Holdings Inc.,HCC,Financials,Property and Casualty Insurance,NO,NO,United States,United States,HCC
Health Care REIT Inc.,HCN,Financials,Specialty Real Estate Investment Trusts,YES,NO,United States,United States,HCN
HCP Inc.,HCP,Financials,Specialty Real Estate Investment Trusts,YES,NO,United States,United States,HCP
Home Depot Inc.,HD,Consumer Services,Home Improvement Retailers,YES,YES,United States,United States,HD
HDFC Bank Ltd.,HDB,Financials,Banks,NO,NO,India,Asia-Pacific,HDB
Hyperdynamics Corp.,HDY,Oil and Gas,undefined,NO,NO,United States,United States,781
Hawaiian Electric Industries Inc.,HE,Utilities,Conventional Electricity,NO,NO,United States,United States,HE
Heico Corp.,HEI,Industrials,Aerospace,NO,NO,United States,United States,HEI
Heico Corp. Cl A,HEI-A,Industrials,Aerospace,NO,NO,United States,United States,HEI-A
Hess Corp.,HES,Oil and Gas,Integrated Oil and Gas,YES,NO,United States,United States,HES
HFF Inc. Cl A,HF,Financials,Real Estate Services,NO,NO,United States,United States,HF
HollyFrontier Corp.,HFC,Oil and Gas,undefined,NO,NO,United States,United States,787
HHGregg Inc.,HGG,Consumer Goods,Durable Household Products,NO,NO,United States,United States,HGG
Hanger Orthopedic Group Inc.,HGR,Health Care,Health Care Providers,NO,NO,United States,United States,HGR
Howard Hughes Corp.,HHC,Financials,undefined,NO,NO,United States,United States,790
Harte-Hanks Inc.,HHS,Consumer Services,Media Agencies,NO,NO,United States,United States,HHS
Hillenbrand Inc.,HI,Consumer Services,Specialized Consumer Services,NO,NO,United States,United States,HI
Hartford Financial Services Group Inc.,HIG,Financials,Full Line Insurance,YES,NO,United States,United States,HIG
Huntington Ingalls Industries Inc.,HII,Industrials,undefined,NO,NO,United States,United States,794
Hill International Inc.,HIL,Industrials,Heavy Construction,NO,NO,United States,United States,HIL
Hitachi Ltd.,HIT,Industrials,Electronic Equipment,NO,NO,Japan,Asia-Pacific,HIT
Highwoods Properties Inc.,HIW,Financials,Industrial and Office Real Estate Investment Trusts,NO,NO,United States,United States,HIW
Hecla Mining Co.,HL,Basic Materials,Platinum and Precious Metals,NO,NO,United States,United States,HL
Herbalife Ltd.,HLF,Consumer Goods,Food Products,NO,NO,United States,United States,HLF
HealthSouth Corp.,HLS,Health Care,Health Care Providers,NO,NO,United States,United States,HLS
Helix Energy Solutions Group Inc.,HLX,Oil and Gas,Oil Equipment and Services,NO,NO,United States,United States,HLX
Health Management Associates Inc. Cl A,HMA,Health Care,Health Care Providers,NO,NO,United States,United States,HMA
Honda Motor Co. Ltd.,HMC,Consumer Goods,Automobiles,NO,NO,Japan,Asia-Pacific,HMC
Home Properties Inc.,HME,Financials,Residential Real Estate Investment Trusts,NO,NO,United States,United States,HME
Horace Mann Educators Corp.,HMN,Financials,Property and Casualty Insurance,NO,NO,United States,United States,HMN
Harmony Gold Mining Co. Ltd.,HMY,Basic Materials,Gold Mining,NO,NO,South Africa,MidEast-Africa,HMY
HNI Corp.,HNI,Consumer Goods,Furnishings,NO,NO,United States,United States,HNI
Huaneng Power International Inc.,HNP,Utilities,Conventional Electricity,NO,NO,China,Asia-Pacific,HNP
Harvest Natural Resources Inc.,HNR,Oil and Gas,Exploration and Production,NO,NO,United States,United States,HNR
Health Net Inc.,HNT,Health Care,Health Care Providers,NO,NO,United States,United States,HNT
H.J. Heinz Co.,HNZ,Consumer Goods,Food Products,NO,NO,United States,United States,HNZ
Harley-Davidson Inc.,HOG,Consumer Goods,Automobiles,YES,NO,United States,United States,HOG
Honeywell International Inc.,HON,Industrials,Diversified Industrials,YES,NO,United States,United States,HON
Hornbeck Offshore Services Inc.,HOS,Oil and Gas,Oil Equipment and Services,NO,NO,United States,United States,HOS
Starwood Hotels & Resorts Worldwide Inc.,HOT,Consumer Services,Hotels,YES,NO,United States,United States,HOT
Hovnanian Enterprises Inc. Cl A,HOV,Consumer Goods,Home Construction,NO,NO,United States,United States,HOV
Helmerich & Payne Inc.,HP,Oil and Gas,Oil Equipment and Services,NO,NO,United States,United States,HP
Hudson Pacific Properties Inc.,HPP,Financials,undefined,NO,NO,United States,United States,818
Hewlett-Packard Co.,HPQ,Technology,Computer Hardware,YES,YES,United States,United States,HPQ
Hospitality Properties Trust,HPT,Financials,Hotel and Lodging Real Estate Investment Trusts,NO,NO,United States,United States,HPT
Heartland Payment Systems Inc.,HPY,Industrials,Financial Administration,NO,NO,United States,United States,HPY
Healthcare Realty Trust Inc.,HR,Financials,Specialty Real Estate Investment Trusts,NO,NO,United States,United States,HR
H&R Block Inc.,HRB,Consumer Services,Specialized Consumer Services,YES,NO,United States,United States,HRB
Hill-Rom Holdings Inc.,HRC,Health Care,Medical Equipment,NO,NO,United States,United States,HRC
Harbinger Group Inc.,HRG,Financials,Diversified Investments,NO,NO,United States,United States,HRG
Hormel Foods Corp.,HRL,Consumer Goods,Food Products,YES,NO,United States,United States,HRL
Harris Corp.,HRS,Technology,Telecommunications Equipment,YES,NO,United States,United States,HRS
HealthSpring Inc.,HS,Health Care,Health Care Providers,NO,NO,United States,United States,HS
Harsco Corp.,HSC,Industrials,Diversified Industrials,NO,NO,United States,United States,HSC
Hospira Inc.,HSP,Health Care,Pharmaceuticals,NO,NO,United States,United States,HSP
Host Hotels & Resorts Inc.,HST,Financials,Hotel and Lodging Real Estate Investment Trusts,YES,NO,United States,United States,HST
Hershey Co.,HSY,Consumer Goods,Food Products,YES,NO,United States,United States,HSY
Hersha Hospitality Trust Cl A,HT,Financials,Hotel and Lodging Real Estate Investment Trusts,NO,NO,United States,United States,HT
Hilltop Holdings Inc.,HTH,Financials,Real Estate Holding and Development,NO,NO,United States,United States,HTH
Hatteras Financial Corp.,HTS,Financials,Mortgage Real Estate Investment Trusts,NO,NO,United States,United States,HTS
Hertz Global Hldgs Inc.,HTZ,Consumer Services,Travel and Tourism,NO,NO,United States,United States,HTZ
Hubbell Inc. Cl A,HUB-A,Industrials,Electrical Components and Equipment,NO,NO,United States,United States,HUB-A
Hubbell Inc. Cl B,HUB-B,Industrials,Electrical Components and Equipment,NO,NO,United States,United States,HUB-B
Humana Inc.,HUM,Health Care,Health Care Providers,YES,NO,United States,United States,HUM
Huntsman Corp.,HUN,Basic Materials,Commodity Chemicals,NO,NO,United States,United States,HUN
Hudson Valley Holding Corp.,HVB,Financials,undefined,NO,NO,United States,United States,841
Haverty Furniture Cos. Inc.,HVT,Consumer Services,Home Improvement Retailers,NO,NO,United States,United States,HVT
Haverty Furniture Cos. Inc. Cl A,HVT-A,Consumer Services,Home Improvement Retailers,NO,NO,United States,United States,HVT-A
Headwaters Inc.,HW,Industrials,Building Materials and Fixtures,NO,NO,United States,United States,HW
Harry Winston Diamond Corp.,HWD,Basic Materials,Diamonds and Gemstones,NO,NO,Canada,Canada,HWD
Hexcel Corp.,HXL,Industrials,Aerospace,NO,NO,United States,United States,HXL
Desarrolladora Homex S.A.B. de C.V.,HXM,Consumer Goods,Home Construction,NO,NO,Mexico,Latin America,HXM
MarineMax Inc.,HZO,Consumer Services,Specialty Retailers,NO,NO,United States,United States,HZO
IAMGOLD Corp.,IAG,Basic Materials,Gold Mining,NO,NO,Canada,Canada,IAG
Industrias Bachoco S.A.B. de C.V.,IBA,Consumer Goods,Food Products,NO,NO,Mexico,Latin America,IBA
Interline Brands Inc.,IBI,Industrials,Industrial Suppliers,NO,NO,United States,United States,IBI
International Business Machines Corp.,IBM,Technology,Computer Services,YES,YES,United States,United States,IBM
ICICI Bank Ltd.,IBN,Financials,Banks,NO,NO,India,Asia-Pacific,IBN
Empresas ICA S.A. de C.V.,ICA,Industrials,Heavy Construction,NO,NO,Mexico,Latin America,ICA
IntercontinentalExchange Inc.,ICE,Financials,Investment Services,YES,NO,United States,United States,ICE
IDACORP Inc.,IDA,Utilities,Conventional Electricity,NO,NO,United States,United States,IDA
IDT Corp. Cl B,IDT,Telecommunications,Fixed Line Telecommunications,NO,NO,United States,United States,IDT
IDEX Corp.,IEX,Industrials,Industrial Machinery,NO,NO,United States,United States,IEX
International Flavors & Fragrances Inc.,IFF,Basic Materials,Specialty Chemicals,YES,NO,United States,United States,IFF
Imperial Holdings Inc.,IFT,Financials,undefined,NO,NO,United States,United States,860
International Game Technology,IGT,Consumer Services,Gambling,YES,NO,United States,United States,IGT
Independence Holding Co.,IHC,Financials,Life Insurance,NO,NO,United States,United States,IHC
InterContinental Hotels Group PLC,IHG,Consumer Services,Hotels,NO,NO,United Kingdom,Europe,IHG
IHS Inc. Cl A,IHS,Consumer Services,Publishing,NO,NO,United States,United States,IHS
Indosat,IIT,Telecommunications,Mobile Telecommunications,NO,NO,Indonesia,Asia-Pacific,IIT
IntraLinks Holdings Inc.,IL,Technology,undefined,NO,NO,United States,United States,866
Ingram Micro Inc. Cl A,IM,Technology,Computer Hardware,NO,NO,United States,United States,IM
Imax Corp.,IMAX,Consumer Services,undefined,NO,NO,Canada,Canada,868
Imation Corp.,IMN,Technology,Computer Hardware,NO,NO,United States,United States,IMN
Imperva Inc.,IMPV,Industrials,undefined,NO,NO,United States,United States,870
Intermec Inc.,IN,Technology,Computer Hardware,NO,NO,United States,United States,IN
ING Groep N.V.,ING,Financials,Life Insurance,NO,NO,Netherlands,Europe,ING
Summit Hotel Properties Inc.,INN,Financials,undefined,NO,NO,United States,United States,873
World Fuel Services Corp.,INT,Industrials,Transportation Services,NO,NO,United States,United States,INT
InvenSense Inc.,INVN,Technology,undefined,NO,NO,United States,United States,875
InterXion Holding N.V.,INXN,Technology,undefined,NO,NO,United States,United States,876
ION Geophysical Corp.,IO,Oil and Gas,Oil Equipment and Services,NO,NO,United States,United States,IO
International Paper Co.,IP,Basic Materials,Paper,YES,NO,United States,United States,IP
Interpublic Group of Cos.,IPG,Consumer Services,Media Agencies,YES,NO,United States,United States,IPG
Inphi Corp.,IPHI,Technology,undefined,NO,NO,United States,United States,880
Intrepid Potash Inc.,IPI,Basic Materials,Nonferrous Metals,NO,NO,United States,United States,IPI
Ingersoll-Rand Co. Ltd.,IR,Industrials,Industrial Machinery,NO,NO,United States,United States,IR
Inland Real Estate Corp.,IRC,Financials,Retail Real Estate Investment Trusts,NO,NO,United States,United States,IRC
Governor & Co. of the Bank of Ireland,IRE,Financials,Banks,NO,NO,Ireland,Europe,IRE
International Rectifier Corp.,IRF,Technology,Semiconductors,NO,NO,United States,United States,IRF
Iron Mountain Inc.,IRM,Industrials,Business Support Services,YES,NO,United States,United States,IRM
IRSA-Inversiones y Representaciones S.A. GDS,IRS,Financials,Real Estate Holding and Development,NO,NO,Argentina,Latin America,IRS
International Shipholding Corp.,ISH,Industrials,Marine Transportation,NO,NO,United States,United States,ISH
iSoftStone Holdings Ltd.,ISS,Technology,undefined,NO,NO,China,Asia-Pacific,889
Gartner Inc.,IT,Technology,Computer Services,NO,NO,United States,United States,IT
ITC Holdings Corp.,ITC,Utilities,Conventional Electricity,NO,NO,United States,United States,ITC
Investment Technology Group Inc.,ITG,Financials,Investment Services,NO,NO,United States,United States,ITG
ITT Corp.,ITT,Industrials,Diversified Industrials,YES,NO,United States,United States,ITT
Illinois Tool Works Inc.,ITW,Industrials,Industrial Machinery,YES,NO,United States,United States,ITW
Invacare Corp.,IVC,Health Care,Medical Equipment,NO,NO,United States,United States,IVC
Ivanhoe Mines Ltd.,IVN,Basic Materials,Nonferrous Metals,NO,NO,Canada,Canada,IVN
Invesco Mortgage Capital Inc.,IVR,Financials,Mortgage Real Estate Investment Trusts,NO,NO,United States,United States,IVR
INVESCO Ltd.,IVZ,Financials,Asset Managers,YES,NO,United States,United States,IVZ
Orix Corp.,IX,Financials,Specialty Finance,NO,NO,Japan,Asia-Pacific,IX
Jaguar Mining Inc.,JAG,Basic Materials,Gold Mining,NO,NO,Canada,Canada,JAG
Jarden Corp.,JAH,Consumer Goods,Durable Household Products,NO,NO,United States,United States,JAH
Jabil Circuit Inc.,JBL,Industrials,Electrical Components and Equipment,YES,NO,United States,United States,JBL
John Bean Technologies Corp.,JBT,Industrials,Industrial Machinery,NO,NO,United States,United States,JBT
Johnson Controls Inc.,JCI,Consumer Goods,Auto Parts,YES,NO,United States,United States,JCI
J.C. Penney Co. Inc.,JCP,Consumer Services,Broadline Retailers,NO,NO,United States,United States,JCP
Jacobs Engineering Group Inc.,JEC,Industrials,Heavy Construction,YES,NO,United States,United States,JEC
Jefferies Group Inc.,JEF,Financials,Investment Services,NO,NO,United States,United States,JEF
JinkoSolar Holding Co. Ltd.,JKS,Oil and Gas,undefined,NO,NO,China,Asia-Pacific,908
Jones Lang LaSalle Inc.,JLL,Financials,Real Estate Services,NO,NO,United States,United States,JLL
JMP Group Corp.,JMP,Financials,Investment Services,NO,NO,United States,United States,JMP
Johnson & Johnson,JNJ,Health Care,Pharmaceuticals,YES,YES,United States,United States,JNJ
Juniper Networks Inc.,JNPR,Technology,Telecommunications Equipment,YES,NO,United States,United States,JNPR
Janus Capital Group Inc.,JNS,Financials,Asset Managers,YES,NO,United States,United States,JNS
Jones Apparel Group Inc.,JNY,Consumer Goods,Clothing and Accessories,NO,NO,United States,United States,JNY
St. Joe Co.,JOE,Financials,Real Estate Holding and Development,NO,NO,United States,United States,JOE
Joy Global Inc.,JOY,Industrials,undefined,NO,NO,United States,United States,916
JPMorgan Chase & Co.,JPM,Financials,Banks,YES,YES,United States,United States,JPM
Journal Communications Inc. Cl A,JRN,Consumer Services,Publishing,NO,NO,United States,United States,JRN
John Wiley & Sons Inc. Cl A,JW-A,Consumer Services,Publishing,NO,NO,United States,United States,JW-A
John Wiley & Sons Inc. Cl B,JW-B,Consumer Services,Publishing,NO,NO,United States,United States,JW-B
Nordstrom Inc.,JWN,Consumer Services,Apparel Retailers,YES,NO,United States,United States,JWN
Kellogg Co.,K,Consumer Goods,Food Products,YES,NO,United States,United States,K
Kadant Inc.,KAI,Industrials,Industrial Machinery,NO,NO,United States,United States,KAI
KAR Auction Services Inc.,KAR,Consumer Services,Retail,NO,NO,United States,United States,KAR
KB Financial Group Inc.,KB,Financials,Banks,NO,NO,South Korea,Asia-Pacific,KB
KB Home,KBH,Consumer Goods,Home Construction,YES,NO,United States,United States,KBH
KBR Inc.,KBR,Industrials,Heavy Construction,NO,NO,United States,United States,KBR
KBW Inc.,KBW,Financials,Investment Services,NO,NO,United States,United States,KBW
Knight Capital Group Inc. Cl A,KCG,Financials,undefined,NO,NO,United States,United States,929
Kenneth Cole Productions Inc. Cl A,KCP,Consumer Goods,Footwear,NO,NO,United States,United States,KCP
Kaydon Corp.,KDN,Industrials,Industrial Machinery,NO,NO,United States,United States,KDN
Key Energy Services Inc.,KEG,Oil and Gas,Oil Equipment and Services,NO,NO,United States,United States,KEG
Kemet Corp.,KEM,Industrials,undefined,NO,NO,United States,United States,933
Korea Electric Power Corp.,KEP,Utilities,Conventional Electricity,NO,NO,South Korea,Asia-Pacific,KEP
Kirby Corp.,KEX,Industrials,Marine Transportation,NO,NO,United States,United States,KEX
KeyCorp,KEY,Financials,Banks,YES,NO,United States,United States,KEY
Kingsway Financial Services Inc.,KFS,Financials,Property and Casualty Insurance,NO,NO,Canada,Canada,KFS
Kraft Foods Inc. Cl A,KFT,Consumer Goods,Food Products,YES,YES,United States,United States,KFT
Korn-Ferry International,KFY,Industrials,Business Training and Employment Agencies,NO,NO,United States,United States,KFY
Kinross Gold Corp.,KGC,Basic Materials,Gold Mining,NO,NO,Canada,Canada,KGC
China Kanghui Holdings,KH,Health Care,undefined,NO,NO,China,Asia-Pacific,941
Kid Brands Inc.,KID,Consumer Goods,Durable Household Products,NO,NO,United States,United States,KID
Kimco Realty Corp.,KIM,Financials,Retail Real Estate Investment Trusts,YES,NO,United States,United States,KIM
Krispy Kreme Doughnuts Inc.,KKD,Consumer Services,Restaurants and Bars,NO,NO,United States,United States,KKD
Kimberly-Clark Corp.,KMB,Consumer Goods,Personal Products,YES,NO,United States,United States,KMB
Kinder Morgan Inc.,KMI,Oil and Gas,undefined,NO,NO,United States,United States,946
Kemper Corp.,KMPR,Financials,undefined,NO,NO,United States,United States,947
Kennametal Inc.,KMT,Industrials,Industrial Machinery,NO,NO,United States,United States,KMT
CarMax Inc.,KMX,Consumer Services,Specialty Retailers,NO,NO,United States,United States,KMX
Kindred Healthcare Inc.,KND,Health Care,Health Care Providers,NO,NO,United States,United States,KND
Knoll Inc.,KNL,Consumer Goods,Furnishings,NO,NO,United States,United States,KNL
Konami Corp.,KNM,Consumer Goods,Toys,NO,NO,Japan,Asia-Pacific,KNM
Knight Transportation Inc.,KNX,Industrials,Trucking,NO,NO,United States,United States,KNX
Kenexa Corp.,KNXA,Technology,undefined,NO,NO,United States,United States,954
Coca-Cola Co.,KO,Consumer Goods,Soft Drinks,YES,YES,United States,United States,KO
Coca-Cola Femsa S.A.B. de C.V.,KOF,Consumer Goods,Soft Drinks,NO,NO,Mexico,Latin America,KOF
Kodiak Oil & Gas Corp.,KOG,Oil and Gas,undefined,NO,NO,United States,United States,957
Koppers Holdings Inc.,KOP,Basic Materials,Specialty Chemicals,NO,NO,United States,United States,KOP
Michael Kors Holdings Ltd.,KORS,Consumer Goods,undefined,NO,NO,Hong Kong,Asia-Pacific,959
Kosmos Energy Ltd.,KOS,Oil and Gas,undefined,NO,NO,United States,United States,960
Kroger Co.,KR,Consumer Services,Food Retailers and Wholesalers,YES,NO,United States,United States,KR
Kraton Performance Polymers Inc.,KRA,Basic Materials,Chemicals,NO,NO,United States,United States,KRA
Kilroy Realty Corp.,KRC,Financials,Industrial and Office Real Estate Investment Trusts,NO,NO,United States,United States,KRC
Kite Realty Group Trust,KRG,Financials,Retail Real Estate Investment Trusts,NO,NO,United States,United States,KRG
Kronos Worldwide Inc.,KRO,Basic Materials,Specialty Chemicals,NO,NO,United States,United States,KRO
KapStone Paper and Packaging Corporation,KS,Basic Materials,Paper,NO,NO,United States,United States,KS
Kohl's Corp.,KSS,Consumer Services,Apparel Retailers,YES,NO,United States,United States,KSS
Kansas City Southern,KSU,Industrials,Railroads,NO,NO,United States,United States,KSU
KT Corporation,KT,Telecommunications,Fixed Line Telecommunications,NO,NO,South Korea,Asia-Pacific,KT
Kubota Corp.,KUB,Industrials,Commerical Vehicles and Trucks,NO,NO,Japan,Asia-Pacific,KUB
K-V Pharmaceutical Co. Cl A,KV-A,Health Care,Pharmaceuticals,NO,NO,United States,United States,KV-A
K-V Pharmaceutical Co. Cl B,KV-B,Health Care,Pharmaceuticals,NO,NO,United States,United States,KV-B
Kennedy-Wilson Holdings Inc.,KW,Financials,undefined,NO,NO,United States,United States,973
Quicksilver Resources Inc.,KWK,Oil and Gas,Exploration and Production,NO,NO,United States,United States,KWK
Quaker Chemical Corp.,KWR,Basic Materials,Specialty Chemicals,NO,NO,United States,United States,KWR
Kyocera Corp.,KYO,Industrials,Electronic Equipment,NO,NO,Japan,Asia-Pacific,KYO
Loews Corp.,L,Financials,Property and Casualty Insurance,YES,NO,United States,United States,L
Lithia Motors Inc. Cl A,LAD,Consumer Services,Specialty Retailers,NO,NO,United States,United States,LAD
Lentuo International Inc.,LAS,Consumer Services,undefined,NO,NO,China,Asia-Pacific,979
Lazard Ltd.,LAZ,Financials,Investment Services,NO,NO,United States,United States,LAZ
US Airways Group Inc.,LCC,Consumer Services,Airlines,NO,NO,United States,United States,LCC
LDK Solar Co. Ltd.,LDK,Oil and Gas,Renewable Energy Equipment,NO,NO,China,Asia-Pacific,LDK
Lydall Inc.,LDL,Industrials,Industrial Machinery,NO,NO,United States,United States,LDL
Landauer Inc.,LDR,Industrials,Electronic Equipment,NO,NO,United States,United States,LDR
Lear Corp.,LEA,Consumer Goods,Auto Parts,NO,NO,United States,United States,LEA
Leggett & Platt Inc.,LEG,Consumer Goods,Furnishings,YES,NO,United States,United States,LEG
Lennar Corp. Cl A,LEN,Consumer Goods,Home Construction,YES,NO,United States,United States,LEN
Lennar Corp. Cl B,LEN-B,Consumer Goods,Home Construction,NO,NO,United States,United States,LEN-B
LeapFrog Enterprises Inc. Cl A,LF,Consumer Goods,Toys,NO,NO,United States,United States,LF
China Life Insurance Co. Ltd.,LFC,Financials,Life Insurance,NO,NO,China,Asia-Pacific,LFC
LAN Airlines S.A.,LFL,Consumer Services,Airlines,NO,NO,Chile,Latin America,LFL
Laclede Group Inc.,LG,Utilities,Gas Distribution,NO,NO,United States,United States,LG
Lions Gate Entertainment Corp.,LGF,Consumer Services,Broadcasting and Entertainment,NO,NO,Canada,Canada,LGF
Laboratory Corp. of America Holdings,LH,Health Care,Health Care Providers,YES,NO,United States,United States,LH
LaSalle Hotel Properties,LHO,Financials,Hotel and Lodging Real Estate Investment Trusts,NO,NO,United States,United States,LHO
Lennox International Inc.,LII,Industrials,Building Materials and Fixtures,NO,NO,United States,United States,LII
Liz Claiborne Inc.,LIZ,Consumer Goods,Clothing and Accessories,NO,NO,United States,United States,LIZ
Lumber Liquidators Inc.,LL,Consumer Services,Home Improvement Retailers,NO,NO,United States,United States,LL
L-3 Communications Holdings Inc.,LLL,Industrials,Defense,YES,NO,United States,United States,LLL
Eli Lilly & Co.,LLY,Health Care,Pharmaceuticals,NO,NO,United States,United States,LLY
Legg Mason Inc.,LM,Financials,Investment Services,YES,NO,United States,United States,LM
Lockheed Martin Corp.,LMT,Industrials,Defense,YES,NO,United States,United States,LMT
Lincoln National Corp.,LNC,Financials,Life Insurance,YES,NO,United States,United States,LNC
LinkedIn Corp. Cl A,LNKD,Industrials,undefined,NO,NO,United States,United States,1004
Lindsay Corp.,LNN,Industrials,Commerical Vehicles and Trucks,NO,NO,United States,United States,LNN
Alliant Energy Corp.,LNT,Utilities,Conventional Electricity,NO,NO,United States,United States,LNT
Lorillard Inc.,LO,Consumer Goods,Tobacco,YES,NO,United States,United States,LO
Lowe's Cos.,LOW,Consumer Services,Home Improvement Retailers,YES,NO,United States,United States,LOW
Laredo Petroleum Holdings Inc.,LPI,Oil and Gas,undefined,NO,NO,United States,United States,1009
LG Display Co. Ltd.,LPL,Technology,Computer Hardware,NO,NO,South Korea,Asia-Pacific,LPL
Lone Pine Resources Inc.,LPR,Oil and Gas,undefined,NO,NO,United States,United States,1011
Lender Processing Services Inc.,LPS,Industrials,Financial Administration,NO,NO,United States,United States,LPS
Louisiana-Pacific Corp.,LPX,Industrials,Building Materials and Fixtures,NO,NO,United States,United States,LPX
K12 Inc.,LRN,Consumer Services,Specialized Consumer Services,NO,NO,United States,United States,LRN
Liberty Property Trust,LRY,Financials,Industrial and Office Real Estate Investment Trusts,NO,NO,United States,United States,LRY
CapLease Inc.,LSE,Financials,Industrial and Office Real Estate Investment Trusts,NO,NO,United States,United States,LSE
LSI Corp.,LSI,Technology,Semiconductors,YES,NO,United States,United States,LSI
LTC Properties Inc.,LTC,Financials,Specialty Real Estate Investment Trusts,NO,NO,United States,United States,LTC
Limited Brands Inc.,LTD,Consumer Services,Apparel Retailers,YES,NO,United States,United States,LTD
Life Time Fitness Inc.,LTM,Consumer Services,Recreational Services,NO,NO,United States,United States,LTM
Luby's Inc.,LUB,Consumer Services,Restaurants and Bars,NO,NO,United States,United States,LUB
Leucadia National Corp.,LUK,Telecommunications,Fixed Line Telecommunications,YES,NO,United States,United States,LUK
Southwest Airlines Co.,LUV,Consumer Services,Airlines,YES,NO,United States,United States,LUV
Luxottica Group S.p.A.,LUX,Consumer Goods,Clothing and Accessories,NO,NO,Italy,Europe,LUX
Steinway Musical Instruments Inc.,LVB,Consumer Goods,Recreational Products,NO,NO,United States,United States,LVB
Level 3 Communications Inc.,LVLT,Telecommunications,undefined,NO,NO,United States,United States,1026
Las Vegas Sands Corp.,LVS,Consumer Services,Gambling,NO,NO,United States,United States,LVS
Lexmark International Inc.,LXK,Technology,Computer Hardware,YES,NO,United States,United States,LXK
Lexington Realty Trust,LXP,Financials,Diversified Real Estate Investment Trusts,NO,NO,United States,United States,LXP
LSB Industries Inc.,LXU,Basic Materials,Commodity Chemicals,NO,NO,United States,United States,LXU
LyondellBasell Industries N.V. Cl A,LYB,Basic Materials,undefined,NO,NO,United States,United States,1031
Lloyds Banking Group PLC,LYG,Financials,Banks,NO,NO,United Kingdom,Europe,LYG
Live Nation Inc.,LYV,Consumer Services,Recreational Services,NO,NO,United States,United States,LYV
La-Z-Boy Inc.,LZB,Consumer Goods,Furnishings,NO,NO,United States,United States,LZB
Macy's Inc.,M,Consumer Services,Broadline Retailers,YES,NO,United States,United States,M
MasterCard Inc. Cl A,MA,Financials,Consumer Finance,YES,NO,United States,United States,MA
Mid-America Apartment Communities Inc.,MAA,Financials,Residential Real Estate Investment Trusts,NO,NO,United States,United States,MAA
Macerich Co.,MAC,Financials,Retail Real Estate Investment Trusts,NO,NO,United States,United States,MAC
Manpower Inc.,MAN,Industrials,Business Training and Employment Agencies,NO,NO,United States,United States,MAN
Marriott International Inc. Cl A,MAR,Consumer Services,Hotels,YES,NO,United States,United States,MAR
Masco Corp.,MAS,Industrials,Building Materials and Fixtures,YES,NO,United States,United States,MAS
MBIA Inc.,MBI,Financials,Property and Casualty Insurance,YES,NO,United States,United States,MBI
Mobile Telesystems,MBT,Telecommunications,Mobile Telecommunications,NO,NO,Russia,Asia-Pacific,MBT
McDonald's Corp.,MCD,Consumer Services,Restaurants and Bars,YES,YES,United States,United States,MCD
McKesson Corp.,MCK,Consumer Services,Drug Retailers,YES,NO,United States,United States,MCK
Moody's Corp.,MCO,Financials,Specialty Finance,YES,NO,United States,United States,MCO
Molycorp Inc.,MCP,Basic Materials,undefined,NO,NO,United States,United States,1047
Marcus Corp.,MCS,Consumer Services,Hotels,NO,NO,United States,United States,MCS
Mercury General Corp.,MCY,Financials,Property and Casualty Insurance,NO,NO,United States,United States,MCY
Mednax Inc.,MD,Health Care,Health Care Providers,NO,NO,United States,United States,MD
M.D.C. Holdings Inc.,MDC,Consumer Goods,Home Construction,NO,NO,United States,United States,MDC
Metropolitan Health Networks Inc.,MDF,Health Care,undefined,NO,NO,United States,United States,1052
Meredith Corp.,MDP,Consumer Services,Publishing,YES,NO,United States,United States,MDP
McDermott International Inc.,MDR,Industrials,Heavy Construction,NO,NO,United States,United States,MDR
Midas Inc.,MDS,Consumer Services,Specialized Consumer Services,NO,NO,United States,United States,MDS
Medtronic Inc.,MDT,Health Care,Medical Equipment,YES,NO,United States,United States,MDT
MDU Resources Group Inc.,MDU,Industrials,Building Materials and Fixtures,NO,NO,United States,United States,MDU
Medifast Inc.,MED,Consumer Goods,Food Products,NO,NO,United States,United States,MED
Media General Inc. Cl A,MEG,Consumer Services,Publishing,NO,NO,United States,United States,MEG
Methode Electronics Inc.,MEI,Industrials,Electrical Components and Equipment,NO,NO,United States,United States,MEI
MetLife Inc.,MET,Financials,Life Insurance,YES,NO,United States,United States,MET
MFA Financial Inc.,MFA,Financials,Mortgage Real Estate Investment Trusts,NO,NO,United States,United States,MFA
Maidenform Brands Inc.,MFB,Consumer Goods,Clothing and Accessories,NO,NO,United States,United States,MFB
Manulife Financial Corp.,MFC,Financials,Life Insurance,NO,NO,Canada,Canada,MFC
Mizuho Financial Group Inc.,MFG,Financials,Banks,NO,NO,Japan,Asia-Pacific,MFG
Mistras Group Inc.,MG,Industrials,Business Support Services,NO,NO,United States,United States,MG
Magna International Inc. Cl A Sub Vtg,MGA,Consumer Goods,Auto Parts,NO,NO,Canada,Canada,MGA
MoneyGram International Inc.,MGI,Financials,Consumer Finance,NO,NO,United States,United States,MGI
MGM MIRAGE,MGM,Consumer Services,Gambling,NO,NO,United States,United States,MGM
Mohawk Industries Inc.,MHK,Consumer Goods,Furnishings,NO,NO,United States,United States,MHK
M-I Homes Inc.,MHO,Consumer Goods,Home Construction,NO,NO,United States,United States,MHO
McGraw-Hill Cos.,MHP,Consumer Services,Publishing,YES,NO,United States,United States,MHP
Magnum Hunter Resources Corp.,MHR,Oil and Gas,undefined,NO,NO,United States,United States,1073
Medco Health Solutions Inc.,MHS,Health Care,Health Care Providers,YES,NO,United States,United States,MHS
Meadowbrook Insurance Group Inc.,MIG,Financials,Property and Casualty Insurance,NO,NO,United States,United States,MIG
MFC Industrial Ltd.,MIL,Basic Materials,undefined,NO,NO,Canada,Canada,1076
Miller Energy Resources Inc.,MILL,Oil and Gas,undefined,NO,NO,United States,United States,1077
MI Developments Inc. Cl A,MIM,Financials,Real Estate Holding and Development,NO,NO,Canada,Canada,MIM
AG Mortgage Investment Trust Inc.,MITT,Financials,undefined,NO,NO,United States,United States,1079
Mead Johnson Nutrition Co. CL A,MJN,Consumer Goods,Food Products,NO,NO,United States,United States,MJN
McCormick & Co. Inc.,MKC,Consumer Goods,Food Products,YES,NO,United States,United States,MKC
McCormick & Co. Inc. Com. Vtg.,MKC-V,Consumer Goods,Food Products,NO,NO,United States,United States,MKC-V
Markel Corp.,MKL,Financials,Property and Casualty Insurance,NO,NO,United States,United States,MKL
Mueller Industries Inc.,MLI,Industrials,Industrial Machinery,NO,NO,United States,United States,MLI
Martin Marietta Materials Inc.,MLM,Industrials,Building Materials and Fixtures,NO,NO,United States,United States,MLM
Maui Land & Pineapple Co. Inc.,MLP,Financials,Real Estate Holding and Development,NO,NO,United States,United States,MLP
Miller Industries Inc.,MLR,Industrials,Commerical Vehicles and Trucks,NO,NO,United States,United States,MLR
Marsh & McLennan Cos.,MMC,Financials,Insurance Brokers,YES,NO,United States,United States,MMC
Motorola Mobility Holdings Inc.,MMI,Technology,undefined,NO,NO,United States,United States,1089
3M Company,MMM,Industrials,Diversified Industrials,YES,YES,United States,United States,MMM
McMoRan Exploration Co.,MMR,Oil and Gas,Exploration and Production,NO,NO,United States,United States,MMR
Maximus Inc.,MMS,Technology,Computer Services,NO,NO,United States,United States,MMS
Manning & Napier Inc.,MN,Financials,undefined,NO,NO,United States,United States,1093
McClatchy Co. Cl A,MNI,Consumer Services,Publishing,NO,NO,United States,United States,MNI
Monmouth Real Estate Investment Corp. Cl A,MNR,Financials,undefined,NO,NO,United States,United States,1095
Altria Group Inc.,MO,Consumer Goods,Tobacco,YES,NO,United States,United States,MO
Modine Manufacturing Co.,MOD,Consumer Goods,Auto Parts,NO,NO,United States,United States,MOD
Moog Inc. Cl A,MOG-A,Industrials,Aerospace,NO,NO,United States,United States,MOG-A
Moog Inc. Cl B,MOG-B,Industrials,Aerospace,NO,NO,United States,United States,MOG-B
Molina Healthcare Inc.,MOH,Health Care,Health Care Providers,NO,NO,United States,United States,MOH
Monsanto Co.,MON,Consumer Goods,Farming and Fishing,YES,NO,United States,United States,MON
Mosaic Co.,MOS,Basic Materials,Specialty Chemicals,NO,NO,United States,United States,MOS
Movado Group Inc.,MOV,Consumer Goods,Clothing and Accessories,NO,NO,United States,United States,MOV
Marathon Petroleum Corp.,MPC,Oil and Gas,undefined,NO,NO,United States,United States,1104
Maguire Properties Inc.,MPG,Financials,Industrial and Office Real Estate Investment Trusts,NO,NO,United States,United States,MPG
Met-Pro Corp.,MPR,Industrials,Industrial Machinery,NO,NO,United States,United States,MPR
Medical Properties Trust Inc.,MPW,Financials,Specialty Real Estate Investment Trusts,NO,NO,United States,United States,MPW
Marine Products Corp.,MPX,Consumer Goods,Recreational Products,NO,NO,United States,United States,MPX
Mindray Medical International Ltd.,MR,Health Care,Medical Equipment,NO,NO,China,Asia-Pacific,MR
Montpelier Re Holdings Ltd.,MRH,Financials,Reinsurance,NO,NO,United States,United States,MRH
Merck & Co. Inc.,MRK,Health Care,Pharmaceuticals,YES,YES,United States,United States,MRK
Marathon Oil Corp.,MRO,Oil and Gas,Integrated Oil and Gas,YES,NO,United States,United States,MRO
Morton's Restaurant Group Inc.,MRT,Consumer Services,Restaurants and Bars,NO,NO,United States,United States,MRT
Medicis Pharmaceutical Corp.,MRX,Health Care,Pharmaceuticals,NO,NO,United States,United States,MRX
Morgan Stanley,MS,Financials,Investment Services,YES,NO,United States,United States,MS
Mine Safety Appliances Co.,MSA,Industrials,Industrial Machinery,NO,NO,United States,United States,MSA
MSCI Inc. Cl A,MSCI,Financials,undefined,NO,NO,United States,United States,1117
Motorola Solutions Inc.,MSI,Technology,undefined,NO,NO,United States,United States,1118
MSC Industrial Direct Co.,MSM,Industrials,Industrial Suppliers,NO,NO,United States,United States,MSM
Martha Stewart Living Omnimedia Inc.,MSO,Consumer Services,Publishing,NO,NO,United States,United States,MSO
ArcelorMittal,MT,Basic Materials,Iron and Steel,NO,NO,France,Europe,MT
M&T Bank Corp.,MTB,Financials,Banks,YES,NO,United States,United States,MTB
Mettler-Toledo International Inc.,MTD,Industrials,Electronic Equipment,NO,NO,United States,United States,MTD
Mahanagar Telephone Nigam Ltd.,MTE,Telecommunications,Fixed Line Telecommunications,NO,NO,India,Asia-Pacific,MTE
MGIC Investment Corp.,MTG,Financials,Mortgage Finance,NO,NO,United States,United States,MTG
Meritage Homes Corp.,MTH,Consumer Goods,Home Construction,NO,NO,United States,United States,MTH
Mechel OAO,MTL,Basic Materials,Iron and Steel,NO,NO,Russia,Asia-Pacific,MTL
Vail Resorts Inc.,MTN,Consumer Services,Hotels,NO,NO,United States,United States,MTN
Meritor Inc.,MTOR,Industrials,undefined,NO,NO,United States,United States,1129
Materion Corp.,MTRN,Industrials,undefined,NO,NO,United States,United States,1130
Mitsubishi UFJ Financial Group Inc.,MTU,Financials,Banks,NO,NO,Japan,Asia-Pacific,MTU
Manitowoc Co.,MTW,Industrials,Commerical Vehicles and Trucks,NO,NO,United States,United States,MTW
Minerals Technologies Inc.,MTX,Basic Materials,Commodity Chemicals,NO,NO,United States,United States,MTX
MasTec Inc.,MTZ,Technology,Telecommunications Equipment,NO,NO,United States,United States,MTZ
Murphy Oil Corp.,MUR,Oil and Gas,Integrated Oil and Gas,YES,NO,United States,United States,MUR
Metals USA Holdings Corp.,MUSA,Basic Materials,undefined,NO,NO,United States,United States,1136
Men's Wearhouse Inc.,MW,Consumer Services,Apparel Retailers,NO,NO,United States,United States,MW
Mueller Water Products Inc.,MWA,Industrials,Building Materials and Fixtures,NO,NO,United States,United States,MWA
MeadWestvaco Corp.,MWV,Industrials,Containers and Packaging,YES,NO,United States,United States,MWV
Monster Worldwide Inc.,MWW,Industrials,Business Training and Employment Agencies,YES,NO,United States,United States,MWW
MagnaChip Semiconductor Corp.,MX,Technology,undefined,NO,NO,United States,United States,1141
MaxLinear Inc.,MXL,Technology,undefined,NO,NO,United States,United States,1142
Maxcom Telecomunicaciones S.A.B. de C.V.,MXT,Telecommunications,Fixed Line Telecommunications,NO,NO,Mexico,Latin America,MXT
China Ming Yang Wind Power Group Ltd.,MY,Oil and Gas,undefined,NO,NO,China,Asia-Pacific,1144
Myers Industries Inc.,MYE,Industrials,Containers and Packaging,NO,NO,United States,United States,MYE
NetSuite Inc.,N,Technology,Software,NO,NO,United States,United States,N
Nordic American Tanker Shipping Ltd.,NAT,Industrials,Marine Transportation,NO,NO,United States,United States,NAT
Navistar International Corp.,NAV,Industrials,Commerical Vehicles and Trucks,NO,NO,United States,United States,NAV
National Bank of Greece S.A.,NBG,Financials,Banks,NO,NO,Greece,Europe,NBG
Noble Energy Inc.,NBL,Oil and Gas,Exploration and Production,YES,NO,United States,United States,NBL
Nabors Industries Ltd.,NBR,Oil and Gas,Oil Equipment and Services,YES,NO,United States,United States,NBR
NACCO Industries Inc. Cl A,NC,Industrials,Commerical Vehicles and Trucks,NO,NO,United States,United States,NC
Navigant Consulting Inc.,NCI,Industrials,Business Support Services,NO,NO,United States,United States,NCI
NCR Corp.,NCR,Technology,Computer Hardware,NO,NO,United States,United States,NCR
NCI Building Systems Inc.,NCS,Industrials,Building Materials and Fixtures,NO,NO,United States,United States,NCS
Newcastle Investment Corp.,NCT,Financials,Mortgage Real Estate Investment Trusts,NO,NO,United States,United States,NCT
99 Cents Only Stores,NDN,Consumer Services,Specialty Retailers,NO,NO,United States,United States,NDN
Nordion Inc.,NDZ,Health Care,undefined,NO,NO,Canada,Canada,1158
Noble Corp.,NE,Oil and Gas,Oil Equipment and Services,NO,NO,United States,United States,NE
Noah Education Holdings Ltd.,NED,Consumer Goods,Consumer Electronics,NO,NO,China,Asia-Pacific,NED
NextEra Energy Inc.,NEE,Utilities,undefined,NO,NO,United States,United States,1161
Newmont Mining Corp.,NEM,Basic Materials,Gold Mining,YES,NO,United States,United States,NEM
NewMarket Corp.,NEU,Basic Materials,Specialty Chemicals,NO,NO,United States,United States,NEU
National Fuel Gas Co.,NFG,Utilities,Gas Distribution,NO,NO,United States,United States,NFG
National Financial Partners Corp.,NFP,Financials,Asset Managers,NO,NO,United States,United States,NFP
Newfield Exploration Co.,NFX,Oil and Gas,Exploration and Production,NO,NO,United States,United States,NFX
National Grid PLC,NGG,Utilities,Multiutilities,NO,NO,United Kingdom,Europe,NGG
Natural Gas Services Group Inc.,NGS,Oil and Gas,Oil Equipment and Services,NO,NO,United States,United States,NGS
National Health Investors Inc.,NHI,Financials,Specialty Real Estate Investment Trusts,NO,NO,United States,United States,NHI
NiSource Inc.,NI,Utilities,Gas Distribution,YES,NO,United States,United States,NI
Nidec Corp.,NJ,Industrials,Electrical Components and Equipment,NO,NO,Japan,Asia-Pacific,NJ
New Jersey Resources Corp.,NJR,Utilities,Gas Distribution,NO,NO,United States,United States,NJR
Nike Inc. Cl B,NKE,Consumer Goods,Footwear,YES,NO,United States,United States,NKE
NL Industries Inc.,NL,Basic Materials,Specialty Chemicals,NO,NO,United States,United States,NL
Nautilus Inc.,NLS,Consumer Goods,Recreational Products,NO,NO,United States,United States,NLS
Nielsen Holdings N.V.,NLSN,Consumer Services,undefined,NO,NO,United States,United States,1176
Annaly Capital Management Inc.,NLY,Financials,Mortgage Real Estate Investment Trusts,NO,NO,United States,United States,NLY
Navios Maritime Holdings Inc.,NM,Industrials,Marine Transportation,NO,NO,Greece,Europe,NM
Nomura Holdings Inc.,NMR,Financials,Investment Services,NO,NO,Japan,Asia-Pacific,NMR
Nelnet Inc. Cl A,NNI,Financials,Consumer Finance,NO,NO,United States,United States,NNI
National Retail Properties Inc.,NNN,Financials,Retail Real Estate Investment Trusts,NO,NO,United States,United States,NNN
North American Energy Partners Inc.,NOA,Industrials,Heavy Construction,NO,NO,Canada,Canada,NOA
Noah Holdings Ltd.,NOAH,Financials,undefined,NO,NO,China,Asia-Pacific,1183
Northrop Grumman Corp.,NOC,Industrials,Defense,YES,NO,United States,United States,NOC
Nokia Corp.,NOK,Technology,Telecommunications Equipment,NO,NO,Finland,Europe,NOK
Noranda Aluminum Holding Corp.,NOR,Basic Materials,undefined,NO,NO,United States,United States,1186
National Oilwell Varco Inc.,NOV,Oil and Gas,Oil Equipment and Services,YES,NO,United States,United States,NOV
Neenah Paper Inc.,NP,Basic Materials,Paper,NO,NO,United States,United States,NP
China Nepstar Chain Drugstore Ltd.,NPD,Consumer Services,Drug Retailers,NO,NO,China,Asia-Pacific,NPD
National Presto Industries Inc.,NPK,Consumer Goods,Durable Household Products,NO,NO,United States,United States,NPK
EnPro Industries Inc.,NPO,Industrials,Industrial Machinery,NO,NO,United States,United States,NPO
NeoPhotonics Corp.,NPTN,Technology,undefined,NO,NO,United States,United States,1192
NetQin Mobile Inc.,NQ,Technology,undefined,NO,NO,China,Asia-Pacific,1193
Newpark Resources Inc.,NR,Oil and Gas,Oil Equipment and Services,NO,NO,United States,United States,NR
Northstar Realty Finance Corp.,NRF,Financials,Mortgage Real Estate Investment Trusts,NO,NO,United States,United States,NRF
NRG Energy Inc.,NRG,Utilities,Conventional Electricity,NO,NO,United States,United States,NRG
Norfolk Southern Corp.,NSC,Industrials,Railroads,YES,NO,United States,United States,NSC
Insperity Inc.,NSP,Industrials,undefined,NO,NO,United States,United States,1198
NeuStar Inc. Cl A,NSR,Industrials,Business Support Services,NO,NO,United States,United States,NSR
NSTAR,NST,Utilities,Conventional Electricity,NO,NO,United States,United States,NST
Nam Tai Electronics Inc.,NTE,Industrials,Electrical Components and Equipment,NO,NO,Hong Kong,Asia-Pacific,NTE
Nippon Telegraph & Telephone Corp.,NTT,Telecommunications,Fixed Line Telecommunications,NO,NO,Japan,Asia-Pacific,NTT
Natuzzi S.p.A.,NTZ,Consumer Goods,Furnishings,NO,NO,Italy,Europe,NTZ
Northeast Utilities,NU,Utilities,Conventional Electricity,YES,NO,United States,United States,NU
Nucor Corp.,NUE,Basic Materials,Iron and Steel,YES,NO,United States,United States,NUE
Nu Skin Enterprises Inc. Cl A,NUS,Consumer Goods,Food Products,NO,NO,United States,United States,NUS
NV Energy Inc.,NVE,Utilities,Conventional Electricity,NO,NO,United States,United States,NVE
Novo Nordisk A-S,NVO,Health Care,Pharmaceuticals,NO,NO,Denmark,Europe,NVO
NVR Inc.,NVR,Consumer Goods,Home Construction,NO,NO,United States,United States,NVR
Novartis AG,NVS,Health Care,Pharmaceuticals,NO,NO,Switzerland,Europe,NVS
NorthWestern Corp.,NWE,Utilities,Conventional Electricity,NO,NO,United States,United States,NWE
Newell Rubbermaid Inc.,NWL,Consumer Goods,Durable Household Products,YES,NO,United States,United States,NWL
Northwest Natural Gas Co.,NWN,Utilities,Gas Distribution,NO,NO,United States,United States,NWN
New York & Co. Inc.,NWY,Consumer Services,Apparel Retailers,NO,NO,United States,United States,NWY
Quanex Building Products Corp.,NX,Industrials,Building Materials and Fixtures,NO,NO,United States,United States,NX
Nexen Inc.,NXY,Oil and Gas,Exploration and Production,NO,NO,Canada,Canada,NXY
New York Community Bancorp Inc.,NYB,Financials,Banks,NO,NO,United States,United States,NYB
New York Times Co. Cl A,NYT,Consumer Services,Publishing,YES,NO,United States,United States,NYT
NYSE Euronext,NYX,Financials,Investment Services,YES,NO,United States,United States,NYX
Telecom Corp. of New Zealand Ltd.,NZT,Telecommunications,Fixed Line Telecommunications,NO,NO,New Zealand,Asia-Pacific,NZT
Realty Income Corp.,O,Financials,Retail Real Estate Investment Trusts,NO,NO,United States,United States,O
Oasis Petroleum Inc.,OAS,Oil and Gas,undefined,NO,NO,United States,United States,1222
OneBeacon Insurance Group Ltd. Cl A,OB,Financials,Property and Casualty Insurance,NO,NO,United States,United States,OB
Owens Corning,OC,Industrials,Building Materials and Fixtures,NO,NO,United States,United States,OC
Ocwen Financial Corp.,OCN,Financials,Mortgage Finance,NO,NO,United States,United States,OCN
Omnicare Inc.,OCR,Consumer Services,Drug Retailers,NO,NO,United States,United States,OCR
Oil-Dri Corp. of America,ODC,Consumer Goods,Nondurable Household Products,NO,NO,United States,United States,ODC
Office Depot Inc.,ODP,Consumer Services,Specialty Retailers,YES,NO,United States,United States,ODP
Orient Express Hotels Ltd.,OEH,Consumer Services,Hotels,NO,NO,United States,United States,OEH
Corporate Office Properties Trust,OFC,Financials,Industrial and Office Real Estate Investment Trusts,NO,NO,United States,United States,OFC
Oriental Financial Group Inc.,OFG,Financials,Banks,NO,NO,United States,United States,OFG
OGE Energy Corp.,OGE,Oil and Gas,Pipelines,NO,NO,United States,United States,OGE
Omega Healthcare Investors Inc.,OHI,Financials,Specialty Real Estate Investment Trusts,NO,NO,United States,United States,OHI
Owens-Illinois Inc.,OI,Industrials,Containers and Packaging,YES,NO,United States,United States,OI
Oceaneering International Inc.,OII,Oil and Gas,Oil Equipment and Services,NO,NO,United States,United States,OII
Oil States International Inc.,OIS,Oil and Gas,Oil Equipment and Services,NO,NO,United States,United States,OIS
ONEOK Inc.,OKE,Utilities,Gas Distribution,NO,NO,United States,United States,OKE
Olin Corp.,OLN,Basic Materials,Commodity Chemicals,NO,NO,United States,United States,OLN
One Liberty Properties Inc.,OLP,Financials,Retail Real Estate Investment Trusts,NO,NO,United States,United States,OLP
Omnicom Group Inc.,OMC,Consumer Services,Media Agencies,YES,NO,United States,United States,OMC
Omega Protein Corp.,OME,Consumer Goods,Food Products,NO,NO,United States,United States,OME
OM Group Inc.,OMG,Basic Materials,Specialty Chemicals,NO,NO,United States,United States,OMG
Owens & Minor Inc.,OMI,Health Care,Medical Supplies,NO,NO,United States,United States,OMI
OMNOVA Solutions Inc.,OMN,Basic Materials,Specialty Chemicals,NO,NO,United States,United States,OMN
OfficeMax Inc.,OMX,Consumer Services,Specialty Retailers,NO,NO,United States,United States,OMX
Old National Bancorp,ONB,Financials,Banks,NO,NO,United States,United States,ONB
Higher One Holdings Inc.,ONE,Industrials,undefined,NO,NO,United States,United States,1247
Opko Health Inc.,OPK,Health Care,undefined,NO,NO,United States,United States,1248
Oppenheimer Holdings Inc.,OPY,Financials,Investment Services,NO,NO,United States,United States,OPY
Ormat Technologies Inc.,ORA,Utilities,Alternative Electricity,NO,NO,United States,United States,ORA
Orbital Sciences Corp.,ORB,Industrials,Defense,NO,NO,United States,United States,ORB
Old Republic International Corp.,ORI,Financials,Property and Casualty Insurance,NO,NO,United States,United States,ORI
Orion Marine Group Inc.,ORN,Industrials,Heavy Construction,NO,NO,United States,United States,ORN
Overseas Shipholding Group Inc.,OSG,Industrials,Marine Transportation,NO,NO,United States,United States,OSG
Oshkosh Corp.,OSK,Industrials,Commerical Vehicles and Trucks,NO,NO,United States,United States,OSK
Orbitz Worldwide Inc.,OWW,Consumer Services,Travel and Tourism,NO,NO,United States,United States,OWW
Oxford Industries Inc.,OXM,Consumer Goods,Clothing and Accessories,NO,NO,United States,United States,OXM
Occidental Petroleum Corp.,OXY,Oil and Gas,Exploration and Production,YES,NO,United States,United States,OXY
Pandora Media Inc.,P,Consumer Services,undefined,NO,NO,United States,United States,1259
Grupo Aeroportuario del Pacifico S.A.B. de C.,PAC,Industrials,Transportation Services,NO,NO,Mexico,Latin America,PAC
Pacific Drilling S.A.,PACD,Basic Materials,Oil Equipment and Services,NO,NO,United States,United States,1261
Penske Automotive Group Inc.,PAG,Consumer Services,Specialty Retailers,NO,NO,United States,United States,PAG
Pampa Energia S.A.,PAM,Utilities,Conventional Electricity,NO,NO,Argentina,Latin America,PAM
3PAR Inc.,PAR,Industrials,Business Support Services,NO,NO,United States,United States,PAR
VeriFone Holdings Inc.,PAY,Technology,Computer Hardware,NO,NO,United States,United States,PAY
Prestige Brands Holdings Inc.,PBH,Health Care,Pharmaceuticals,NO,NO,United States,United States,PBH
Pitney Bowes Inc.,PBI,Technology,Electronic Office Equipment,YES,NO,United States,United States,PBI
Petroleo Brasileiro S-A,PBR,Oil and Gas,Integrated Oil and Gas,NO,NO,Brazil,Latin America,PBR
Pep Boys-Manny Moe & Jack,PBY,Consumer Services,Specialty Retailers,NO,NO,United States,United States,PBY
Panasonic Corp.,PC,Consumer Goods,Consumer Electronics,NO,NO,Japan,Asia-Pacific,PC
PG&E Corp.,PCG,Utilities,Conventional Electricity,YES,NO,United States,United States,PCG
Plum Creek Timber Co. Inc. REIT,PCL,Financials,Specialty Real Estate Investment Trusts,YES,NO,United States,United States,PCL
Precision Castparts Corp.,PCP,Industrials,Aerospace,YES,NO,United States,United States,PCP
MetroPCS Communications Inc.,PCS,Telecommunications,Mobile Telecommunications,YES,NO,United States,United States,PCS
Patriot Coal Corp.,PCX,Basic Materials,Coal,NO,NO,United States,United States,PCX
Piedmont Office Realty Trust Inc. Cl A,PDM,Financials,undefined,NO,NO,United States,United States,1276
Precision Drilling Trust,PDS,Oil and Gas,Oil Equipment and Services,NO,NO,Canada,Canada,PDS
Pebblebrook Hotel Trust,PEB,Financials,Real Estate,NO,NO,United States,United States,PEB
Public Service Enterprise Group Inc.,PEG,Utilities,Conventional Electricity,YES,NO,United States,United States,PEG
Pennsylvania Real Estate Investment Trust,PEI,Financials,Retail Real Estate Investment Trusts,NO,NO,United States,United States,PEI
PepsiCo Inc.,PEP,Consumer Goods,Soft Drinks,YES,NO,United States,United States,PEP
Pfizer Inc.,PFE,Health Care,Pharmaceuticals,YES,YES,United States,United States,PFE
Principal Financial Group Inc.,PFG,Financials,Life Insurance,YES,NO,United States,United States,PFG
Provident Financial Services Inc.,PFS,Financials,Banks,NO,NO,United States,United States,PFS
Procter & Gamble Co.,PG,Consumer Goods,Nondurable Household Products,YES,YES,United States,United States,PG
Premiere Global Services Inc.,PGI,Technology,Software,NO,NO,United States,United States,PGI
Progress Energy Inc.,PGN,Utilities,Conventional Electricity,YES,NO,United States,United States,PGN
Progressive Corp.,PGR,Financials,Property and Casualty Insurance,YES,NO,United States,United States,PGR
Parker Hannifin Corp.,PH,Industrials,Industrial Machinery,YES,NO,United States,United States,PH
Koninklijke Philips Electronics N.V.,PHG,Consumer Goods,Consumer Electronics,NO,NO,Netherlands,Europe,PHG
PHH Corp.,PHH,Industrials,Transportation Services,NO,NO,United States,United States,PHH
Philippine Long Distance Telephone Co.,PHI,Telecommunications,Mobile Telecommunications,NO,NO,Philippines,Asia-Pacific,PHI
Pulte Homes Inc.,PHM,Consumer Goods,Home Construction,YES,NO,United States,United States,PHM
Panhandle Oil & Gas Inc.,PHX,Oil and Gas,Exploration and Production,NO,NO,United States,United States,PHX
Polaris Industries Inc.,PII,Consumer Goods,Recreational Products,NO,NO,United States,United States,PII
Pike Electric Corp.,PIKE,Industrials,Heavy Construction,NO,NO,United States,United States,PIKE
Pier 1 Imports Inc.,PIR,Consumer Services,Home Improvement Retailers,NO,NO,United States,United States,PIR
Piper Jaffray Cos.,PJC,Financials,Investment Services,NO,NO,United States,United States,PJC
Parker Drilling Co.,PKD,Oil and Gas,Oil Equipment and Services,NO,NO,United States,United States,PKD
Park Electrochemical Corp.,PKE,Industrials,Electrical Components and Equipment,NO,NO,United States,United States,PKE
Packaging Corp. of America,PKG,Industrials,Containers and Packaging,NO,NO,United States,United States,PKG
PerkinElmer Inc.,PKI,Industrials,Electronic Equipment,YES,NO,United States,United States,PKI
POSCO,PKX,Basic Materials,Iron and Steel,NO,NO,South Korea,Asia-Pacific,PKX
Parkway Properties Inc.,PKY,Financials,Industrial and Office Real Estate Investment Trusts,NO,NO,United States,United States,PKY
Protective Life Corp.,PL,Financials,Life Insurance,NO,NO,United States,United States,PL
ProLogis,PLD,Financials,Industrial and Office Real Estate Investment Trusts,YES,NO,United States,United States,PLD
Pall Corp.,PLL,Industrials,Industrial Machinery,YES,NO,United States,United States,PLL
Douglas Dynamics Inc.,PLOW,Industrials,undefined,NO,NO,United States,United States,1308
Plantronics Inc.,PLT,Technology,Telecommunications Equipment,NO,NO,United States,United States,PLT
Philip Morris International Inc.,PM,Consumer Goods,Tobacco,YES,NO,United States,United States,PM
PharMerica Corp.,PMC,Health Care,Health Care Providers,NO,NO,United States,United States,PMC
PennyMac Mortgage Investment Trust,PMT,Financials,Mortgage Real Estate Investment Trusts,NO,NO,United States,United States,PMT
PNC Financial Services Group Inc.,PNC,Financials,Banks,YES,NO,United States,United States,PNC
Pinnacle Entertainment Inc.,PNK,Consumer Services,Gambling,NO,NO,United States,United States,PNK
PNM Resources Inc.,PNM,Utilities,Multiutilities,NO,NO,United States,United States,PNM
Pentair Inc.,PNR,Industrials,Industrial Machinery,NO,NO,United States,United States,PNR
Pinnacle West Capital Corp.,PNW,Utilities,Conventional Electricity,YES,NO,United States,United States,PNW
Phoenix Cos. Inc.,PNX,Financials,Life Insurance,NO,NO,United States,United States,PNX
Piedmont Natural Gas Co.,PNY,Utilities,Gas Distribution,NO,NO,United States,United States,PNY
PolyOne Corp.,POL,Basic Materials,Commodity Chemicals,NO,NO,United States,United States,POL
Pepco Holdings Inc.,POM,Utilities,Conventional Electricity,YES,NO,United States,United States,POM
Portland General Electric Co.,POR,Utilities,Conventional Electricity,NO,NO,United States,United States,POR
Potash Corp. of Saskatchewan Inc.,POT,Basic Materials,Specialty Chemicals,NO,NO,Canada,Canada,POT
Pilgrim's Pride Corp.,PPC,Consumer Goods,Food and Beverage,NO,NO,United States,United States,PPC
PPG Industries Inc.,PPG,Basic Materials,Specialty Chemicals,YES,NO,United States,United States,PPG
PPL Corp.,PPL,Utilities,Conventional Electricity,YES,NO,United States,United States,PPL
Polypore International Inc.,PPO,Basic Materials,Specialty Chemicals,NO,NO,United States,United States,PPO
Primero Mining Corp.,PPP,Basic Materials,undefined,NO,NO,Canada,Canada,1328
Post Properties Inc.,PPS,Financials,Residential Real Estate Investment Trusts,NO,NO,United States,United States,PPS
PetroQuest Energy Inc.,PQ,Oil and Gas,Exploration and Production,NO,NO,United States,United States,PQ
ProAssurance Corp.,PRA,Financials,Property and Casualty Insurance,NO,NO,United States,United States,PRA
PartnerRe Ltd.,PRE,Financials,Reinsurance,NO,NO,United States,United States,PRE
Paragon Shipping Inc. Cl A,PRGN,Industrials,undefined,NO,NO,United States,United States,1333
Primerica Inc.,PRI,Financials,undefined,NO,NO,United States,United States,1334
Promotora de Informaciones S.A. Cl A,PRIS,Consumer Services,undefined,NO,NO,Spain,Europe,1335
Promotora de Informaciones S.A. Cl B,PRIS-B,Consumer Services,undefined,NO,NO,Spain,Europe,1336
Pros Holdings Inc.,PRO,Technology,Software,NO,NO,United States,United States,PRO
Prudential Financial Inc.,PRU,Financials,Life Insurance,YES,NO,United States,United States,PRU
Par Pharmaceutical Cos. Inc.,PRX,Health Care,Pharmaceuticals,NO,NO,United States,United States,PRX
Public Storage,PSA,Financials,Specialty Real Estate Investment Trusts,YES,NO,United States,United States,PSA
PS Business Parks Inc.,PSB,Financials,Industrial and Office Real Estate Investment Trusts,NO,NO,United States,United States,PSB
Pearson PLC,PSO,Consumer Services,Publishing,NO,NO,United Kingdom,Europe,PSO
Collective Brands Inc.,PSS,Consumer Services,Apparel Retailers,NO,NO,United States,United States,PSS
Portugal Telecom SGPS S-A,PT,Telecommunications,Fixed Line Telecommunications,NO,NO,Portugal,Europe,PT
Primus Telecommunications Group Inc.,PTGI,Telecommunications,undefined,NO,NO,United States,United States,1345
Patni Computer Systems Ltd.,PTI,Technology,Computer Services,NO,NO,India,Asia-Pacific,PTI
Platinum Underwriters Holdings Ltd.,PTP,Financials,Reinsurance,NO,NO,United States,United States,PTP
PetroChina Co. Ltd.,PTR,Oil and Gas,Integrated Oil and Gas,NO,NO,China,Asia-Pacific,PTR
Prudential PLC,PUK,Financials,Life Insurance,NO,NO,United Kingdom,Europe,PUK
Pulse Electronics Corp.,PULS,Industrials,undefined,NO,NO,United States,United States,1350
Penn Virginia Corp.,PVA,Oil and Gas,Exploration and Production,NO,NO,United States,United States,PVA
A.F.P. Provida S.A.,PVD,Financials,Asset Managers,NO,NO,Chile,Latin America,PVD
Phillips-Van Heusen Corp.,PVH,Consumer Goods,Clothing and Accessories,NO,NO,United States,United States,PVH
Provident Energy Trust,PVX,Oil and Gas,Exploration and Production,NO,NO,Canada,Canada,PVX
Penn West Energy Trust,PWE,Oil and Gas,Exploration and Production,NO,NO,Canada,Canada,PWE
Quanta Services Inc.,PWR,Industrials,Heavy Construction,YES,NO,United States,United States,PWR
Praxair Inc.,PX,Basic Materials,Commodity Chemicals,YES,NO,United States,United States,PX
Pioneer Natural Resources Co.,PXD,Oil and Gas,Exploration and Production,YES,NO,United States,United States,PXD
Plains Exploration & Production Co.,PXP,Oil and Gas,Exploration and Production,NO,NO,United States,United States,PXP
Petrobras Energia S.A.,PZE,Oil and Gas,Integrated Oil and Gas,NO,NO,Argentina,Latin America,PZE
Pzena Investment Management Inc.,PZN,Financials,Asset Managers,NO,NO,United States,United States,PZN
QEP Resources Inc.,QEP,Oil and Gas,undefined,NO,NO,United States,United States,1362
Qihoo 360 Technology Co. Ltd.,QIHU,Technology,undefined,NO,NO,China,Asia-Pacific,1363
Quantum Corp.,QTM,Technology,Computer Hardware,NO,NO,United States,United States,QTM
Quad-Graphics Inc.,QUAD,Industrials,undefined,NO,NO,United States,United States,1365
Qiao Xing Mobile Communication Co. Ltd.,QXM,Technology,Telecommunications Equipment,NO,NO,China,Asia-Pacific,QXM
Ryder System Inc.,R,Industrials,Transportation Services,YES,NO,United States,United States,R
RailAmerica Inc.,RA,Industrials,Railroads,NO,NO,United States,United States,RA
Rite Aid Corp.,RAD,Consumer Services,Drug Retailers,NO,NO,United States,United States,RAD
Ralcorp Holdings Inc.,RAH,Consumer Goods,Food Products,NO,NO,United States,United States,RAH
Reynolds American Inc.,RAI,Consumer Goods,Tobacco,YES,NO,United States,United States,RAI
RAIT Financial Trust,RAS,Financials,Mortgage Real Estate Investment Trusts,NO,NO,United States,United States,RAS
Bankrate Inc.,RATE,Consumer Services,undefined,NO,NO,United States,United States,1373
Rackspace Hosting Inc.,RAX,Technology,Internet,NO,NO,United States,United States,RAX
Ritchie Bros. Auctioneers Inc.,RBA,Industrials,Commerical Vehicles and Trucks,NO,NO,United States,United States,RBA
Regal-Beloit Corp.,RBC,Industrials,Electrical Components and Equipment,NO,NO,United States,United States,RBC
Robbins & Myers Inc.,RBN,Industrials,Industrial Machinery,NO,NO,United States,United States,RBN
Royal Bank of Scotland Group PLC,RBS,Financials,Banks,NO,NO,United Kingdom,Europe,RBS
Grupo Radio Centro S.A.B.  de C.V.,RC,Consumer Services,Broadcasting and Entertainment,NO,NO,Mexico,Latin America,RC
Rogers Communications Inc. Cl B,RCI,Telecommunications,Mobile Telecommunications,NO,NO,Canada,Canada,RCI
Royal Caribbean Cruises Ltd.,RCL,Consumer Services,Recreational Services,NO,NO,United States,United States,RCL
Rowan Cos. Inc.,RDC,Oil and Gas,Oil Equipment and Services,YES,NO,United States,United States,RDC
Ruddick Corp.,RDK,Consumer Services,Food Retailers and Wholesalers,NO,NO,United States,United States,RDK
Radian Group Inc.,RDN,Financials,Mortgage Finance,NO,NO,United States,United States,RDN
Royal Dutch Shell PLC Cl A,RDS-A,Oil and Gas,Integrated Oil and Gas,NO,NO,United Kingdom,Europe,RDS-A
Royal Dutch Shell PLC B,RDS-B,Oil and Gas,Integrated Oil and Gas,NO,NO,United Kingdom,Europe,RDS-B
Dr. Reddy's Laboratories Ltd.,RDY,Health Care,Pharmaceuticals,NO,NO,India,Asia-Pacific,RDY
Everest Re Group Ltd.,RE,Financials,Reinsurance,NO,NO,United States,United States,RE
Regency Centers Corp.,REG,Financials,Retail Real Estate Investment Trusts,NO,NO,United States,United States,REG
Resolute Energy Corp.,REN,Oil and Gas,Exploration and Production,NO,NO,United States,United States,REN
Renren Inc. Cl A,RENN,Consumer Services,undefined,NO,NO,China,Asia-Pacific,1391
RPC Inc.,RES,Oil and Gas,Oil Equipment and Services,NO,NO,United States,United States,RES
Revlon Inc. Cl A,REV,Consumer Goods,Personal Products,NO,NO,United States,United States,REV
Rex American Resources Corp.,REX,Oil and Gas,undefined,NO,NO,United States,United States,1394
Regions Financial Corp.,RF,Financials,Banks,YES,NO,United States,United States,RF
Reinsurance Group of America Inc.,RGA,Financials,Reinsurance,NO,NO,United States,United States,RGA
Regal Entertainment Group Cl A,RGC,Consumer Services,Recreational Services,NO,NO,United States,United States,RGC
Sturm Ruger & Co.,RGR,Industrials,Defense,NO,NO,United States,United States,RGR
Regis Corp.,RGS,Consumer Services,Specialized Consumer Services,NO,NO,United States,United States,RGS
Robert Half International Inc.,RHI,Industrials,Business Training and Employment Agencies,YES,NO,United States,United States,RHI
Red Hat Inc.,RHT,Technology,Software,YES,NO,United States,United States,RHT
Transocean Ltd.,RIG,Oil and Gas,Oil Equipment and Services,NO,NO,United States,United States,RIG
Rio Tinto PLC,RIO,Basic Materials,undefined,NO,NO,United Kingdom,United Kingdom,1403
Raymond James Financial Inc.,RJF,Financials,Investment Services,NO,NO,United States,United States,RJF
Rock-Tenn Co. Cl A,RKT,Industrials,Containers and Packaging,NO,NO,United States,United States,RKT
Polo Ralph Lauren Corp.,RL,Consumer Services,Apparel Retailers,YES,NO,United States,United States,RL
RealD Inc.,RLD,Consumer Goods,undefined,NO,NO,United States,United States,1407
Red Lion Hotels Corp.,RLH,Consumer Services,Hotels,NO,NO,United States,United States,RLH
RLI Corp.,RLI,Financials,Property and Casualty Insurance,NO,NO,United States,United States,RLI
RLJ Lodging Trust,RLJ,Financials,undefined,NO,NO,United States,United States,1410
ResMed Inc.,RMD,Health Care,Medical Equipment,NO,NO,United States,United States,RMD
RenaissanceRe Holdings Ltd.,RNR,Financials,Reinsurance,NO,NO,United States,United States,RNR
Rockwood Holdings Inc.,ROC,Basic Materials,Specialty Chemicals,NO,NO,United States,United States,ROC
Rogers Corp.,ROG,Industrials,Electrical Components and Equipment,NO,NO,United States,United States,ROG
Rockwell Automation Corp.,ROK,Industrials,Industrial Machinery,YES,NO,United States,United States,ROK
Rollins Inc.,ROL,Consumer Services,Specialized Consumer Services,NO,NO,United States,United States,ROL
Roper Industries Inc.,ROP,Industrials,Electronic Equipment,NO,NO,United States,United States,ROP
RPM International Inc.,RPM,Basic Materials,Specialty Chemicals,NO,NO,United States,United States,RPM
Ramco-Gershenson Properties Trust,RPT,Financials,Retail Real Estate Investment Trusts,NO,NO,United States,United States,RPT
Range Resources Corp.,RRC,Oil and Gas,Exploration and Production,YES,NO,United States,United States,RRC
RSC Holdings Inc.,RRR,Industrials,Industrial Suppliers,NO,NO,United States,United States,RRR
Roadrunner Transportation Systems Inc.,RRTS,Industrials,undefined,NO,NO,United States,United States,1422
Reliance Steel & Aluminum Co.,RS,Basic Materials,Iron and Steel,NO,NO,United States,United States,RS
Republic Services Inc.,RSG,Industrials,Waste and Disposal Services,YES,NO,United States,United States,RSG
RadioShack Corp.,RSH,Consumer Services,Specialty Retailers,YES,NO,United States,United States,RSH
Resource Capital Corp.,RSO,Financials,Mortgage Real Estate Investment Trusts,NO,NO,United States,United States,RSO
Rosetta Stone Inc.,RST,Technology,Software,NO,NO,United States,United States,RST
Ruby Tuesday Inc.,RT,Consumer Services,Restaurants and Bars,NO,NO,United States,United States,RT
RTI International Metals Inc.,RTI,Basic Materials,Nonferrous Metals,NO,NO,United States,United States,RTI
Raytheon Co.,RTN,Industrials,Defense,YES,NO,United States,United States,RTN
Reed Elsevier PLC,RUK,Consumer Services,Publishing,NO,NO,United Kingdom,Europe,RUK
Redwood Trust Inc.,RWT,Financials,Mortgage Real Estate Investment Trusts,NO,NO,United States,United States,RWT
Royal Bank of Canada,RY,Financials,Banks,NO,NO,Canada,Canada,RY
Ryland Group Inc.,RYL,Consumer Goods,Home Construction,NO,NO,United States,United States,RYL
Rayonier Inc. REIT,RYN,Financials,Specialty Real Estate Investment Trusts,NO,NO,United States,United States,RYN
Sprint Nextel Corp.,S,Telecommunications,Mobile Telecommunications,YES,NO,United States,United States,S
Grupo Casa Saba S.A.B. de C.V.,SAB,Consumer Services,Drug Retailers,NO,NO,Mexico,Latin America,SAB
Sonic Automotive Inc. Cl A,SAH,Consumer Services,Specialty Retailers,NO,NO,United States,United States,SAH
SAIC Inc.,SAI,Technology,Computer Services,NO,NO,United States,United States,SAI
Boston Beer Co. Cl A,SAM,Consumer Goods,Brewers,NO,NO,United States,United States,SAM
Banco Santander-Chile,SAN,Financials,Banks,NO,NO,Chile,Latin America,SAN
SAP AG,SAP,Technology,Software,NO,NO,Germany,Europe,SAP
Safe Bulkers Inc.,SB,Industrials,Marine Transportation,NO,NO,Greece,Europe,SB
Sally Beauty Holdings Inc.,SBH,Consumer Services,Specialty Retailers,NO,NO,United States,United States,SBH
Companhia de Saneamento Basico do Estado de S,SBS,Utilities,Water,NO,NO,Brazil,Latin America,SBS
SeaBright Insurance Holdings Inc.,SBX,Financials,Property and Casualty Insurance,NO,NO,United States,United States,SBX
Southern Copper Corporation,SCCO,Basic Materials,Coppeer,NO,NO,United States,United States,SCCO
Scana Corp.,SCG,Utilities,Multiutilities,YES,NO,United States,United States,SCG
The Charles Schwab Corporation,SCHW,Financials,Investment Services,NO,NO,United States,United States,SCHW
Service Corp. International,SCI,Consumer Services,Specialized Consumer Services,NO,NO,United States,United States,SCI
Stepan Co.,SCL,Basic Materials,Specialty Chemicals,NO,NO,United States,United States,SCL
Simcere Pharmaceutical Group,SCR,Health Care,Pharmaceuticals,NO,NO,China,Asia-Pacific,SCR
Steelcase Inc. Cl A,SCS,Consumer Goods,Furnishings,NO,NO,United States,United States,SCS
L.S. Starrett Co. Cl A,SCX,Consumer Goods,Durable Household Products,NO,NO,United States,United States,SCX
SandRidge Energy Inc.,SD,Oil and Gas,Exploration and Production,NO,NO,United States,United States,SD
SeaDrill Ltd.,SDRL,Oil and Gas,undefined,NO,NO,Norway,Europe,1456
Spectra Energy Corp.,SE,Utilities,Gas Distribution,YES,NO,United States,United States,SE
Sealed Air Corp.,SEE,Industrials,Containers and Packaging,YES,NO,United States,United States,SEE
Spartech Corp.,SEH,Basic Materials,Specialty Chemicals,NO,NO,United States,United States,SEH
Select Medical Holdings Corp.,SEM,Health Care,Health Care Providers,NO,NO,United States,United States,SEM
Semgroup Corp. Cl A,SEMG,Oil and Gas,undefined,NO,NO,United States,United States,1461
Stifel Financial Corp.,SF,Financials,Investment Services,NO,NO,United States,United States,SF
Smithfield Foods Inc.,SFD,Consumer Goods,Food Products,NO,NO,United States,United States,SFD
Safeguard Scientifics Inc.,SFE,Financials,Specialty Finance,NO,NO,United States,United States,SFE
StanCorp Financial Group Inc.,SFG,Financials,Life Insurance,NO,NO,United States,United States,SFG
iStar Financial Inc.,SFI,Financials,Mortgage Real Estate Investment Trusts,NO,NO,United States,United States,SFI
Ship Finance International Ltd.,SFL,Industrials,Marine Transportation,NO,NO,United States,United States,SFL
SuccessFactors Inc.,SFSF,Technology,undefined,NO,NO,United States,United States,1468
SouFun Holdings Ltd.,SFUN,Consumer Services,undefined,NO,NO,China,Asia-Pacific,1469
Swift Energy Co.,SFY,Oil and Gas,Exploration and Production,NO,NO,United States,United States,SFY
Schawk Inc.,SGK,Consumer Services,Media Agencies,NO,NO,United States,United States,SGK
Stone Energy Corp.,SGY,Oil and Gas,Exploration and Production,NO,NO,United States,United States,SGY
Shaw Group Inc.,SHAW,Industrials,Heavy Construction,NO,NO,United States,United States,SHAW
Shinhan Financial Group Co. Ltd.,SHG,Financials,Banks,NO,NO,South Korea,Asia-Pacific,SHG
SINOPEC Shanghai Petrochemical Co. Ltd.,SHI,Basic Materials,Commodity Chemicals,NO,NO,China,Asia-Pacific,SHI
Sunstone Hotel Investors Inc.,SHO,Financials,Hotel and Lodging Real Estate Investment Trusts,NO,NO,United States,United States,SHO
ShangPharma Corp.,SHP,Health Care,undefined,NO,NO,China,Asia-Pacific,1477
Sauer-Danfoss Inc.,SHS,Industrials,Commerical Vehicles and Trucks,NO,NO,United States,United States,SHS
Sherwin-Williams Co.,SHW,Industrials,Building Materials and Fixtures,YES,NO,United States,United States,SHW
Siemens AG,SI,Industrials,Diversified Industrials,NO,NO,Germany,Europe,SI
Companhia Siderurgica Nacional,SID,Basic Materials,Iron and Steel,NO,NO,Brazil,Latin America,SID
Signet Jewelers Ltd.,SIG,Consumer Services,Apparel Retailers,NO,NO,United States,United States,SIG
Six Flags Entertainment Corp.,SIX,Consumer Services,undefined,NO,NO,United States,United States,1483
South Jersey Industries Inc.,SJI,Utilities,Gas Distribution,NO,NO,United States,United States,SJI
J.M. Smucker Co.,SJM,Consumer Goods,Food Products,NO,NO,United States,United States,SJM
Shaw Communications Inc. Cl B NV,SJR,Consumer Services,Broadcasting and Entertainment,NO,NO,Canada,Canada,SJR
SJW Corp.,SJW,Utilities,Water,NO,NO,United States,United States,SJW
Skilled Healthcare Group Inc. Cl A,SKH,Health Care,Health Care Providers,NO,NO,United States,United States,SKH
SK Telecom Co. Ltd.,SKM,Telecommunications,Mobile Telecommunications,NO,NO,South Korea,Asia-Pacific,SKM
Saks Inc.,SKS,Consumer Services,Apparel Retailers,NO,NO,United States,United States,SKS
Tanger Factory Outlet Centers Inc.,SKT,Financials,Retail Real Estate Investment Trusts,NO,NO,United States,United States,SKT
Skechers USA Inc. Cl A,SKX,Consumer Goods,Footwear,NO,NO,United States,United States,SKX
Skyline Corp.,SKY,Consumer Goods,Home Construction,NO,NO,United States,United States,SKY
Schlumberger Ltd.,SLB,Oil and Gas,Oil Equipment and Services,YES,NO,United States,United States,SLB
Sara Lee Corp.,SLE,Consumer Goods,Food Products,YES,NO,United States,United States,SLE
Sun Life Financial Inc.,SLF,Financials,Life Insurance,NO,NO,Canada,Canada,SLF
SL Green Realty Corp.,SLG,Financials,Industrial and Office Real Estate Investment Trusts,NO,NO,United States,United States,SLG
Solera Holdings Inc.,SLH,Technology,Software,NO,NO,United States,United States,SLH
Sterlite Industries (India) Ltd.,SLT,Basic Materials,Nonferrous Metals,NO,NO,India,Asia-Pacific,SLT
Silver Wheaton Corp.,SLW,Basic Materials,Platinum and Precious Metals,NO,NO,Canada,Canada,SLW
St. Mary Land & Exploration Co.,SM,Oil and Gas,Exploration and Production,NO,NO,United States,United States,SM
Symmetry Medical Inc.,SMA,Health Care,Medical Equipment,NO,NO,United States,United States,SMA
Sumitomo Mitsui Financial Group Inc.,SMFG,Financials,undefined,NO,NO,Japan,Asia-Pacific,1503
Scotts Miracle-Gro Co.,SMG,Consumer Goods,Nondurable Household Products,NO,NO,United States,United States,SMG
Semiconductor Manufacturing International Cor,SMI,Technology,Semiconductors,NO,NO,China,Asia-Pacific,SMI
Standard Motor Products Inc.,SMP,Consumer Goods,Auto Parts,NO,NO,United States,United States,SMP
Sims Metal Management Ltd.,SMS,Industrials,Waste and Disposal Services,NO,NO,Australia,Asia-Pacific,SMS
Sanchez Energy Corp.,SN,Oil and Gas,undefined,NO,NO,United States,United States,1508
Snap-On Inc.,SNA,Consumer Goods,Durable Household Products,YES,NO,United States,United States,SNA
Sony Corp.,SNE,Consumer Goods,Consumer Electronics,NO,NO,Japan,Asia-Pacific,SNE
Senior Housing Properties Trust,SNH,Financials,Specialty Real Estate Investment Trusts,NO,NO,United States,United States,SNH
Scripps Networks Interactive Inc. Cl A,SNI,Consumer Services,Broadcasting and Entertainment,YES,NO,United States,United States,SNI
Smith & Nephew PLC,SNN,Health Care,Medical Equipment,NO,NO,United Kingdom,Europe,SNN
China Petroleum & Chemical Corp.,SNP,Oil and Gas,Integrated Oil and Gas,NO,NO,China,Asia-Pacific,SNP
Synovus Financial Corp.,SNV,Financials,Banks,NO,NO,United States,United States,SNV
SYNNEX Corp.,SNX,Technology,Computer Hardware,NO,NO,United States,United States,SNX
Sanofi-Aventis,SNY,Health Care,Pharmaceuticals,NO,NO,France,Europe,SNY
Southern Co.,SO,Utilities,Conventional Electricity,YES,NO,United States,United States,SO
Solutia Inc.,SOA,Basic Materials,Specialty Chemicals,NO,NO,United States,United States,SOA
ReneSola Ltd.,SOL,Oil and Gas,Renewable Energy Equipment,NO,NO,China,Asia-Pacific,SOL
Sonoco Products Co.,SON,Industrials,Containers and Packaging,NO,NO,United States,United States,SON
Sparton Corp.,SPA,Industrials,Electrical Components and Equipment,NO,NO,United States,United States,SPA
Spectrum Brands Holdings Inc.,SPB,Consumer Goods,undefined,NO,NO,United States,United States,1523
Standard Pacific Corp.,SPF,Consumer Goods,Home Construction,NO,NO,United States,United States,SPF
Simon Property Group Inc.,SPG,Financials,Retail Real Estate Investment Trusts,YES,NO,United States,United States,SPG
Superior Energy Services Inc.,SPN,Oil and Gas,Oil Equipment and Services,NO,NO,United States,United States,SPN
Sappi Ltd.,SPP,Basic Materials,Paper,NO,NO,South Africa,MidEast-Africa,SPP
Spirit AeroSystems Hldgs Inc. Cl A,SPR,Industrials,Aerospace,NO,NO,United States,United States,SPR
SPX Corp.,SPW,Industrials,Industrial Machinery,NO,NO,United States,United States,SPW
Sociedad Quimica y Minera De Chile S.A.,SQM,Basic Materials,Specialty Chemicals,NO,NO,Chile,Latin America,SQM
Sequans Communications S.A.,SQNS,Technology,undefined,NO,NO,France,Europe,1531
Standard Register Co.,SR,Industrials,Business Support Services,NO,NO,United States,United States,SR
Sempra Energy,SRE,Utilities,Multiutilities,YES,NO,United States,United States,SRE
Stoneridge Inc.,SRI,Consumer Goods,Auto Parts,NO,NO,United States,United States,SRI
Startek Inc.,SRT,Industrials,Business Support Services,NO,NO,United States,United States,SRT
Sunrise Senior Living Inc.,SRZ,Health Care,Health Care Providers,NO,NO,United States,United States,SRZ
Simpson Manufacturing Co.,SSD,Industrials,Building Materials and Fixtures,NO,NO,United States,United States,SSD
Stage Stores Inc.,SSI,Consumer Services,Apparel Retailers,NO,NO,United States,United States,SSI
Sasol Ltd.,SSL,Oil and Gas,Integrated Oil and Gas,NO,NO,South Africa,MidEast-Africa,SSL
E.W. Scripps Co. Cl A,SSP,Consumer Services,Publishing,NO,NO,United States,United States,SSP
Sovran Self Storage Inc.,SSS,Financials,Specialty Real Estate Investment Trusts,NO,NO,United States,United States,SSS
Seaspan Corp.,SSW,Industrials,Marine Transportation,NO,NO,Canada,Canada,SSW
STAG Industrial Inc.,STAG,Financials,undefined,NO,NO,United States,United States,1543
Stewart Information Services Corp.,STC,Financials,Mortgage Finance,NO,NO,United States,United States,STC
Banco Santander S.A.,STD,Financials,Banks,NO,NO,Spain,Europe,STD
Steris Corp.,STE,Health Care,Medical Equipment,NO,NO,United States,United States,STE
SunTrust Banks Inc.,STI,Financials,Banks,YES,NO,United States,United States,STI
St. Jude Medical Inc.,STJ,Health Care,Medical Equipment,YES,NO,United States,United States,STJ
Sterling Bancorp,STL,Financials,Banks,NO,NO,United States,United States,STL
STMicroelectronics N.V.,STM,Technology,Semiconductors,NO,NO,Italy,Europe,STM
Stantec Inc.,STN,Industrials,Business Support Services,NO,NO,Canada,Canada,STN
Scorpio Tankers Inc.,STNG,Industrials,undefined,NO,NO,United States,United States,1552
Statoil ASA,STO,Oil and Gas,Integrated Oil and Gas,NO,NO,Norway,Europe,STO
Suntech Power Holdings Co. Ltd.,STP,Oil and Gas,Renewable Energy Equipment,NO,NO,China,Asia-Pacific,STP
Questar Corp.,STR,Utilities,Gas Distribution,YES,NO,United States,United States,STR
STR Holdings Inc.,STRI,Oil and Gas,Renewable Energy Equipment,NO,NO,United States,United States,STRI
State Street Corp.,STT,Financials,Asset Managers,YES,NO,United States,United States,STT
China Digital TV Holding Co. Ltd.,STV,Industrials,Electronic Equipment,NO,NO,United States,United States,STV
Starwood Property Trust Inc.,STWD,Financials,Mortgage Real Estate Investment Trusts,NO,NO,United States,United States,STWD
Constellation Brands Inc. Cl A,STZ,Consumer Goods,Distillers and Vintners,YES,NO,United States,United States,STZ
Constellation Brands Inc. Cl B,STZ-B,Consumer Goods,Distillers and Vintners,NO,NO,United States,United States,STZ-B
Suncor Energy Inc.,SU,Oil and Gas,Integrated Oil and Gas,NO,NO,Canada,Canada,SU
Southern Union Co.,SUG,Oil and Gas,Exploration and Production,NO,NO,United States,United States,SUG
Sun Communities Inc.,SUI,Financials,Residential Real Estate Investment Trusts,NO,NO,United States,United States,SUI
Sunoco Inc.,SUN,Oil and Gas,Exploration and Production,YES,NO,United States,United States,SUN
Superior Industries International Inc.,SUP,Consumer Goods,Auto Parts,NO,NO,United States,United States,SUP
Silvercorp Metals Inc.,SVM,Basic Materials,Platinum and Precious Metals,NO,NO,Canada,Canada,SVM
7 Days Group Holdings Ltd.,SVN,Consumer Services,Hotels,NO,NO,China,Asia-Pacific,SVN
Supervalu Inc.,SVU,Consumer Services,Food Retailers and Wholesalers,YES,NO,United States,United States,SVU
Stillwater Mining Co.,SWC,Basic Materials,Platinum and Precious Metals,NO,NO,United States,United States,SWC
Swift Transportation Co. Cl A,SWFT,Industrials,undefined,NO,NO,United States,United States,1571
SolarWinds Inc.,SWI,Technology,Software,NO,NO,United States,United States,SWI
Stanley Black & Decker Inc,SWK,Consumer Goods,Durable Household Products,YES,NO,United States,United States,SWK
Schweitzer-Mauduit International Inc.,SWM,Consumer Goods,Tobacco,NO,NO,United States,United States,SWM
Southwestern Energy Co.,SWN,Oil and Gas,Exploration and Production,YES,NO,United States,United States,SWN
SWS Group Inc.,SWS,Financials,Investment Services,NO,NO,United States,United States,SWS
Southwest Gas Corp.,SWX,Utilities,Gas Distribution,NO,NO,United States,United States,SWX
Safeway Inc.,SWY,Consumer Services,Food Retailers and Wholesalers,YES,NO,United States,United States,SWY
SunCoke Energy Inc.,SXC,Basic Materials,undefined,NO,NO,United States,United States,1579
Standex International Corp.,SXI,Industrials,Industrial Machinery,NO,NO,United States,United States,SXI
Sensient Technologies Corp.,SXT,Basic Materials,Specialty Chemicals,NO,NO,United States,United States,SXT
Symetra Financial Corp.,SYA,Financials,Insurance,NO,NO,United States,United States,SYA
Stryker Corp.,SYK,Health Care,Medical Equipment,YES,NO,United States,United States,SYK
Syswin Inc.,SYSW,Financials,undefined,NO,NO,China,Asia-Pacific,1584
Syngenta AG,SYT,Basic Materials,Specialty Chemicals,NO,NO,Switzerland,Europe,SYT
Systemax Inc.,SYX,Technology,Computer Hardware,NO,NO,United States,United States,SYX
Sysco Corp.,SYY,Consumer Services,Food Retailers and Wholesalers,YES,NO,United States,United States,SYY
AT&T Inc.,T,Telecommunications,Fixed Line Telecommunications,YES,YES,United States,United States,T
Transalta Corp.,TAC,Utilities,Conventional Electricity,NO,NO,Canada,Canada,TAC
TAL International Group Inc.,TAL,Industrials,Transportation Services,NO,NO,United States,United States,TAL
Taomee Holdings Ltd.,TAOM,Consumer Goods,undefined,NO,NO,China,Asia-Pacific,1591
Molson Coors Brewing Co. Cl B,TAP,Consumer Goods,Brewers,YES,NO,United States,United States,TAP
Molson Coors Brewing Co. Cl A,TAP-A,Consumer Goods,undefined,NO,NO,United States,United States,1593
TrueBlue Inc.,TBI,Industrials,Business Training and Employment Agencies,NO,NO,United States,United States,TBI
Thompson Creek Metals Co. Inc.,TC,Basic Materials,General Mining,NO,NO,United States,United States,TC
TCF Financial Corp.,TCB,Financials,Banks,NO,NO,United States,United States,TCB
Transcontinental Realty Investors,TCI,Financials,Real Estate Holding and Development,NO,NO,United States,United States,TCI
Teck Resources Ltd.,TCK,Basic Materials,Nonferrous Metals,NO,NO,Canada,Canada,TCK
Tata Communications Ltd.,TCL,Telecommunications,Fixed Line Telecommunications,NO,NO,India,Asia-Pacific,TCL
Taubman Centers Inc.,TCO,Financials,Retail Real Estate Investment Trusts,NO,NO,United States,United States,TCO
Toronto-Dominion Bank,TD,Financials,Banks,NO,NO,Canada,Canada,TD
Teradata Corp.,TDC,Technology,Computer Services,YES,NO,United States,United States,TDC
TransDigm Group Inc.,TDG,Industrials,Aerospace,NO,NO,United States,United States,TDG
Telephone & Data Systems Inc.,TDS,Telecommunications,Mobile Telecommunications,NO,NO,United States,United States,TDS
Telephone & Data Systems Inc. Cl S,TDS-S,Telecommunications,Mobile Telecommunications,NO,NO,United States,United States,TDS-S
Tidewater Inc.,TDW,Oil and Gas,Oil Equipment and Services,NO,NO,United States,United States,TDW
Teledyne Technologies Inc.,TDY,Industrials,Aerospace,NO,NO,United States,United States,TDY
Teco Energy Inc.,TE,Utilities,Conventional Electricity,YES,NO,United States,United States,TE
Teavana Holdings Inc.,TEA,Consumer Services,undefined,NO,NO,United States,United States,1609
Telefonica S.A.,TEF,Telecommunications,Fixed Line Telecommunications,NO,NO,Spain,Europe,TEF
Integrys Energy Group Inc.,TEG,Utilities,Multiutilities,YES,NO,United States,United States,TEG
Tyco Electronics Ltd.,TEL,Industrials,Electrical Components and Equipment,NO,NO,United States,United States,TEL
Tenneco Inc.,TEN,Consumer Goods,Auto Parts,NO,NO,United States,United States,TEN
Telecom Argentina S.A.,TEO,Telecommunications,Fixed Line Telecommunications,NO,NO,Argentina,Latin America,TEO
Teradyne Inc.,TER,Technology,Semiconductors,YES,NO,United States,United States,TER
Box Ships Inc.,TEU,Industrials,undefined,NO,NO,United States,United States,1616
Terex Corp.,TEX,Industrials,Commerical Vehicles and Trucks,NO,NO,United States,United States,TEX
Teleflex Inc.,TFX,Industrials,Diversified Industrials,NO,NO,United States,United States,TFX
Tredegar Corp.,TG,Basic Materials,Specialty Chemicals,NO,NO,United States,United States,TG
Textainer Group Holdings Ltd.,TGH,Industrials,Transportation Services,NO,NO,United States,United States,TGH
Triumph Group Inc.,TGI,Industrials,Aerospace,NO,NO,United States,United States,TGI
Transportadora de Gas del Sur S.A.,TGS,Oil and Gas,Pipelines,NO,NO,Argentina,Latin America,TGS
Target Corp.,TGT,Consumer Services,Broadline Retailers,YES,NO,United States,United States,TGT
Theragenics Corp.,TGX,Health Care,Medical Supplies,NO,NO,United States,United States,TGX
Tenet Healthcare Corp.,THC,Health Care,Health Care Providers,YES,NO,United States,United States,THC
Hanover Insurance Group Inc.,THG,Financials,Property and Casualty Insurance,NO,NO,United States,United States,THG
Tim Hortons Inc.,THI,Consumer Services,Restaurants and Bars,NO,NO,Canada,Canada,THI
Thor Industries Inc.,THO,Consumer Goods,Recreational Products,NO,NO,United States,United States,THO
Thermon Group Holdings Inc.,THR,Industrials,undefined,NO,NO,United States,United States,1629
TreeHouse Foods Inc.,THS,Consumer Goods,Food Products,NO,NO,United States,United States,THS
Telecom Italia S.p.A.,TI,Telecommunications,Fixed Line Telecommunications,NO,NO,Italy,Europe,TI
Titanium Metals Corp.,TIE,Basic Materials,Nonferrous Metals,YES,NO,United States,United States,TIE
Tiffany & Co.,TIF,Consumer Services,Specialty Retailers,YES,NO,United States,United States,TIF
Temple-Inland Inc.,TIN,Industrials,Containers and Packaging,NO,NO,United States,United States,TIN
TJX Cos.,TJX,Consumer Services,Apparel Retailers,YES,NO,United States,United States,TJX
Teekay Corp.,TK,Industrials,Marine Transportation,NO,NO,United States,United States,TK
Turkcell Iletisim Hizmetleri A.S.,TKC,Telecommunications,Mobile Telecommunications,NO,NO,Turkey,MidEast-Africa,TKC
Timken Co.,TKR,Industrials,Industrial Machinery,NO,NO,United States,United States,TKR
Talbots Inc.,TLB,Consumer Services,Apparel Retailers,NO,NO,United States,United States,TLB
Telekomunikasi Indonesia,TLK,Telecommunications,Fixed Line Telecommunications,NO,NO,Indonesia,Asia-Pacific,TLK
Talisman Energy Inc.,TLM,Oil and Gas,Exploration and Production,NO,NO,Canada,Canada,TLM
Toyota Motor Corp.,TM,Consumer Goods,Automobiles,NO,NO,Japan,Asia-Pacific,TM
Team Health Holding Inc.,TMH,Health Care,Health Care,NO,NO,United States,United States,TMH
Torchmark Corp.,TMK,Financials,Life Insurance,YES,NO,United States,United States,TMK
Grupo TMM S.A.B.,TMM,Industrials,Transportation Services,NO,NO,Mexico,Latin America,TMM
Thermo Fisher Scientific Inc.,TMO,Health Care,Medical Equipment,YES,NO,United States,United States,TMO
TMS International Corp. Cl A,TMS,Basic Materials,undefined,NO,NO,United States,United States,1647
Telefonos de Mexico S.A.B. de C.V.,TMX,Telecommunications,Fixed Line Telecommunications,NO,NO,Mexico,Latin America,TMX
Thomas & Betts Corp.,TNB,Industrials,Electrical Components and Equipment,NO,NO,United States,United States,TNB
Tennant Co.,TNC,Industrials,Commerical Vehicles and Trucks,NO,NO,United States,United States,TNC
Teekay Tankers Ltd.,TNK,Oil and Gas,Oil Equipment and Services,NO,NO,Greece,Europe,TNK
Tsakos Energy Navigation Ltd.,TNP,Industrials,Marine Transportation,NO,NO,Greece,Europe,TNP
TNS Inc.,TNS,Technology,Telecommunications Equipment,NO,NO,United States,United States,TNS
Toll Brothers Inc.,TOL,Consumer Goods,Home Construction,NO,NO,United States,United States,TOL
Total S.A.,TOT,Oil and Gas,Integrated Oil and Gas,NO,NO,France,Europe,TOT
Tower International Inc.,TOWR,Consumer Goods,undefined,NO,NO,United States,United States,1656
Tutor Perini Corp.,TPC,Industrials,Heavy Construction,NO,NO,United States,United States,TPC
Texas Pacific Land Trust Sub Share Ctf,TPL,Oil and Gas,Exploration and Production,NO,NO,United States,United States,TPL
Tempur-Pedic International Inc.,TPX,Consumer Goods,Furnishings,NO,NO,United States,United States,TPX
Tootsie Roll Industries Inc.,TR,Consumer Goods,Food Products,NO,NO,United States,United States,TR
Tejon Ranch Co.,TRC,Financials,Real Estate Holding and Development,NO,NO,United States,United States,TRC
Trex Co. Inc.,TREX,Industrials,Building Materials and Fixtures,NO,NO,United States,United States,TREX
Targa Resources Corp.,TRGP,Oil and Gas,undefined,NO,NO,United States,United States,1663
TransAtlantic Holdings Inc.,TRH,Financials,Reinsurance,NO,NO,United States,United States,TRH
Thomson Reuters Corp.,TRI,Consumer Services,Publishing,NO,NO,Canada,Canada,TRI
Speedway Motorsports Inc.,TRK,Consumer Services,Recreational Services,NO,NO,United States,United States,TRK
Trinity Industries Inc.,TRN,Industrials,Commerical Vehicles and Trucks,NO,NO,United States,United States,TRN
Terreno Realty Corp.,TRNO,Financials,undefined,NO,NO,United States,United States,1668
TransCanada Corp.,TRP,Oil and Gas,Pipelines,NO,NO,Canada,Canada,TRP
TRC Cos. Inc.,TRR,Industrials,Heavy Construction,NO,NO,United States,United States,TRR
Travelers Cos. Inc.,TRV,Financials,Property and Casualty Insurance,YES,YES,United States,United States,TRV
TRW Automotive Holdings Corp.,TRW,Consumer Goods,Auto Parts,NO,NO,United States,United States,TRW
Tenaris S.A.,TS,Basic Materials,Iron and Steel,NO,NO,Italy,Europe,TS
Trina Solar Ltd.,TSL,Oil and Gas,Renewable Energy Equipment,NO,NO,China,Asia-Pacific,TSL
Taiwan Semiconductor Manufacturing Co.,TSM,Technology,Semiconductors,NO,NO,Taiwan,Asia-Pacific,TSM
Tyson Foods Inc. Cl A,TSN,Consumer Goods,Food Products,YES,NO,United States,United States,TSN
Tesoro Corp.,TSO,Oil and Gas,Exploration and Production,YES,NO,United States,United States,TSO
Total System Services Inc.,TSS,Industrials,Financial Administration,YES,NO,United States,United States,TSS
Toro Co.,TTC,Industrials,Commerical Vehicles and Trucks,NO,NO,United States,United States,TTC
Tetra Technologies Inc.,TTI,Oil and Gas,Oil Equipment and Services,NO,NO,United States,United States,TTI
Tata Motors Ltd.,TTM,Industrials,Commerical Vehicles and Trucks,NO,NO,India,Asia-Pacific,TTM
TELUS Corp. Non Voting shares,TU,Telecommunications,Fixed Line Telecommunications,NO,NO,Canada,Canada,TU
Mac-Gray Corp.,TUC,Consumer Services,Specialized Consumer Services,NO,NO,United States,United States,TUC
Tupperware Brands Corp.,TUP,Consumer Goods,Durable Household Products,NO,NO,United States,United States,TUP
Grupo Televisa S.A. de C.V.,TV,Consumer Services,Broadcasting and Entertainment,NO,NO,Mexico,Latin America,TV
Lin TV Corp.,TVL,Consumer Services,Broadcasting and Entertainment,NO,NO,United States,United States,TVL
Towers Watson & Co. Cl A,TW,Industrials,Industrial Goods and Services,NO,NO,United States,United States,TW
Time Warner Cable Inc.,TWC,Consumer Services,Broadcasting and Entertainment,YES,NO,United States,United States,TWC
Titan International Inc.,TWI,Consumer Goods,Tires,NO,NO,United States,United States,TWI
Two Harbors Investment Corp.,TWO,Financials,undefined,NO,NO,United States,United States,1690
Time Warner Inc.,TWX,Consumer Services,Broadcasting and Entertainment,YES,NO,United States,United States,TWX
TERNIUM S.A.,TX,Basic Materials,Iron and Steel,NO,NO,Mexico,Latin America,TX
Texas Industries Inc.,TXI,Industrials,Building Materials and Fixtures,NO,NO,United States,United States,TXI
Texas Instruments Inc.,TXN,Technology,Semiconductors,YES,NO,United States,United States,TXN
Textron Inc.,TXT,Industrials,Aerospace,YES,NO,United States,United States,TXT
Tyco International Ltd.,TYC,Industrials,Diversified Industrials,NO,NO,United States,United States,TYC
Tyler Technologies Inc.,TYL,Technology,Computer Services,NO,NO,United States,United States,TYL
Under Armour Inc. Cl A,UA,Consumer Goods,Clothing and Accessories,NO,NO,United States,United States,UA
United Continental Holdings Inc.,UAL,Consumer Services,undefined,NO,NO,United States,United States,1699
Universal American Corp.,UAM,Health Care,Health Care Providers,NO,NO,United States,United States,UAM
Urstadt Biddle Properties Inc. Cl A,UBA,Financials,Retail Real Estate Investment Trusts,NO,NO,United States,United States,UBA
Urstadt Biddle Properties Inc.,UBP,Financials,Retail Real Estate Investment Trusts,NO,NO,United States,United States,UBP
UBS AG,UBS,Financials,Banks,NO,NO,Switzerland,Europe,UBS
UDR Inc.,UDR,Financials,Residential Real Estate Investment Trusts,NO,NO,United States,United States,UDR
Unifi Inc.,UFI,Consumer Goods,Clothing and Accessories,NO,NO,United States,United States,UFI
Domtar Corp.,UFS,Basic Materials,Paper,NO,NO,United States,United States,UFS
UGI Corp.,UGI,Utilities,Gas Distribution,NO,NO,United States,United States,UGI
Universal Health Services Inc. Cl B,UHS,Health Care,Health Care Providers,NO,NO,United States,United States,UHS
Universal Health Realty Income Trust,UHT,Financials,Specialty Real Estate Investment Trusts,NO,NO,United States,United States,UHT
UIL Holdings Corp.,UIL,Utilities,Conventional Electricity,NO,NO,United States,United States,UIL
Unisys Corp.,UIS,Technology,Computer Services,NO,NO,United States,United States,UIS
Unilever PLC,UL,Consumer Goods,Food Products,NO,NO,United Kingdom,Europe,UL
United Microelectronics Corp.,UMC,Technology,Semiconductors,NO,NO,Taiwan,Asia-Pacific,UMC
Unilever N.V.,UN,Consumer Goods,Food Products,NO,NO,Netherlands,Europe,UN
UniFirst Corp.,UNF,Industrials,Business Support Services,NO,NO,United States,United States,UNF
UnitedHealth Group Inc.,UNH,Health Care,Health Care Providers,YES,NO,United States,United States,UNH
Unum Group,UNM,Financials,Life Insurance,YES,NO,United States,United States,UNM
Union Pacific Corp.,UNP,Industrials,Railroads,YES,NO,United States,United States,UNP
UniSource Energy Corp.,UNS,Utilities,Conventional Electricity,NO,NO,United States,United States,UNS
Unit Corp.,UNT,Oil and Gas,Oil Equipment and Services,NO,NO,United States,United States,UNT
Ultra Petroleum Corp.,UPL,Oil and Gas,Exploration and Production,NO,NO,United States,United States,UPL
United Parcel Service Inc. Cl B,UPS,Industrials,Delivery Services,YES,NO,United States,United States,UPS
United Rentals Inc.,URI,Industrials,Business Support Services,NO,NO,United States,United States,URI
URS Corp.,URS,Industrials,Business Support Services,NO,NO,United States,United States,URS
U.S. Bancorp,USB,Financials,Banks,YES,NO,United States,United States,USB
USG Corp.,USG,Industrials,Building Materials and Fixtures,NO,NO,United States,United States,USG
U.S. Cellular Corp.,USM,Telecommunications,Mobile Telecommunications,NO,NO,United States,United States,USM
USANA Health Sciences Inc.,USNA,Consumer Goods,undefined,NO,NO,United States,United States,1728
USEC Inc.,USU,Basic Materials,Nonferrous Metals,NO,NO,United States,United States,USU
Universal Travel Group,UTA,Consumer Services,Travel and Tourism,NO,NO,United States,United States,UTA
Universal Technical Institute Inc.,UTI,Industrials,Business Training and Employment Agencies,NO,NO,United States,United States,UTI
Unitil Corp.,UTL,Utilities,Conventional Electricity,NO,NO,United States,United States,UTL
United Technologies Corp.,UTX,Industrials,Aerospace,YES,YES,United States,United States,UTX
Universal Corp.,UVV,Consumer Goods,Tobacco,NO,NO,United States,United States,UVV
US Gold Corp.,UXG,Basic Materials,undefined,NO,NO,United States,United States,1735
VISA Inc. Cl A,V,Financials,Consumer Finance,NO,NO,United States,United States,V
Marriott Vacations Worldwide Corp.,VAC,Consumer Services,undefined,NO,NO,United States,United States,1737
Valspar Corp.,VAL,Basic Materials,Specialty Chemicals,NO,NO,United States,United States,VAL
Vale S.A.,VALE,Basic Materials,Iron and Steel,NO,NO,Brazil,Latin America,VALE
Varian Medical Systems Inc.,VAR,Health Care,Medical Equipment,YES,NO,United States,United States,VAR
Visteon Corp.,VC,Consumer Goods,undefined,NO,NO,United States,United States,1741
Valassis Communications Inc.,VCI,Consumer Services,Media Agencies,NO,NO,United States,United States,VCI
Vina Concha y Toro S.A.,VCO,Consumer Goods,Distillers and Vintners,NO,NO,Chile,Latin America,VCO
Veolia Environnement,VE,Utilities,Water,NO,NO,France,Europe,VE
VF Corp.,VFC,Consumer Goods,Clothing and Accessories,YES,NO,United States,United States,VFC
Vonage Holdings Corp.,VG,Telecommunications,Fixed Line Telecommunications,NO,NO,United States,United States,VG
Vector Group Ltd.,VGR,Consumer Goods,Tobacco,NO,NO,United States,United States,VGR
Valhi Inc.,VHI,Basic Materials,Specialty Chemicals,NO,NO,United States,United States,VHI
Vanguard Health Systems Inc.,VHS,Health Care,undefined,NO,NO,United States,United States,1749
Vimpel Communications,VIP,Telecommunications,Mobile Telecommunications,NO,NO,Russia,Asia-Pacific,VIP
Vanceinfo Technologies Inc.,VIT,Technology,Software,NO,NO,China,Asia-Pacific,VIT
Valero Energy Corp.,VLO,Oil and Gas,Exploration and Production,YES,NO,United States,United States,VLO
Valley National Bancorp,VLY,Financials,Banks,NO,NO,United States,United States,VLY
Vulcan Materials Co.,VMC,Industrials,Building Materials and Fixtures,YES,NO,United States,United States,VMC
Valmont Industries Inc.,VMI,Industrials,Building Materials and Fixtures,NO,NO,United States,United States,VMI
VMware Inc.,VMW,Technology,Software,NO,NO,United States,United States,VMW
Vornado Realty Trust,VNO,Financials,Industrial and Office Real Estate Investment Trusts,YES,NO,United States,United States,VNO
Vishay Precision Group Inc.,VPG,Industrials,undefined,NO,NO,United States,United States,1758
Venoco Inc.,VQ,Oil and Gas,Exploration and Production,NO,NO,United States,United States,VQ
Validus Holdings Ltd.,VR,Financials,Reinsurance,NO,NO,United States,United States,VR
Verso Paper Corp.,VRS,Basic Materials,Paper,NO,NO,United States,United States,VRS
Valeant Pharmaceuticals International,VRX,Health Care,Pharmaceuticals,NO,NO,United States,United States,VRX
Vishay Intertechnology Inc.,VSH,Industrials,Electrical Components and Equipment,NO,NO,United States,United States,VSH
Vitamin Shoppe Inc.,VSI,Consumer Services,Food Retailers and Wholesalers,NO,NO,United States,United States,VSI
Ventas Inc.,VTR,Financials,Specialty Real Estate Investment Trusts,YES,NO,United States,United States,VTR
Vectren Corp.,VVC,Utilities,Multiutilities,NO,NO,United States,United States,VVC
Viad Corp.,VVI,Industrials,Business Support Services,NO,NO,United States,United States,VVI
Verizon Communications Inc.,VZ,Telecommunications,Fixed Line Telecommunications,YES,YES,United States,United States,VZ
Wabtec,WAB,Industrials,Commerical Vehicles and Trucks,NO,NO,United States,United States,WAB
Walgreen Co.,WAG,Consumer Services,Drug Retailers,YES,NO,United States,United States,WAG
Wesco Aircraft Holdings Inc.,WAIR,Industrials,undefined,NO,NO,United States,United States,1771
Western Alliance Bancorp.,WAL,Financials,Banks,NO,NO,United States,United States,WAL
Waters Corp.,WAT,Health Care,Medical Equipment,YES,NO,United States,United States,WAT
WABCO Holdings Inc.,WBC,Consumer Goods,Auto Parts,NO,NO,United States,United States,WBC
Westpac Banking Corp.,WBK,Financials,Banks,NO,NO,Australia,Asia-Pacific,WBK
Webster Financial Corp.,WBS,Financials,Banks,NO,NO,United States,United States,WBS
Wesco International Inc.,WCC,Industrials,Electrical Components and Equipment,NO,NO,United States,United States,WCC
WellCare Health Plans Inc.,WCG,Health Care,Health Care Providers,NO,NO,United States,United States,WCG
Waste Connections Inc.,WCN,Industrials,Waste and Disposal Services,NO,NO,United States,United States,WCN
Walker & Dunlop Inc.,WD,Financials,undefined,NO,NO,United States,United States,1780
Western Digital Corp.,WDC,Technology,Computer Hardware,YES,NO,United States,United States,WDC
Waddell & Reed Financial Inc.,WDR,Financials,Asset Managers,NO,NO,United States,United States,WDR
Wisconsin Energy Corp.,WEC,Utilities,Multiutilities,YES,NO,United States,United States,WEC
Woori Finance Holdings Co. Ltd.,WF,Financials,Banks,NO,NO,South Korea,Asia-Pacific,WF
Wells Fargo & Co.,WFC,Financials,Banks,YES,NO,United States,United States,WFC
MEMC Electronic Materials Inc.,WFR,Technology,Semiconductors,YES,NO,United States,United States,WFR
Weatherford International Ltd.,WFT,Oil and Gas,Oil Equipment and Services,NO,NO,United States,United States,WFT
Willbros Group Inc.,WG,Oil and Gas,Oil Equipment and Services,NO,NO,United States,United States,WG
WGL Holdings Inc.,WGL,Utilities,Gas Distribution,NO,NO,United States,United States,WGL
Winnebago Industries Inc.,WGO,Consumer Goods,Recreational Products,NO,NO,United States,United States,WGO
WSP Holdings Ltd.,WH,Oil and Gas,Oil Equipment and Services,NO,NO,China,Asia-Pacific,WH
Westwood Holdings Group Inc.,WHG,Financials,Asset Managers,NO,NO,United States,United States,WHG
Whirlpool Corp.,WHR,Consumer Goods,Durable Household Products,YES,NO,United States,United States,WHR
Wipro Ltd.,WIT,Technology,Computer Services,NO,NO,India,Asia-Pacific,WIT
Westlake Chemical Corp.,WLK,Basic Materials,Specialty Chemicals,NO,NO,United States,United States,WLK
Whiting Petroleum Corp.,WLL,Oil and Gas,Exploration and Production,NO,NO,United States,United States,WLL
WellPoint Inc.,WLP,Health Care,Health Care Providers,YES,NO,United States,United States,WLP
Walter Energy Inc.,WLT,Basic Materials,Coal,NO,NO,United States,United States,WLT
Waste Management Inc.,WM,Industrials,Waste and Disposal Services,YES,NO,United States,United States,WM
Williams Cos.,WMB,Oil and Gas,Pipelines,YES,NO,United States,United States,WMB
Weis Markets Inc.,WMK,Consumer Services,Food Retailers and Wholesalers,NO,NO,United States,United States,WMK
WMS Industries Inc.,WMS,Consumer Services,Gambling,NO,NO,United States,United States,WMS
Wal-Mart Stores Inc.,WMT,Consumer Services,Broadline Retailers,YES,YES,United States,United States,WMT
Wabash National Corp.,WNC,Industrials,Commerical Vehicles and Trucks,NO,NO,United States,United States,WNC
Schiff Nutrition International Inc. Cl A,WNI,Consumer Goods,Food Products,NO,NO,United States,United States,WNI
Western Refining Inc.,WNR,Oil and Gas,Exploration and Production,NO,NO,United States,United States,WNR
WNS (Holdings) Ltd.,WNS,Industrials,Business Support Services,NO,NO,India,Asia-Pacific,WNS
Worthington Industries Inc.,WOR,Basic Materials,Iron and Steel,NO,NO,United States,United States,WOR
Watson Pharmaceuticals Inc.,WPI,Health Care,Pharmaceuticals,YES,NO,United States,United States,WPI
Washington Post Co. Cl B,WPO,Consumer Services,Publishing,YES,NO,United States,United States,WPO
Wausau Paper Corp.,WPP,Basic Materials,Paper,NO,NO,United States,United States,WPP
Westar Energy Inc.,WR,Utilities,Conventional Electricity,NO,NO,United States,United States,WR
W.R. Berkley Corp.,WRB,Financials,Property and Casualty Insurance,NO,NO,United States,United States,WRB
Warnaco Group Inc.,WRC,Consumer Goods,Clothing and Accessories,NO,NO,United States,United States,WRC
Washington Real Estate Investment Trust,WRE,Financials,Diversified Real Estate Investment Trusts,NO,NO,United States,United States,WRE
Weingarten Realty Investors,WRI,Financials,Retail Real Estate Investment Trusts,NO,NO,United States,United States,WRI
Willis Group Holdings Ltd.,WSH,Financials,Insurance Brokers,NO,NO,United States,United States,WSH
Williams-Sonoma Inc.,WSM,Consumer Services,Specialty Retailers,NO,NO,United States,United States,WSM
Watsco Inc.,WSO,Industrials,Building Materials and Fixtures,NO,NO,United States,United States,WSO
West Pharmaceutical Services Inc.,WST,Health Care,Medical Supplies,NO,NO,United States,United States,WST
W&T Offshore Inc.,WTI,Oil and Gas,Exploration and Production,NO,NO,United States,United States,WTI
White Mountains Insurance Group Ltd.,WTM,Financials,Property and Casualty Insurance,NO,NO,United States,United States,WTM
Aqua America Inc.,WTR,Utilities,Water,NO,NO,United States,United States,WTR
Watts Water Technologies Inc. Cl A,WTS,Industrials,Building Materials and Fixtures,NO,NO,United States,United States,WTS
Weight Watchers International Inc.,WTW,Consumer Services,Specialized Consumer Services,NO,NO,United States,United States,WTW
Western Union Co.,WU,Financials,Consumer Finance,YES,NO,United States,United States,WU
World Wrestling Entertainment Inc. Cl A,WWE,Consumer Services,Recreational Services,NO,NO,United States,United States,WWE
Wolverine World Wide Inc.,WWW,Consumer Goods,Footwear,NO,NO,United States,United States,WWW
WuXi Pharmatech (Cayman) Inc.,WX,Health Care,Pharmaceuticals,NO,NO,China,Asia-Pacific,WX
Wright Express Corp.,WXS,Industrials,Financial Administration,NO,NO,United States,United States,WXS
Weyerhaeuser Co.,WY,Industrials,Building Materials and Fixtures,YES,NO,United States,United States,WY
Wyndham Worldwide Corp.,WYN,Consumer Services,Hotels,YES,NO,United States,United States,WYN
United States Steel Corp.,X,Basic Materials,Iron and Steel,YES,NO,United States,United States,X
EXCO Resources Inc.,XCO,Oil and Gas,Exploration and Production,NO,NO,United States,United States,XCO
Cimarex Energy Co.,XEC,Oil and Gas,Exploration and Production,NO,NO,United States,United States,XEC
Xcel Energy Inc.,XEL,Utilities,Conventional Electricity,YES,NO,United States,United States,XEL
Xinyuan Real Estate Co. Ltd.,XIN,Financials,Real Estate Holding and Development,NO,NO,China,Asia-Pacific,XIN
XL Capital Ltd. Cl A,XL,Financials,Property and Casualty Insurance,YES,NO,United States,United States,XL
Exelis Inc.,XLS,Industrials,undefined,NO,NO,United States,United States,1839
China Xiniya Fashion Ltd.,XNY,Consumer Goods,undefined,NO,NO,China,Asia-Pacific,1840
Exxon Mobil Corp.,XOM,Oil and Gas,Integrated Oil and Gas,YES,YES,United States,United States,XOM
XO Group Inc.,XOXO,Consumer Services,undefined,NO,NO,United States,United States,1842
Xerium Technologies Inc.,XRM,Industrials,Industrial Machinery,NO,NO,United States,United States,XRM
TAL Education Group,XRS,Consumer Services,undefined,NO,NO,China,Asia-Pacific,1844
Xerox Corp.,XRX,Technology,Electronic Office Equipment,YES,NO,United States,United States,XRX
Xueda Education Group,XUE,Consumer Services,undefined,NO,NO,China,Asia-Pacific,1846
Xylem Inc.,XYL,Utilities,undefined,NO,NO,United States,United States,1847
Alleghany Corp.,Y,Financials,Property and Casualty Insurance,NO,NO,United States,United States,Y
Yingli Green Energy Holding Co. Ltd.,YGE,Oil and Gas,Renewable Energy Equipment,NO,NO,China,Asia-Pacific,YGE
Youku Inc.,YOKU,Consumer Services,undefined,NO,NO,China,Asia-Pacific,1850
YPF S.A.,YPF,Oil and Gas,Integrated Oil and Gas,NO,NO,Argentina,Latin America,YPF
Yum! Brands Inc.,YUM,Consumer Services,Restaurants and Bars,YES,NO,United States,United States,YUM
Yanzhou Coal Mining Co. Ltd.,YZC,Basic Materials,Coal,NO,NO,China,Asia-Pacific,YZC
Zuoan Fashion Ltd.,ZA,Consumer Goods,undefined,NO,NO,China,Asia-Pacific,1854
Zep Inc.,ZEP,Basic Materials,Specialty Chemicals,NO,NO,United States,United States,ZEP
Zale Corp.,ZLC,Consumer Services,Apparel Retailers,NO,NO,United States,United States,ZLC
Zimmer Holdings Inc.,ZMH,Health Care,Medical Equipment,YES,NO,United States,United States,ZMH
China Southern Airlines Co. Ltd.,ZNH,Consumer Services,Airlines,NO,NO,China,Asia-Pacific,ZNH
Quiksilver Inc.,ZQK,Consumer Goods,Clothing and Accessories,NO,NO,United States,United States,ZQK
China Zenix Auto International Ltd.,ZX,Consumer Goods,undefined,NO,NO,China,Asia-Pacific,1860
Sealy Corp.,ZZ,Consumer Goods,Furnishings,NO,NO,United States,United States,ZZ